-- MariaDB dump 10.19  Distrib 10.5.22-MariaDB, for Linux (x86_64)
--
-- Host: localhost    Database: cacti
-- ------------------------------------------------------
-- Server version	10.5.22-MariaDB

/*!40101 SET @OLD_CHARACTER_SET_CLIENT=@@CHARACTER_SET_CLIENT */;
/*!40101 SET @OLD_CHARACTER_SET_RESULTS=@@CHARACTER_SET_RESULTS */;
/*!40101 SET @OLD_COLLATION_CONNECTION=@@COLLATION_CONNECTION */;
/*!40101 SET NAMES utf8mb4 */;
/*!40103 SET @OLD_TIME_ZONE=@@TIME_ZONE */;
/*!40103 SET TIME_ZONE='+00:00' */;
/*!40014 SET @OLD_UNIQUE_CHECKS=@@UNIQUE_CHECKS, UNIQUE_CHECKS=0 */;
/*!40014 SET @OLD_FOREIGN_KEY_CHECKS=@@FOREIGN_KEY_CHECKS, FOREIGN_KEY_CHECKS=0 */;
/*!40101 SET @OLD_SQL_MODE=@@SQL_MODE, SQL_MODE='NO_AUTO_VALUE_ON_ZERO' */;
/*!40111 SET @OLD_SQL_NOTES=@@SQL_NOTES, SQL_NOTES=0 */;

--
-- Table structure for table `aggregate_graph_templates`
--

DROP TABLE IF EXISTS `aggregate_graph_templates`;
/*!40101 SET @saved_cs_client     = @@character_set_client */;
/*!40101 SET character_set_client = utf8 */;
CREATE TABLE `aggregate_graph_templates` (
  `id` int(10) unsigned NOT NULL AUTO_INCREMENT,
  `name` varchar(64) NOT NULL,
  `graph_template_id` int(10) unsigned NOT NULL,
  `gprint_prefix` varchar(64) NOT NULL,
  `gprint_format` char(2) DEFAULT '',
  `graph_type` int(10) unsigned NOT NULL,
  `total` int(10) unsigned NOT NULL,
  `total_type` int(10) unsigned NOT NULL,
  `total_prefix` varchar(64) NOT NULL,
  `order_type` int(10) unsigned NOT NULL,
  `created` timestamp NOT NULL DEFAULT current_timestamp(),
  `user_id` int(10) unsigned NOT NULL,
  PRIMARY KEY (`id`),
  KEY `graph_template_id` (`graph_template_id`),
  KEY `user_id` (`user_id`)
) ENGINE=InnoDB COMMENT='Template Definitions for Aggregate Graphs';
/*!40101 SET character_set_client = @saved_cs_client */;

--
-- Table structure for table `aggregate_graph_templates_graph`
--

DROP TABLE IF EXISTS `aggregate_graph_templates_graph`;
/*!40101 SET @saved_cs_client     = @@character_set_client */;
/*!40101 SET character_set_client = utf8 */;
CREATE TABLE `aggregate_graph_templates_graph` (
  `aggregate_template_id` int(10) unsigned NOT NULL,
  `t_image_format_id` char(2) DEFAULT '',
  `image_format_id` tinyint(3) unsigned NOT NULL DEFAULT 0,
  `t_height` char(2) DEFAULT '',
  `height` mediumint(8) NOT NULL DEFAULT 0,
  `t_width` char(2) DEFAULT '',
  `width` mediumint(8) NOT NULL DEFAULT 0,
  `t_upper_limit` char(2) DEFAULT '',
  `upper_limit` varchar(20) NOT NULL DEFAULT '0',
  `t_lower_limit` char(2) DEFAULT '',
  `lower_limit` varchar(20) NOT NULL DEFAULT '0',
  `t_vertical_label` char(2) DEFAULT '',
  `vertical_label` varchar(200) DEFAULT '',
  `t_slope_mode` char(2) DEFAULT '',
  `slope_mode` char(2) DEFAULT 'on',
  `t_auto_scale` char(2) DEFAULT '',
  `auto_scale` char(2) DEFAULT '',
  `t_auto_scale_opts` char(2) DEFAULT '',
  `auto_scale_opts` tinyint(3) unsigned NOT NULL DEFAULT 0,
  `t_auto_scale_log` char(2) DEFAULT '',
  `auto_scale_log` char(2) DEFAULT '',
  `t_scale_log_units` char(2) DEFAULT '',
  `scale_log_units` char(2) DEFAULT '',
  `t_auto_scale_rigid` char(2) DEFAULT '',
  `auto_scale_rigid` char(2) DEFAULT '',
  `t_auto_padding` char(2) DEFAULT '',
  `auto_padding` char(2) DEFAULT '',
  `t_base_value` char(2) DEFAULT '',
  `base_value` mediumint(8) NOT NULL DEFAULT 0,
  `t_grouping` char(2) DEFAULT '',
  `grouping` char(2) NOT NULL DEFAULT '',
  `t_unit_value` char(2) DEFAULT '',
  `unit_value` varchar(20) DEFAULT '',
  `t_unit_exponent_value` char(2) DEFAULT '',
  `unit_exponent_value` varchar(5) NOT NULL DEFAULT '',
  `t_alt_y_grid` char(2) DEFAULT '',
  `alt_y_grid` char(2) DEFAULT NULL,
  `t_right_axis` char(2) DEFAULT '',
  `right_axis` varchar(20) DEFAULT NULL,
  `t_right_axis_label` char(2) DEFAULT '',
  `right_axis_label` varchar(200) DEFAULT NULL,
  `t_right_axis_format` char(2) DEFAULT '',
  `right_axis_format` mediumint(8) DEFAULT NULL,
  `t_right_axis_formatter` char(2) DEFAULT '',
  `right_axis_formatter` varchar(10) DEFAULT NULL,
  `t_left_axis_formatter` char(2) DEFAULT '',
  `left_axis_formatter` varchar(10) DEFAULT NULL,
  `t_no_gridfit` char(2) DEFAULT '',
  `no_gridfit` char(2) DEFAULT NULL,
  `t_unit_length` char(2) DEFAULT '',
  `unit_length` varchar(10) DEFAULT NULL,
  `t_tab_width` char(2) DEFAULT '',
  `tab_width` varchar(20) DEFAULT '30',
  `t_dynamic_labels` char(2) DEFAULT '',
  `dynamic_labels` char(2) DEFAULT NULL,
  `t_force_rules_legend` char(2) DEFAULT '',
  `force_rules_legend` char(2) DEFAULT NULL,
  `t_legend_position` char(2) DEFAULT '',
  `legend_position` varchar(10) DEFAULT NULL,
  `t_legend_direction` char(2) DEFAULT '',
  `legend_direction` varchar(10) DEFAULT NULL,
  PRIMARY KEY (`aggregate_template_id`)
) ENGINE=InnoDB COMMENT='Aggregate Template Graph Data';
/*!40101 SET character_set_client = @saved_cs_client */;

--
-- Table structure for table `aggregate_graph_templates_item`
--

DROP TABLE IF EXISTS `aggregate_graph_templates_item`;
/*!40101 SET @saved_cs_client     = @@character_set_client */;
/*!40101 SET character_set_client = utf8 */;
CREATE TABLE `aggregate_graph_templates_item` (
  `aggregate_template_id` int(10) unsigned NOT NULL,
  `graph_templates_item_id` int(10) unsigned NOT NULL,
  `sequence` mediumint(8) unsigned NOT NULL DEFAULT 0,
  `color_template` int(10) unsigned NOT NULL,
  `t_graph_type_id` char(2) DEFAULT '',
  `graph_type_id` tinyint(3) unsigned NOT NULL DEFAULT 0,
  `t_cdef_id` char(2) DEFAULT '',
  `cdef_id` mediumint(8) unsigned DEFAULT NULL,
  `item_skip` char(2) NOT NULL,
  `item_total` char(2) NOT NULL,
  PRIMARY KEY (`aggregate_template_id`,`graph_templates_item_id`)
) ENGINE=InnoDB COMMENT='Aggregate Template Graph Items';
/*!40101 SET character_set_client = @saved_cs_client */;

--
-- Table structure for table `aggregate_graphs`
--

DROP TABLE IF EXISTS `aggregate_graphs`;
/*!40101 SET @saved_cs_client     = @@character_set_client */;
/*!40101 SET character_set_client = utf8 */;
CREATE TABLE `aggregate_graphs` (
  `id` int(10) unsigned NOT NULL AUTO_INCREMENT,
  `aggregate_template_id` int(10) unsigned NOT NULL,
  `template_propogation` char(2) NOT NULL DEFAULT '',
  `local_graph_id` int(10) unsigned NOT NULL,
  `title_format` varchar(128) NOT NULL,
  `graph_template_id` int(10) unsigned NOT NULL,
  `gprint_prefix` varchar(64) NOT NULL,
  `gprint_format` char(2) DEFAULT '',
  `graph_type` int(10) unsigned NOT NULL,
  `total` int(10) unsigned NOT NULL,
  `total_type` int(10) unsigned NOT NULL,
  `total_prefix` varchar(64) NOT NULL,
  `order_type` int(10) unsigned NOT NULL,
  `created` timestamp NOT NULL DEFAULT current_timestamp() ON UPDATE current_timestamp(),
  `user_id` int(10) unsigned NOT NULL,
  PRIMARY KEY (`id`),
  KEY `aggregate_template_id` (`aggregate_template_id`),
  KEY `local_graph_id` (`local_graph_id`),
  KEY `title_format` (`title_format`),
  KEY `user_id` (`user_id`)
) ENGINE=InnoDB COMMENT='Aggregate Graph Definitions';
/*!40101 SET character_set_client = @saved_cs_client */;

--
-- Table structure for table `aggregate_graphs_graph_item`
--

DROP TABLE IF EXISTS `aggregate_graphs_graph_item`;
/*!40101 SET @saved_cs_client     = @@character_set_client */;
/*!40101 SET character_set_client = utf8 */;
CREATE TABLE `aggregate_graphs_graph_item` (
  `aggregate_graph_id` int(10) unsigned NOT NULL,
  `graph_templates_item_id` int(10) unsigned NOT NULL,
  `sequence` mediumint(8) unsigned NOT NULL DEFAULT 0,
  `color_template` int(10) unsigned NOT NULL,
  `t_graph_type_id` char(2) DEFAULT '',
  `graph_type_id` tinyint(3) unsigned NOT NULL DEFAULT 0,
  `t_cdef_id` char(2) DEFAULT '',
  `cdef_id` mediumint(8) unsigned DEFAULT NULL,
  `item_skip` char(2) NOT NULL,
  `item_total` char(2) NOT NULL,
  PRIMARY KEY (`aggregate_graph_id`,`graph_templates_item_id`)
) ENGINE=InnoDB COMMENT='Aggregate Graph Graph Items';
/*!40101 SET character_set_client = @saved_cs_client */;

--
-- Table structure for table `aggregate_graphs_items`
--

DROP TABLE IF EXISTS `aggregate_graphs_items`;
/*!40101 SET @saved_cs_client     = @@character_set_client */;
/*!40101 SET character_set_client = utf8 */;
CREATE TABLE `aggregate_graphs_items` (
  `aggregate_graph_id` int(10) unsigned NOT NULL,
  `local_graph_id` int(10) unsigned NOT NULL,
  `sequence` mediumint(8) unsigned NOT NULL DEFAULT 0,
  PRIMARY KEY (`aggregate_graph_id`,`local_graph_id`)
) ENGINE=InnoDB COMMENT='Aggregate Graph Items';
/*!40101 SET character_set_client = @saved_cs_client */;

--
-- Table structure for table `automation_devices`
--

DROP TABLE IF EXISTS `automation_devices`;
/*!40101 SET @saved_cs_client     = @@character_set_client */;
/*!40101 SET character_set_client = utf8 */;
CREATE TABLE `automation_devices` (
  `id` bigint(20) unsigned NOT NULL AUTO_INCREMENT,
  `network_id` int(10) unsigned NOT NULL DEFAULT 0,
  `hostname` varchar(100) NOT NULL DEFAULT '',
  `ip` varchar(17) NOT NULL DEFAULT '',
  `snmp_community` varchar(100) NOT NULL DEFAULT '',
  `snmp_version` tinyint(1) unsigned NOT NULL DEFAULT 1,
  `snmp_port` mediumint(5) unsigned NOT NULL DEFAULT 161,
  `snmp_username` varchar(50) DEFAULT NULL,
  `snmp_password` varchar(50) DEFAULT NULL,
  `snmp_auth_protocol` char(6) DEFAULT '',
  `snmp_priv_passphrase` varchar(200) DEFAULT '',
  `snmp_priv_protocol` char(7) DEFAULT '',
  `snmp_context` varchar(64) DEFAULT '',
  `snmp_engine_id` varchar(64) DEFAULT '',
  `sysName` varchar(100) NOT NULL DEFAULT '',
  `sysLocation` varchar(255) NOT NULL DEFAULT '',
  `sysContact` varchar(255) NOT NULL DEFAULT '',
  `sysDescr` varchar(255) NOT NULL DEFAULT '',
  `sysUpTime` bigint(20) unsigned NOT NULL DEFAULT 0,
  `os` varchar(64) NOT NULL DEFAULT '',
  `snmp` tinyint(3) unsigned NOT NULL DEFAULT 0,
  `known` tinyint(3) unsigned NOT NULL DEFAULT 0,
  `up` tinyint(3) unsigned NOT NULL DEFAULT 0,
  `time` int(10) unsigned NOT NULL DEFAULT 0,
  PRIMARY KEY (`id`),
  UNIQUE KEY `ip` (`ip`),
  KEY `hostname` (`hostname`)
) ENGINE=InnoDB COMMENT='Table of Discovered Devices';
/*!40101 SET character_set_client = @saved_cs_client */;

--
-- Table structure for table `automation_graph_rule_items`
--

DROP TABLE IF EXISTS `automation_graph_rule_items`;
/*!40101 SET @saved_cs_client     = @@character_set_client */;
/*!40101 SET character_set_client = utf8 */;
CREATE TABLE `automation_graph_rule_items` (
  `id` mediumint(8) unsigned NOT NULL AUTO_INCREMENT,
  `rule_id` mediumint(8) unsigned NOT NULL DEFAULT 0,
  `sequence` smallint(3) unsigned NOT NULL DEFAULT 0,
  `operation` smallint(3) unsigned NOT NULL DEFAULT 0,
  `field` varchar(255) NOT NULL DEFAULT '',
  `operator` smallint(3) unsigned NOT NULL DEFAULT 0,
  `pattern` varchar(255) NOT NULL DEFAULT '',
  PRIMARY KEY (`id`)
) ENGINE=InnoDB COMMENT='Automation Graph Rule Items';
/*!40101 SET character_set_client = @saved_cs_client */;

--
-- Dumping data for table `automation_graph_rule_items`
--

LOCK TABLES `automation_graph_rule_items` WRITE;
/*!40000 ALTER TABLE `automation_graph_rule_items` DISABLE KEYS */;
INSERT INTO `automation_graph_rule_items` VALUES (1,1,1,0,'ifOperStatus',7,'Up'),(2,1,2,1,'ifIP',16,''),(3,1,3,1,'ifHwAddr',16,''),(4,2,1,0,'ifOperStatus',7,'Up'),(5,2,2,1,'ifIP',16,''),(6,2,3,1,'ifHwAddr',16,'');
/*!40000 ALTER TABLE `automation_graph_rule_items` ENABLE KEYS */;
UNLOCK TABLES;

--
-- Table structure for table `automation_graph_rules`
--

DROP TABLE IF EXISTS `automation_graph_rules`;
/*!40101 SET @saved_cs_client     = @@character_set_client */;
/*!40101 SET character_set_client = utf8 */;
CREATE TABLE `automation_graph_rules` (
  `id` mediumint(8) unsigned NOT NULL AUTO_INCREMENT,
  `name` varchar(255) NOT NULL DEFAULT '',
  `snmp_query_id` smallint(3) unsigned NOT NULL DEFAULT 0,
  `graph_type_id` smallint(3) unsigned NOT NULL DEFAULT 0,
  `enabled` char(2) DEFAULT '',
  PRIMARY KEY (`id`),
  KEY `name` (`name`(171))
) ENGINE=InnoDB COMMENT='Automation Graph Rules';
/*!40101 SET character_set_client = @saved_cs_client */;

--
-- Dumping data for table `automation_graph_rules`
--

LOCK TABLES `automation_graph_rules` WRITE;
/*!40000 ALTER TABLE `automation_graph_rules` DISABLE KEYS */;
INSERT INTO `automation_graph_rules` VALUES (1,'Traffic 64 bit Server',2,5,'on'),(2,'Traffic 64 bit Server Linux',2,5,'on'),(3,'Disk Space',25,85,'on');
/*!40000 ALTER TABLE `automation_graph_rules` ENABLE KEYS */;
UNLOCK TABLES;

--
-- Table structure for table `automation_ips`
--

DROP TABLE IF EXISTS `automation_ips`;
/*!40101 SET @saved_cs_client     = @@character_set_client */;
/*!40101 SET character_set_client = utf8 */;
CREATE TABLE `automation_ips` (
  `ip_address` varchar(20) NOT NULL DEFAULT '',
  `hostname` varchar(100) DEFAULT NULL,
  `network_id` int(10) unsigned DEFAULT NULL,
  `pid` int(10) unsigned DEFAULT NULL,
  `status` int(10) unsigned DEFAULT NULL,
  `thread` int(10) unsigned DEFAULT NULL,
  PRIMARY KEY (`ip_address`),
  KEY `pid` (`pid`)
) ENGINE=MEMORY COMMENT='List of discoverable ip addresses used for scanning';
/*!40101 SET character_set_client = @saved_cs_client */;

--
-- Table structure for table `automation_match_rule_items`
--

DROP TABLE IF EXISTS `automation_match_rule_items`;
/*!40101 SET @saved_cs_client     = @@character_set_client */;
/*!40101 SET character_set_client = utf8 */;
CREATE TABLE `automation_match_rule_items` (
  `id` mediumint(8) unsigned NOT NULL AUTO_INCREMENT,
  `rule_id` mediumint(8) unsigned NOT NULL DEFAULT 0,
  `rule_type` smallint(3) unsigned NOT NULL DEFAULT 0,
  `sequence` smallint(3) unsigned NOT NULL DEFAULT 0,
  `operation` smallint(3) unsigned NOT NULL DEFAULT 0,
  `field` varchar(255) NOT NULL DEFAULT '',
  `operator` smallint(3) unsigned NOT NULL DEFAULT 0,
  `pattern` varchar(255) NOT NULL DEFAULT '',
  PRIMARY KEY (`id`)
) ENGINE=InnoDB COMMENT='Automation Match Rule Items';
/*!40101 SET character_set_client = @saved_cs_client */;

--
-- Dumping data for table `automation_match_rule_items`
--

LOCK TABLES `automation_match_rule_items` WRITE;
/*!40000 ALTER TABLE `automation_match_rule_items` DISABLE KEYS */;
INSERT INTO `automation_match_rule_items` VALUES (1,1,1,1,0,'h.snmp_sysDescr',8,''),(2,1,1,2,1,'h.snmp_version',12,'2'),(3,1,3,1,0,'ht.name',1,'Linux'),(4,2,1,1,0,'ht.name',1,'Linux'),(5,2,1,2,1,'h.snmp_version',12,'2'),(6,2,3,1,0,'ht.name',1,'SNMP'),(7,2,3,2,1,'gt.name',1,'Traffic'),(8,1,1,3,1,'h.snmp_sysDescr',2,'Windows');
/*!40000 ALTER TABLE `automation_match_rule_items` ENABLE KEYS */;
UNLOCK TABLES;

--
-- Table structure for table `automation_networks`
--

DROP TABLE IF EXISTS `automation_networks`;
/*!40101 SET @saved_cs_client     = @@character_set_client */;
/*!40101 SET character_set_client = utf8 */;
CREATE TABLE `automation_networks` (
  `id` int(10) unsigned NOT NULL AUTO_INCREMENT,
  `poller_id` int(10) unsigned DEFAULT 1,
  `site_id` int(10) unsigned DEFAULT 1,
  `name` varchar(128) NOT NULL DEFAULT '' COMMENT 'The name for this network',
  `subnet_range` varchar(1024) NOT NULL DEFAULT '' COMMENT 'Defined subnet ranges for discovery',
  `dns_servers` varchar(128) NOT NULL DEFAULT '' COMMENT 'DNS Servers to use for name resolution',
  `enabled` char(2) DEFAULT '',
  `notification_enabled` char(2) DEFAULT '',
  `notification_email` varchar(255) DEFAULT '',
  `notification_fromname` varchar(32) DEFAULT '',
  `notification_fromemail` varchar(128) DEFAULT '',
  `snmp_id` int(10) unsigned DEFAULT NULL,
  `enable_netbios` char(2) DEFAULT '',
  `add_to_cacti` char(2) DEFAULT '',
  `same_sysname` char(2) DEFAULT '',
  `total_ips` int(10) unsigned DEFAULT 0,
  `up_hosts` int(10) unsigned NOT NULL DEFAULT 0,
  `snmp_hosts` int(10) unsigned NOT NULL DEFAULT 0,
  `ping_method` int(10) unsigned NOT NULL DEFAULT 0 COMMENT 'The ping method (ICMP:TCP:UDP)',
  `ping_port` int(10) unsigned NOT NULL DEFAULT 0 COMMENT 'For TCP:UDP the port to ping',
  `ping_timeout` int(10) unsigned NOT NULL DEFAULT 0 COMMENT 'The ping timeout in seconds',
  `ping_retries` int(10) unsigned DEFAULT 0,
  `sched_type` int(10) unsigned NOT NULL DEFAULT 0 COMMENT 'Schedule type: manual or automatic',
  `threads` int(10) unsigned DEFAULT 1,
  `run_limit` int(10) unsigned DEFAULT 0 COMMENT 'The maximum runtime for the discovery',
  `start_at` varchar(20) DEFAULT NULL,
  `next_start` timestamp NOT NULL DEFAULT '0000-00-00 00:00:00',
  `recur_every` int(10) unsigned DEFAULT 1,
  `day_of_week` varchar(45) DEFAULT NULL COMMENT 'The days of week to run in crontab format',
  `month` varchar(45) DEFAULT NULL COMMENT 'The months to run in crontab format',
  `day_of_month` varchar(45) DEFAULT NULL COMMENT 'The days of month to run in crontab format',
  `monthly_week` varchar(45) DEFAULT NULL,
  `monthly_day` varchar(45) DEFAULT NULL,
  `last_runtime` double NOT NULL DEFAULT 0 COMMENT 'The last runtime for discovery',
  `last_started` timestamp NOT NULL DEFAULT '0000-00-00 00:00:00' COMMENT 'The time the discovery last started',
  `last_status` varchar(128) NOT NULL DEFAULT '' COMMENT 'The last exit message if any',
  `rerun_data_queries` char(2) DEFAULT NULL COMMENT 'Rerun data queries or not for existing hosts',
  PRIMARY KEY (`id`),
  KEY `poller_id` (`poller_id`)
) ENGINE=InnoDB COMMENT='Stores scanning subnet definitions';
/*!40101 SET character_set_client = @saved_cs_client */;

--
-- Table structure for table `automation_processes`
--

DROP TABLE IF EXISTS `automation_processes`;
/*!40101 SET @saved_cs_client     = @@character_set_client */;
/*!40101 SET character_set_client = utf8 */;
CREATE TABLE `automation_processes` (
  `pid` int(8) unsigned NOT NULL,
  `poller_id` int(10) unsigned DEFAULT 1,
  `network_id` int(10) unsigned NOT NULL DEFAULT 0,
  `task` varchar(20) DEFAULT '',
  `status` varchar(20) DEFAULT NULL,
  `command` varchar(20) DEFAULT NULL,
  `up_hosts` int(10) unsigned DEFAULT 0,
  `snmp_hosts` int(10) unsigned DEFAULT 0,
  `heartbeat` timestamp NOT NULL DEFAULT '0000-00-00 00:00:00',
  PRIMARY KEY (`pid`,`network_id`)
) ENGINE=MEMORY COMMENT='Table tracking active poller processes';
/*!40101 SET character_set_client = @saved_cs_client */;

--
-- Table structure for table `automation_snmp`
--

DROP TABLE IF EXISTS `automation_snmp`;
/*!40101 SET @saved_cs_client     = @@character_set_client */;
/*!40101 SET character_set_client = utf8 */;
CREATE TABLE `automation_snmp` (
  `id` int(10) unsigned NOT NULL AUTO_INCREMENT,
  `name` varchar(100) NOT NULL DEFAULT '',
  PRIMARY KEY (`id`)
) ENGINE=InnoDB COMMENT='Group of SNMP Option Sets';
/*!40101 SET character_set_client = @saved_cs_client */;

--
-- Dumping data for table `automation_snmp`
--

LOCK TABLES `automation_snmp` WRITE;
/*!40000 ALTER TABLE `automation_snmp` DISABLE KEYS */;
INSERT INTO `automation_snmp` VALUES (1,'Default Option Set');
/*!40000 ALTER TABLE `automation_snmp` ENABLE KEYS */;
UNLOCK TABLES;

--
-- Table structure for table `automation_snmp_items`
--

DROP TABLE IF EXISTS `automation_snmp_items`;
/*!40101 SET @saved_cs_client     = @@character_set_client */;
/*!40101 SET character_set_client = utf8 */;
CREATE TABLE `automation_snmp_items` (
  `id` int(10) unsigned NOT NULL AUTO_INCREMENT,
  `snmp_id` int(10) unsigned NOT NULL DEFAULT 0,
  `sequence` int(10) unsigned NOT NULL DEFAULT 0,
  `snmp_version` tinyint(1) unsigned NOT NULL DEFAULT 1,
  `snmp_community` varchar(100) NOT NULL,
  `snmp_port` mediumint(5) unsigned NOT NULL DEFAULT 161,
  `snmp_timeout` int(10) unsigned NOT NULL DEFAULT 500,
  `snmp_retries` tinyint(11) unsigned NOT NULL DEFAULT 3,
  `max_oids` int(10) unsigned DEFAULT 10,
  `bulk_walk_size` int(10) DEFAULT -1,
  `snmp_username` varchar(50) DEFAULT NULL,
  `snmp_password` varchar(50) DEFAULT NULL,
  `snmp_auth_protocol` char(6) DEFAULT '',
  `snmp_priv_passphrase` varchar(200) DEFAULT '',
  `snmp_priv_protocol` char(7) DEFAULT '',
  `snmp_context` varchar(64) DEFAULT '',
  `snmp_engine_id` varchar(64) DEFAULT '',
  PRIMARY KEY (`id`,`snmp_id`)
) ENGINE=InnoDB COMMENT='Set of SNMP Options';
/*!40101 SET character_set_client = @saved_cs_client */;

--
-- Dumping data for table `automation_snmp_items`
--

LOCK TABLES `automation_snmp_items` WRITE;
/*!40000 ALTER TABLE `automation_snmp_items` DISABLE KEYS */;
INSERT INTO `automation_snmp_items` VALUES (1,1,1,2,'public',161,1000,3,10,-1,'admin','baseball','MD5','','DES','',''),(2,1,2,2,'private',161,1000,3,10,-1,'admin','baseball','MD5','','DES','','');
/*!40000 ALTER TABLE `automation_snmp_items` ENABLE KEYS */;
UNLOCK TABLES;

--
-- Table structure for table `automation_templates`
--

DROP TABLE IF EXISTS `automation_templates`;
/*!40101 SET @saved_cs_client     = @@character_set_client */;
/*!40101 SET character_set_client = utf8 */;
CREATE TABLE `automation_templates` (
  `id` int(10) unsigned NOT NULL AUTO_INCREMENT,
  `host_template` int(10) unsigned NOT NULL DEFAULT 0,
  `availability_method` int(10) unsigned DEFAULT 2,
  `sysDescr` varchar(255) DEFAULT '',
  `sysName` varchar(255) DEFAULT '',
  `sysOid` varchar(60) DEFAULT '',
  `sequence` int(10) unsigned DEFAULT 0,
  PRIMARY KEY (`id`)
) ENGINE=InnoDB COMMENT='Templates of SNMP Sys variables used for automation';
/*!40101 SET character_set_client = @saved_cs_client */;

--
-- Dumping data for table `automation_templates`
--

LOCK TABLES `automation_templates` WRITE;
/*!40000 ALTER TABLE `automation_templates` DISABLE KEYS */;
INSERT INTO `automation_templates` VALUES (1,3,2,'Linux','','',2),(2,1,2,'HP ETHERNET','','',1);
/*!40000 ALTER TABLE `automation_templates` ENABLE KEYS */;
UNLOCK TABLES;

--
-- Table structure for table `automation_tree_rule_items`
--

DROP TABLE IF EXISTS `automation_tree_rule_items`;
/*!40101 SET @saved_cs_client     = @@character_set_client */;
/*!40101 SET character_set_client = utf8 */;
CREATE TABLE `automation_tree_rule_items` (
  `id` mediumint(8) unsigned NOT NULL AUTO_INCREMENT,
  `rule_id` mediumint(8) unsigned NOT NULL DEFAULT 0,
  `sequence` smallint(3) unsigned NOT NULL DEFAULT 0,
  `field` varchar(255) NOT NULL DEFAULT '',
  `sort_type` smallint(3) unsigned NOT NULL DEFAULT 0,
  `propagate_changes` char(2) DEFAULT '',
  `search_pattern` varchar(255) NOT NULL DEFAULT '',
  `replace_pattern` varchar(255) NOT NULL DEFAULT '',
  PRIMARY KEY (`id`)
) ENGINE=InnoDB COMMENT='Automation Tree Rule Items';
/*!40101 SET character_set_client = @saved_cs_client */;

--
-- Dumping data for table `automation_tree_rule_items`
--

LOCK TABLES `automation_tree_rule_items` WRITE;
/*!40000 ALTER TABLE `automation_tree_rule_items` DISABLE KEYS */;
INSERT INTO `automation_tree_rule_items` VALUES (1,1,1,'ht.name',1,'','^(.*)\\s*Linux\\s*(.*)$','${1}\\n${2}'),(2,1,2,'h.hostname',1,'','^(\\w*)\\s*(\\w*)\\s*(\\w*).*$',''),(3,2,1,'0',2,'on','Traffic',''),(4,2,2,'gtg.title_cache',1,'','^(.*)\\s*-\\s*Traffic -\\s*(.*)$','${1}\\n${2}');
/*!40000 ALTER TABLE `automation_tree_rule_items` ENABLE KEYS */;
UNLOCK TABLES;

--
-- Table structure for table `automation_tree_rules`
--

DROP TABLE IF EXISTS `automation_tree_rules`;
/*!40101 SET @saved_cs_client     = @@character_set_client */;
/*!40101 SET character_set_client = utf8 */;
CREATE TABLE `automation_tree_rules` (
  `id` mediumint(8) unsigned NOT NULL AUTO_INCREMENT,
  `name` varchar(255) NOT NULL DEFAULT '',
  `tree_id` smallint(3) unsigned NOT NULL DEFAULT 0,
  `tree_item_id` mediumint(8) unsigned NOT NULL DEFAULT 0,
  `leaf_type` smallint(3) unsigned NOT NULL DEFAULT 0,
  `host_grouping_type` smallint(3) unsigned NOT NULL DEFAULT 0,
  `enabled` char(2) DEFAULT '',
  PRIMARY KEY (`id`),
  KEY `name` (`name`(171))
) ENGINE=InnoDB COMMENT='Automation Tree Rules';
/*!40101 SET character_set_client = @saved_cs_client */;

--
-- Dumping data for table `automation_tree_rules`
--

LOCK TABLES `automation_tree_rules` WRITE;
/*!40000 ALTER TABLE `automation_tree_rules` DISABLE KEYS */;
INSERT INTO `automation_tree_rules` VALUES (1,'New Device',1,0,3,1,'on'),(2,'New Graph',1,0,2,1,'');
/*!40000 ALTER TABLE `automation_tree_rules` ENABLE KEYS */;
UNLOCK TABLES;

--
-- Table structure for table `cdef`
--

DROP TABLE IF EXISTS `cdef`;
/*!40101 SET @saved_cs_client     = @@character_set_client */;
/*!40101 SET character_set_client = utf8 */;
CREATE TABLE `cdef` (
  `id` mediumint(8) unsigned NOT NULL AUTO_INCREMENT,
  `hash` varchar(32) NOT NULL DEFAULT '',
  `system` mediumint(8) unsigned NOT NULL DEFAULT 0,
  `name` varchar(255) NOT NULL DEFAULT '',
  PRIMARY KEY (`id`),
  KEY `hash` (`hash`),
  KEY `name` (`name`(171))
) ENGINE=InnoDB;
/*!40101 SET character_set_client = @saved_cs_client */;

--
-- Dumping data for table `cdef`
--

LOCK TABLES `cdef` WRITE;
/*!40000 ALTER TABLE `cdef` DISABLE KEYS */;
INSERT INTO `cdef` VALUES (2,'73f95f8b77b5508157d64047342c421e',0,'Turn Bytes into Bits'),(3,'3d352eed9fa8f7b2791205b3273708c7',0,'Make Stack Negative'),(4,'e961cc8ec04fda6ed4981cf5ad501aa5',0,'Make Per 5 Minutes'),(12,'f1ac79f05f255c02f914c920f1038c54',0,'Total All Data Sources'),(14,'634a23af5e78af0964e8d33b1a4ed26b',0,'Multiply by 1024'),(15,'068984b5ccdfd2048869efae5166f722',0,'Total All Data Sources, Multiply by 1024'),(16,'f978a272c42c71721183d044ebd5c691',0,'Multiply by 100'),(17,'07d573a5b60c6b1acb4bd98805c8aed9',0,'Divide by 1024'),(18,'5591cb158726d3cf97c5eb136a4e37d6',0,'1000 minus DS'),(19,'958008c7f4a02d0969db8348aa836387',0,'Turn Seconds into Minutes'),(20,'ea8a1f499b37a15202b504c9d6e61a9e',0,'convert kilo to giga'),(21,'5dbc782907632aa426c32ab68f8a07bc',0,'Apply CPU Factor'),(22,'d3e53d41bf0253d948e5acbf53d1824e',0,'Make KBytes GigaBytes'),(23,'2edaef75ae74a4919e6774fdcc51231d',0,'Net-SNMP - IO Wait'),(24,'146ce3dc0abdf3fda6c77b489c71c374',0,'Turn Seconds into Days');
/*!40000 ALTER TABLE `cdef` ENABLE KEYS */;
UNLOCK TABLES;

--
-- Table structure for table `cdef_items`
--

DROP TABLE IF EXISTS `cdef_items`;
/*!40101 SET @saved_cs_client     = @@character_set_client */;
/*!40101 SET character_set_client = utf8 */;
CREATE TABLE `cdef_items` (
  `id` mediumint(8) unsigned NOT NULL AUTO_INCREMENT,
  `hash` varchar(32) NOT NULL DEFAULT '',
  `cdef_id` mediumint(8) unsigned NOT NULL DEFAULT 0,
  `sequence` mediumint(8) unsigned NOT NULL DEFAULT 0,
  `type` tinyint(3) unsigned NOT NULL DEFAULT 0,
  `value` varchar(150) NOT NULL DEFAULT '',
  PRIMARY KEY (`id`),
  KEY `cdef_id_sequence` (`cdef_id`,`sequence`)
) ENGINE=InnoDB;
/*!40101 SET character_set_client = @saved_cs_client */;

--
-- Dumping data for table `cdef_items`
--

LOCK TABLES `cdef_items` WRITE;
/*!40000 ALTER TABLE `cdef_items` DISABLE KEYS */;
INSERT INTO `cdef_items` VALUES (7,'9bbf6b792507bb9bb17d2af0970f9be9',2,1,4,'CURRENT_DATA_SOURCE'),(8,'caa4e023ac2d7b1c4b4c8c4adfd55dfe',2,3,2,'3'),(9,'a4b8eb2c3bf4920a3ef571a7a004be53',2,2,6,'8'),(10,'c888c9fe6b62c26c4bfe23e18991731d',3,1,4,'CURRENT_DATA_SOURCE'),(11,'1e1d0b29a94e08b648c8f053715442a0',3,3,2,'3'),(12,'4355c197998c7f8b285be7821ddc6da4',3,2,6,'-1'),(13,'40bb7a1143b0f2e2efca14eb356236de',4,1,4,'CURRENT_DATA_SOURCE'),(14,'42686ea0925c0220924b7d333599cd67',4,3,2,'3'),(15,'faf1b148b2c0e0527362ed5b8ca1d351',4,2,6,'300'),(16,'0ef6b8a42dc83b4e43e437960fccd2ea',12,1,4,'ALL_DATA_SOURCES_NODUPS'),(18,'86370cfa0008fe8c56b28be80ee39a40',14,1,4,'CURRENT_DATA_SOURCE'),(19,'9a35cc60d47691af37f6fddf02064e20',14,2,6,'1024'),(20,'5d7a7941ec0440b257e5598a27dd1688',14,3,2,'3'),(21,'44fd595c60539ff0f5817731d9f43a85',15,1,4,'ALL_DATA_SOURCES_NODUPS'),(22,'aa38be265e5ac31783e57ce6f9314e9a',15,2,6,'1024'),(23,'204423d4b2598f1f7252eea19458345c',15,3,2,'3'),(24,'02b97b199d170359076fbd01ae29af45',16,1,4,'CURRENT_DATA_SOURCE'),(25,'5c46914f50384c43ad3bffc8e4677072',16,2,6,'100'),(26,'d879b0f141d22d794bb10368ba140ca0',16,3,2,'3'),(27,'decf6b6a55b29b6de42abb35201ff979',17,1,4,'CURRENT_DATA_SOURCE'),(28,'9e1f3e43afb611346231a3670b7b975b',17,2,6,'1024'),(29,'9e316a1af8c3da3c6028d47f9761d3ef',17,3,2,'4'),(30,'e44cbf0fb4b9f21ca69f4b8793d67dae',18,1,6,'1000'),(31,'7be69cf3ce82d246fa41d8c66f847f59',18,2,4,'CURRENT_DATA_SOURCE'),(32,'3f730cc029cdb35121796cd8df988f0d',18,3,2,'2'),(33,'7b55f88ce9c0300dfd8c3beee06eedd7',19,1,4,'CURRENT_DATA_SOURCE'),(34,'bc53657a340405c07da875b91e12c24c',19,2,6,'60'),(35,'edff5b4e8ed29645d2694614af984dc0',19,3,2,'4'),(36,'c190dbb8d1b9514786ad87402f37bf37',20,1,4,'CURRENT_DATA_SOURCE'),(37,'e81934ea20b6f720555a228330e96991',20,2,6,'1024'),(38,'982ae7e140c955eb4a6c2338824ad99e',20,3,6,'1024'),(39,'5b416e1a6b77ca581a9d32bf701ae72d',20,4,2,'3'),(40,'947490211e24ab4db1613fb41dbd5c15',20,5,2,'3'),(41,'ed7bd511d9510ea54c775e9da8ad1cc9',21,1,4,'CURRENT_DATA_SOURCE'),(42,'6d1f7cf2599d1d0e308cabea1778db99',21,2,6,'100'),(43,'56a94b22835a65a977527eac8e48187b',21,3,2,'4'),(44,'628b56e4f4df5da725e50b95f8969504',22,1,4,'CURRENT_DATA_SOURCE'),(45,'49229f1cbd8cc5004352ae47a3b637fc',22,2,6,'1048576'),(46,'583309386c647ed460527780e4874703',22,3,2,'3'),(47,'a96e5ae6dcdf2ca5ef1e2f9706b62ff0',23,1,6,'100'),(48,'ae2da3b8309debcc90d58fd3a7652315',23,2,4,'ALL_DATA_SOURCES_NODUPS'),(49,'56c946373bc51a86c631660a68aa7361',23,3,2,'2'),(50,'42143b11488540edad66e568059f7036',24,1,4,'CURRENT_DATA_SOURCE'),(51,'7f0dc8dfc15ce03d9ff5d0dff7a3457d',24,2,6,'86400'),(52,'56d9fe802964795959e365e696361293',24,3,2,'4');
/*!40000 ALTER TABLE `cdef_items` ENABLE KEYS */;
UNLOCK TABLES;

--
-- Table structure for table `color_template_items`
--

DROP TABLE IF EXISTS `color_template_items`;
/*!40101 SET @saved_cs_client     = @@character_set_client */;
/*!40101 SET character_set_client = utf8 */;
CREATE TABLE `color_template_items` (
  `color_template_item_id` int(10) unsigned NOT NULL AUTO_INCREMENT,
  `color_template_id` mediumint(8) unsigned NOT NULL DEFAULT 0,
  `color_id` mediumint(8) unsigned NOT NULL DEFAULT 0,
  `sequence` mediumint(8) unsigned NOT NULL DEFAULT 0,
  PRIMARY KEY (`color_template_item_id`)
) ENGINE=InnoDB COMMENT='Color Items for Color Templates';
/*!40101 SET character_set_client = @saved_cs_client */;

--
-- Dumping data for table `color_template_items`
--

LOCK TABLES `color_template_items` WRITE;
/*!40000 ALTER TABLE `color_template_items` DISABLE KEYS */;
INSERT INTO `color_template_items` VALUES (1,1,4,1),(2,1,24,2),(3,1,98,3),(4,1,25,4),(5,2,25,1),(6,2,29,2),(7,2,30,3),(8,2,31,4),(9,2,33,5),(10,2,35,6),(11,2,41,7),(12,2,9,8),(13,3,15,1),(14,3,31,2),(15,3,28,3),(16,3,8,4),(17,3,34,5),(18,3,33,6),(19,3,35,7),(20,3,41,8),(21,3,36,9),(22,3,42,10),(23,3,44,11),(24,3,48,12),(25,3,9,13),(26,3,49,14),(27,3,51,15),(28,3,52,16),(29,4,76,1),(30,4,84,2),(31,4,89,3),(32,4,17,4),(33,4,86,5),(34,4,88,6),(35,4,90,7),(36,4,94,8),(37,4,96,9),(38,4,93,10),(39,4,91,11),(40,4,22,12),(41,4,12,13),(42,4,95,14),(43,4,6,15),(44,4,92,16);
/*!40000 ALTER TABLE `color_template_items` ENABLE KEYS */;
UNLOCK TABLES;

--
-- Table structure for table `color_templates`
--

DROP TABLE IF EXISTS `color_templates`;
/*!40101 SET @saved_cs_client     = @@character_set_client */;
/*!40101 SET character_set_client = utf8 */;
CREATE TABLE `color_templates` (
  `color_template_id` mediumint(8) unsigned NOT NULL AUTO_INCREMENT,
  `name` varchar(255) NOT NULL DEFAULT '',
  PRIMARY KEY (`color_template_id`)
) ENGINE=InnoDB COMMENT='Color Templates';
/*!40101 SET character_set_client = @saved_cs_client */;

--
-- Dumping data for table `color_templates`
--

LOCK TABLES `color_templates` WRITE;
/*!40000 ALTER TABLE `color_templates` DISABLE KEYS */;
INSERT INTO `color_templates` VALUES (1,'Yellow: light -> dark, 4 colors'),(2,'Red: light yellow > dark red, 8 colors'),(3,'Red: light -> dark, 16 colors'),(4,'Green: dark -> light, 16 colors');
/*!40000 ALTER TABLE `color_templates` ENABLE KEYS */;
UNLOCK TABLES;

--
-- Table structure for table `colors`
--

DROP TABLE IF EXISTS `colors`;
/*!40101 SET @saved_cs_client     = @@character_set_client */;
/*!40101 SET character_set_client = utf8 */;
CREATE TABLE `colors` (
  `id` mediumint(8) unsigned NOT NULL AUTO_INCREMENT,
  `name` varchar(40) DEFAULT '',
  `hex` varchar(6) NOT NULL DEFAULT '',
  `read_only` char(2) DEFAULT '',
  PRIMARY KEY (`id`),
  UNIQUE KEY `hex` (`hex`)
) ENGINE=InnoDB;
/*!40101 SET character_set_client = @saved_cs_client */;

--
-- Dumping data for table `colors`
--

LOCK TABLES `colors` WRITE;
/*!40000 ALTER TABLE `colors` DISABLE KEYS */;
INSERT INTO `colors` VALUES (1,'Black','000000','on'),(2,'White','FFFFFF','on'),(4,'','FAFD9E',''),(5,'Silver','C0C0C0','on'),(6,'','74C366',''),(7,'','6DC8FE',''),(8,'','EA8F00',''),(9,'Red','FF0000','on'),(10,'','4444FF',''),(11,'Magenta','FF00FF','on'),(12,'Lime Green','00FF00','on'),(13,'','8D85F3',''),(14,'','AD3B6E',''),(15,'','EACC00',''),(16,'','12B3B5',''),(17,'','157419',''),(18,'','C4FD3D',''),(19,'','817C4E',''),(20,'','002A97',''),(21,'Blue','0000FF','on'),(22,'','00CF00',''),(24,'','F9FD5F',''),(25,'','FFF200',''),(26,'','CCBB00',''),(27,'','837C04',''),(28,'','EAAF00',''),(29,'','FFD660',''),(30,'','FFC73B',''),(31,'','FFAB00',''),(33,'','FF7D00',''),(34,'','ED7600',''),(35,'','FF5700',''),(36,'','EE5019',''),(37,'','B1441E',''),(38,'','FFC3C0',''),(39,'','FF897C',''),(40,'','FF6044',''),(41,'','FF4105',''),(42,'','DA4725',''),(43,'','942D0C',''),(44,'','FF3932',''),(45,'','862F2F',''),(46,'','FF5576',''),(47,'','562B29',''),(48,'','F51D30',''),(49,'','DE0056',''),(50,'','ED5394',''),(51,'','B90054',''),(52,'','8F005C',''),(53,'','F24AC8',''),(54,'','E8CDEF',''),(55,'','D8ACE0',''),(56,'','A150AA',''),(57,'','750F7D',''),(58,'','8D00BA',''),(59,'','623465',''),(60,'','55009D',''),(61,'','3D168B',''),(62,'','311F4E',''),(63,'','D2D8F9',''),(64,'','9FA4EE',''),(65,'','6557D0',''),(66,'','4123A1',''),(67,'','4668E4',''),(68,'','0D006A',''),(69,'','00004D',''),(70,'','001D61',''),(71,'','00234B',''),(72,'','002A8F',''),(73,'','2175D9',''),(74,'','7CB3F1',''),(75,'','005199',''),(76,'','004359',''),(77,'','00A0C1',''),(78,'','007283',''),(79,'','00BED9',''),(80,'','AFECED',''),(81,'','55D6D3',''),(82,'','00BBB4',''),(83,'','009485',''),(84,'','005D57',''),(85,'','008A77',''),(86,'','008A6D',''),(87,'','00B99B',''),(88,'','009F67',''),(89,'','00694A',''),(90,'','00A348',''),(91,'','00BF47',''),(92,'','96E78A',''),(93,'','00BD27',''),(94,'','35962B',''),(95,'','7EE600',''),(96,'','6EA100',''),(97,'','CAF100',''),(98,'','F5F800',''),(99,'','CDCFC4',''),(100,'','BCBEB3',''),(101,'','AAABA1',''),(102,'','8F9286',''),(103,'','797C6E',''),(104,'','2E3127',''),(105,'Night','0C090A','on'),(106,'Gunmetal','2C3539','on'),(107,'Midnight','2B1B17','on'),(108,'Charcoal','34282C','on'),(109,'Dark Slate Grey','25383C','on'),(110,'Oil','3B3131','on'),(111,'Black Cat','413839','on'),(112,'Iridium','3D3C3A','on'),(113,'Black Eel','463E3F','on'),(114,'Black Cow','4C4646','on'),(115,'Gray Wolf','504A4B','on'),(116,'Vampire Gray','565051','on'),(117,'Gray Dolphin','5C5858','on'),(118,'Carbon Gray','625D5D','on'),(119,'Ash Gray','666362','on'),(120,'Cloudy Gray','6D6968','on'),(121,'Smokey Gray','726E6D','on'),(122,'Gray','736F6E','on'),(123,'Granite','837E7C','on'),(124,'Battleship Gray','848482','on'),(125,'Gray Cloud','B6B6B4','on'),(126,'Gray Goose','D1D0CE','on'),(127,'Platinum','E5E4E2','on'),(128,'Metallic Silver','BCC6CC','on'),(129,'Blue Gray','98AFC7','on'),(130,'Light Slate Gray','6D7B8D','on'),(131,'Slate Gray','657383','on'),(132,'Jet Gray','616D7E','on'),(133,'Mist Blue','646D7E','on'),(134,'Marble Blue','566D7E','on'),(135,'Slate Blue','737CA1','on'),(136,'Steel Blue','4863A0','on'),(137,'Blue Jay','2B547E','on'),(138,'Dark Slate Blue','2B3856','on'),(139,'Midnight Blue','151B54','on'),(140,'Navy Blue','000080','on'),(141,'Blue Whale','342D7E','on'),(142,'Lapis Blue','15317E','on'),(143,'Cornflower Blue','151B8D','on'),(144,'Earth Blue','0000A0','on'),(145,'Cobalt Blue','0020C2','on'),(146,'Blueberry Blue','0041C2','on'),(147,'Sapphire Blue','2554C7','on'),(148,'Blue Eyes','1569C7','on'),(149,'Royal Blue','2B60DE','on'),(150,'Blue Orchid','1F45FC','on'),(151,'Blue Lotus','6960EC','on'),(152,'Light Slate Blue','736AFF','on'),(153,'Slate Blue','357EC7','on'),(154,'Glacial Blue Ice','368BC1','on'),(155,'Silk Blue','488AC7','on'),(156,'Blue Ivy','3090C7','on'),(157,'Blue Koi','659EC7','on'),(158,'Columbia Blue','87AFC7','on'),(159,'Baby Blue','95B9C7','on'),(160,'Light Steel Blue','728FCE','on'),(161,'Ocean Blue','2B65EC','on'),(162,'Blue Ribbon','306EFF','on'),(163,'Blue Dress','157DEC','on'),(164,'Dodger Blue','1589FF','on'),(165,'Cornflower Blue','6495ED','on'),(166,'Sky Blue','6698FF','on'),(167,'Butterfly Blue','38ACEC','on'),(168,'Iceberg','56A5EC','on'),(169,'Crystal Blue','5CB3FF','on'),(170,'Deep Sky Blue','3BB9FF','on'),(171,'Denim Blue','79BAEC','on'),(172,'Light Sky Blue','82CAFA','on'),(173,'Day Sky Blue','82CAFF','on'),(174,'Jeans Blue','A0CFEC','on'),(175,'Blue Angel','B7CEEC','on'),(176,'Pastel Blue','B4CFEC','on'),(177,'Sea Blue','C2DFFF','on'),(178,'Powder Blue','C6DEFF','on'),(179,'Coral Blue','AFDCEC','on'),(180,'Light Blue','ADDFFF','on'),(181,'Robin Egg Blue','BDEDFF','on'),(182,'Pale Blue Lily','CFECEC','on'),(183,'Light Cyan','E0FFFF','on'),(184,'Water','EBF4FA','on'),(185,'Alice Blue','F0F8FF','on'),(186,'Azure','F0FFFF','on'),(187,'Light Slate','CCFFFF','on'),(188,'Light Aquamarine','93FFE8','on'),(189,'Electric Blue','9AFEFF','on'),(190,'Aquamarine','7FFFD4','on'),(191,'Cyan or Aqua','00FFFF','on'),(192,'Tron Blue','7DFDFE','on'),(193,'Blue Zircon','57FEFF','on'),(194,'Blue Lagoon','8EEBEC','on'),(195,'Celeste','50EBEC','on'),(196,'Blue Diamond','4EE2EC','on'),(197,'Tiffany Blue','81D8D0','on'),(198,'Cyan Opaque','92C7C7','on'),(199,'Blue Hosta','77BFC7','on'),(200,'Northern Lights Blue','78C7C7','on'),(201,'Medium Turquoise','48CCCD','on'),(202,'Turquoise','43C6DB','on'),(203,'Jellyfish','46C7C7','on'),(204,'Macaw Blue Green','43BFC7','on'),(205,'Light Sea Green','3EA99F','on'),(206,'Dark Turquoise','3B9C9C','on'),(207,'Sea Turtle Green','438D80','on'),(208,'Medium Aquamarine','348781','on'),(209,'Greenish Blue','307D7E','on'),(210,'Grayish Turquoise','5E7D7E','on'),(211,'Beetle Green','4C787E','on'),(212,'Teal','008080','on'),(213,'Sea Green','4E8975','on'),(214,'Camouflage Green','78866B','on'),(215,'Sage Green','848b79','on'),(216,'Hazel Green','617C58','on'),(217,'Venom Green','728C00','on'),(218,'Fern Green','667C26','on'),(219,'Dark Forrest Green','254117','on'),(220,'Medium Sea Green','306754','on'),(221,'Medium Forest Green','347235','on'),(222,'Seaweed Green','437C17','on'),(223,'Pine Green','387C44','on'),(224,'Jungle Green','347C2C','on'),(225,'Shamrock Green','347C17','on'),(226,'Medium Spring Green','348017','on'),(227,'Forest Green','4E9258','on'),(228,'Green Onion','6AA121','on'),(229,'Spring Green','4AA02C','on'),(230,'Lime Green','41A317','on'),(231,'Clover Green','3EA055','on'),(232,'Green Snake','6CBB3C','on'),(233,'Alien Green','6CC417','on'),(234,'Green Apple','4CC417','on'),(235,'Yellow Green','52D017','on'),(236,'Kelly Green','4CC552','on'),(237,'Zombie Green','54C571','on'),(238,'Frog Green','99C68E','on'),(239,'Green Peas','89C35C','on'),(240,'Dollar Bill Green','85BB65','on'),(241,'Dark Sea Green','8BB381','on'),(242,'Iguana Green','9CB071','on'),(243,'Avocado Green','B2C248','on'),(244,'Pistachio Green','9DC209','on'),(245,'Salad Green','A1C935','on'),(246,'Hummingbird Green','7FE817','on'),(247,'Nebula Green','59E817','on'),(248,'Stoplight Go Green','57E964','on'),(249,'Algae Green','64E986','on'),(250,'Jade Green','5EFB6E','on'),(251,'Emerald Green','5FFB17','on'),(252,'Lawn Green','87F717','on'),(253,'Chartreuse','8AFB17','on'),(254,'Dragon Green','6AFB92','on'),(255,'Mint Green','98FF98','on'),(256,'Green Thumb','B5EAAA','on'),(257,'Light Jade','C3FDB8','on'),(258,'Tea Green','CCFB5D','on'),(259,'Green Yellow','B1FB17','on'),(260,'Slime Green','BCE954','on'),(261,'Goldenrod','EDDA74','on'),(262,'Harvest Gold','EDE275','on'),(263,'Sun Yellow','FFE87C','on'),(264,'Yellow','FFFF00','on'),(265,'Corn Yellow','FFF380','on'),(266,'Parchment','FFFFC2','on'),(267,'Cream','FFFFCC','on'),(268,'Lemon Chiffon','FFF8C6','on'),(269,'Cornsilk','FFF8DC','on'),(270,'Beige','F5F5DC','on'),(271,'Blonde','FBF6D9','on'),(272,'Antique White','FAEBD7','on'),(273,'Champagne','F7E7CE','on'),(274,'Blanched Almond','FFEBCD','on'),(275,'Vanilla','F3E5AB','on'),(276,'Tan Brown','ECE5B6','on'),(277,'Peach','FFE5B4','on'),(278,'Mustard','FFDB58','on'),(279,'Rubber Ducky Yellow','FFD801','on'),(280,'Bright Gold','FDD017','on'),(281,'Golden Brown','EAC117','on'),(282,'Macaroni and Cheese','F2BB66','on'),(283,'Saffron','FBB917','on'),(284,'Beer','FBB117','on'),(285,'Cantaloupe','FFA62F','on'),(286,'Bee Yellow','E9AB17','on'),(287,'Brown Sugar','E2A76F','on'),(288,'Burly Wood','DEB887','on'),(289,'Deep Peach','FFCBA4','on'),(290,'Ginger Brown','C9BE62','on'),(291,'School Bus Yellow','E8A317','on'),(292,'Sandy Brown','EE9A4D','on'),(293,'Fall Leaf Brown','C8B560','on'),(294,'Orange Gold','D4A017','on'),(295,'Sand','C2B280','on'),(296,'Cookie Brown','C7A317','on'),(297,'Caramel','C68E17','on'),(298,'Brass','B5A642','on'),(299,'Khaki','ADA96E','on'),(300,'Camel Brown','C19A6B','on'),(301,'Bronze','CD7F32','on'),(302,'Tiger Orange','C88141','on'),(303,'Cinnamon','C58917','on'),(304,'Bullet Shell','AF9B60','on'),(305,'Dark Goldenrod','AF7817','on'),(306,'Copper','B87333','on'),(307,'Wood','966F33','on'),(308,'Oak Brown','806517','on'),(309,'Moccasin','827839','on'),(310,'Army Brown','827B60','on'),(311,'Sandstone','786D5F','on'),(312,'Mocha','493D26','on'),(313,'Taupe','483C32','on'),(314,'Coffee','6F4E37','on'),(315,'Brown Bear','835C3B','on'),(316,'Red Dirt','7F5217','on'),(317,'Sepia','7F462C','on'),(318,'Orange Salmon','C47451','on'),(319,'Rust','C36241','on'),(320,'Red Fox','C35817','on'),(321,'Chocolate','C85A17','on'),(322,'Sedona','CC6600','on'),(323,'Papaya Orange','E56717','on'),(324,'Halloween Orange','E66C2C','on'),(325,'Pumpkin Orange','F87217','on'),(326,'Construction Cone Orange','F87431','on'),(327,'Sunrise Orange','E67451','on'),(328,'Mango Orange','FF8040','on'),(329,'Dark Orange','F88017','on'),(330,'Coral','FF7F50','on'),(331,'Basket Ball Orange','F88158','on'),(332,'Light Salmon','F9966B','on'),(333,'Tangerine','E78A61','on'),(334,'Dark Salmon','E18B6B','on'),(335,'Light Coral','E77471','on'),(336,'Bean Red','F75D59','on'),(337,'Valentine Red','E55451','on'),(338,'Shocking Orange','E55B3C','on'),(339,'Scarlet','FF2400','on'),(340,'Ruby Red','F62217','on'),(341,'Ferrari Red','F70D1A','on'),(342,'Fire Engine Red','F62817','on'),(343,'Lava Red','E42217','on'),(344,'Love Red','E41B17','on'),(345,'Grapefruit','DC381F','on'),(346,'Chestnut Red','C34A2C','on'),(347,'Cherry Red','C24641','on'),(348,'Mahogany','C04000','on'),(349,'Chilli Pepper','C11B17','on'),(350,'Cranberry','9F000F','on'),(351,'Red Wine','990012','on'),(352,'Burgundy','8C001A','on'),(353,'Chestnut','954535','on'),(354,'Blood Red','7E3517','on'),(355,'Sienna','8A4117','on'),(356,'Sangria','7E3817','on'),(357,'Firebrick','800517','on'),(358,'Maroon','810541','on'),(359,'Plum Pie','7D0541','on'),(360,'Velvet Maroon','7E354D','on'),(361,'Plum Velvet','7D0552','on'),(362,'Rosy Finch','7F4E52','on'),(363,'Puce','7F5A58','on'),(364,'Dull Purple','7F525D','on'),(365,'Rosy Brown','B38481','on'),(366,'Khaki Rose','C5908E','on'),(367,'Pink Bow','C48189','on'),(368,'Lipstick Pink','C48793','on'),(369,'Rose','E8ADAA','on'),(370,'Desert Sand','EDC9AF','on'),(371,'Pig Pink','FDD7E4','on'),(372,'Cotton Candy','FCDFFF','on'),(373,'Pink Bubblegum','FFDFDD','on'),(374,'Misty Rose','FBBBB9','on'),(375,'Pink','FAAFBE','on'),(376,'Light Pink','FAAFBA','on'),(377,'Flamingo Pink','F9A7B0','on'),(378,'Pink Rose','E7A1B0','on'),(379,'Pink Daisy','E799A3','on'),(380,'Cadillac Pink','E38AAE','on'),(381,'Carnation Pink','F778A1','on'),(382,'Blush Red','E56E94','on'),(383,'Hot Pink','F660AB','on'),(384,'Watermelon Pink','FC6C85','on'),(385,'Violet Red','F6358A','on'),(386,'Deep Pink','F52887','on'),(387,'Pink Cupcake','E45E9D','on'),(388,'Pink Lemonade','E4287C','on'),(389,'Neon Pink','F535AA','on'),(390,'Dimorphotheca Magenta','E3319D','on'),(391,'Bright Neon Pink','F433FF','on'),(392,'Pale Violet Red','D16587','on'),(393,'Tulip Pink','C25A7C','on'),(394,'Medium Violet Red','CA226B','on'),(395,'Rogue Pink','C12869','on'),(396,'Burnt Pink','C12267','on'),(397,'Bashful Pink','C25283','on'),(398,'Carnation Pink','C12283','on'),(399,'Plum','B93B8F','on'),(400,'Viola Purple','7E587E','on'),(401,'Purple Iris','571B7E','on'),(402,'Plum Purple','583759','on'),(403,'Indigo','4B0082','on'),(404,'Purple Monster','461B7E','on'),(405,'Purple Haze','4E387E','on'),(406,'Eggplant','614051','on'),(407,'Grape','5E5A80','on'),(408,'Purple Jam','6A287E','on'),(409,'Dark Orchid','7D1B7E','on'),(410,'Purple Flower','A74AC7','on'),(411,'Medium Orchid','B048B5','on'),(412,'Purple Amethyst','6C2DC7','on'),(413,'Dark Violet','842DCE','on'),(414,'Violet','8D38C9','on'),(415,'Purple Sage Bush','7A5DC7','on'),(416,'Lovely Purple','7F38EC','on'),(417,'Purple','8E35EF','on'),(418,'Aztech Purple','893BFF','on'),(419,'Medium Purple','8467D7','on'),(420,'Jasmine Purple','A23BEC','on'),(421,'Purple Daffodil','B041FF','on'),(422,'Tyrian Purple','C45AEC','on'),(423,'Crocus Purple','9172EC','on'),(424,'Purple Mimosa','9E7BFF','on'),(425,'Heliotrope Purple','D462FF','on'),(426,'Crimson','E238EC','on'),(427,'Purple Dragon','C38EC7','on'),(428,'Lilac','C8A2C8','on'),(429,'Blush Pink','E6A9EC','on'),(430,'Mauve','E0B0FF','on'),(431,'Wisteria Purple','C6AEC7','on'),(432,'Blossom Pink','F9B7FF','on'),(433,'Thistle','D2B9D3','on'),(434,'Periwinkle','E9CFEC','on'),(435,'Lavender Pinocchio','EBDDE2','on'),(436,'Lavender Blue','E3E4FA','on'),(437,'Pearl','FDEEF4','on'),(438,'SeaShell','FFF5EE','on'),(439,'Milk White','FEFCFF','on'),(440,'','5A3D31',''),(441,'','B3092B',''),(442,'','C79F71',''),(443,'','784890',''),(444,'','850707',''),(445,'','9E8655',''),(446,'Green','008000','on'),(447,'Olive','808000','on'),(448,'Grey','808080','on'),(449,'Purple','800080','on'),(450,'Maroon','800000','on'),(451,'','FFBF00',''),(452,'','0ABFCC','');
/*!40000 ALTER TABLE `colors` ENABLE KEYS */;
UNLOCK TABLES;

--
-- Table structure for table `data_debug`
--

DROP TABLE IF EXISTS `data_debug`;
/*!40101 SET @saved_cs_client     = @@character_set_client */;
/*!40101 SET character_set_client = utf8 */;
CREATE TABLE `data_debug` (
  `id` int(10) unsigned NOT NULL AUTO_INCREMENT,
  `started` int(10) unsigned NOT NULL DEFAULT 0,
  `done` int(10) unsigned NOT NULL DEFAULT 0,
  `user` int(10) unsigned NOT NULL DEFAULT 0,
  `datasource` int(10) unsigned NOT NULL DEFAULT 0,
  `info` text NOT NULL DEFAULT '',
  `issue` text DEFAULT '',
  PRIMARY KEY (`id`),
  KEY `user` (`user`),
  KEY `done` (`done`),
  KEY `datasource` (`datasource`),
  KEY `started` (`started`)
) ENGINE=InnoDB COMMENT='Datasource Debugger Information';
/*!40101 SET character_set_client = @saved_cs_client */;

--
-- Table structure for table `data_input`
--

DROP TABLE IF EXISTS `data_input`;
/*!40101 SET @saved_cs_client     = @@character_set_client */;
/*!40101 SET character_set_client = utf8 */;
CREATE TABLE `data_input` (
  `id` mediumint(8) unsigned NOT NULL AUTO_INCREMENT,
  `hash` varchar(32) NOT NULL DEFAULT '',
  `name` varchar(200) NOT NULL DEFAULT '',
  `input_string` varchar(512) DEFAULT NULL,
  `type_id` tinyint(3) unsigned NOT NULL DEFAULT 0,
  PRIMARY KEY (`id`),
  KEY `name_type_id` (`name`(171),`type_id`)
) ENGINE=InnoDB;
/*!40101 SET character_set_client = @saved_cs_client */;

--
-- Dumping data for table `data_input`
--

LOCK TABLES `data_input` WRITE;
/*!40000 ALTER TABLE `data_input` DISABLE KEYS */;
INSERT INTO `data_input` VALUES (1,'3eb92bb845b9660a7445cf9740726522','Get SNMP Data','',2),(2,'bf566c869ac6443b0c75d1c32b5a350e','Get SNMP Data (Indexed)','',3),(3,'274f4685461170b9eb1b98d22567ab5e','Unix - Get Free Disk Space','<path_cacti>/scripts/diskfree.sh <partition>',1),(4,'95ed0993eb3095f9920d431ac80f4231','Unix - Get Load Average','perl <path_cacti>/scripts/loadavg_multi.pl',1),(5,'79a284e136bb6b061c6f96ec219ac448','Unix - Get Logged In Users','perl <path_cacti>/scripts/unix_users.pl <username>',1),(6,'362e6d4768937c4f899dd21b91ef0ff8','Linux - Get Memory Usage','perl <path_cacti>/scripts/linux_memory.pl <grepstr>',1),(7,'a637359e0a4287ba43048a5fdf202066','Unix - Get System Processes','perl <path_cacti>/scripts/unix_processes.pl',1),(8,'47d6bfe8be57a45171afd678920bd399','Unix - Get TCP Connections','perl <path_cacti>/scripts/unix_tcp_connections.pl <grepstr>',1),(9,'cc948e4de13f32b6aea45abaadd287a3','Unix - Get Web Hits','perl <path_cacti>/scripts/webhits.pl <log_path>',1),(10,'8bd153aeb06e3ff89efc73f35849a7a0','Unix - Ping Host','perl <path_cacti>/scripts/ping.pl <ip>',1),(11,'80e9e4c4191a5da189ae26d0e237f015','Get Script Data (Indexed)','',4),(12,'332111d8b54ac8ce939af87a7eac0c06','Get Script Server Data (Indexed)','',6),(13,'4b7c41aef3c9c7b7cd457c373cfac84d','Local - Cacti Poller - Statistics','<path_cacti>/scripts/ss_cacti_poller_stats.php ss_poller',5),(14,'0ae31b2bdee03a22e676c6412b494fde','Local - Cacti Poller - Boost Statistics','<path_cacti>/scripts/ss_cacti_poller_stats.php ss_boost',5),(15,'6a40673bc2ac25fa3fd5c94e4c793910','Local - Cacti Poller - Item Statistics','<path_cacti>/scripts/ss_cacti_poller_stats.php ss_poller_items',5),(16,'c57ecb685171224fc376a0cbf10d08ff','Local - Cacti Poller - Recache Statistics','<path_cacti>/scripts/ss_cacti_poller_stats.php ss_recache',5),(17,'fd8efbd6a865853728f90cf6933764df','Local - Cacti Poller - Boost Memory Statistics','<path_cacti>/scripts/ss_cacti_poller_stats.php ss_boost_mem',5),(18,'4bd9d93bd9a7bcddc8cb518b4d2fc5e9','License Server - Poller Stats','<path_cacti>/scripts/ss_lic_server_poller_stats.php ss_lic_server_poller_stats <lic_server_id>',5),(19,'cdb6b0efe61610286c6ea6989eb14a16','GRID - Cluster/Host Job Statistics','<path_cacti>/scripts/ss_grid_jobs.php ss_grid_jobs <hostname> <clusterid> <summary>',5),(20,'256c96676b915856648af5a1f7baf4a1','GRID - Cluster/Host Load Average','<path_cacti>/scripts/ss_grid_load.php ss_grid_load <hostname> <clusterid> <summary>',5),(21,'b1749e1fa6655198fdc160f68007c3fe','GRID - Cluster/Host IO Levels','<path_cacti>/scripts/ss_grid_io.php ss_grid_io <hostname> <clusterid> <summary>',5),(22,'57b4b8f5f8c8be3326b551130abbd905','GRID - Cluster/Host Available Memory','<path_cacti>/scripts/ss_grid_amem.php ss_grid_amem <hostname> <clusterid> <summary>',5),(23,'1e5986ff0339ce1c26b753a427449cc1','GRID - Cluster/Host CPU Utilization','<path_cacti>/scripts/ss_grid_cpu.php ss_grid_cpu <hostname> <clusterid> <summary>',5),(24,'67cec705d5aa0769b4c70096ed194789','GRID - Host Reserved Memory','<path_cacti>/scripts/ss_grid_hrmem.php ss_grid_hrmem <hostname> <clusterid>',5),(25,'c33cfbe8a94563fd14918a1e231392dd','GRID - Cluster/Overall Hourly Throughput','<path_cacti>/scripts/ss_grid_clustertp.php ss_grid_clustertp <clusterid> <summary>',5),(26,'494185a2adb21bab8f5f3fecf9684f91','GRID - Cluster/Overall Pending Jobs','<path_cacti>/scripts/ss_grid_cluster_pend.php ss_grid_cluster_pend <clusterid> <summary>',5),(27,'2273ccad8832ab6684ec904746dbe588','GRID - Cluster Efficiency','<path_cacti>/scripts/ss_grid_efficiency.php ss_grid_efficiency <clusterid>',5),(28,'4eb31ca913ee87acc7048282de9c8de3','GRID - Cluster Capacity','<path_cacti>/scripts/ss_grid_capacity.php ss_grid_capacity <clusterid> <baselineCpuFactor> <host_groups>',5),(29,'8b08afbebac386e00566a7a2ff014333','GRID - Cluster GridJobs Stats','<path_cacti>/scripts/ss_grid_poller_stats.php ss_grid_poller_stats <clusterid>',5),(30,'b4845a9cf93aa8b91dc4a42cebfa315f','GRID - LSF Performance','<path_cacti>/scripts/ss_grid_perf.php ss_grid_perf <clusterid>',5),(31,'aa7e2c28eb4a08fd529e0a16b8c4f0bf','GRID - Cluster Static and Float Clients','<path_cacti>/scripts/ss_grid_clients.php ss_grid_clients <clusterid>',5),(32,'3f46ac80dfc5020f288b13c48c8de092','GRID - Cluster Poller Stats','<path_cacti>/scripts/ss_grid_poller_stats.php ss_grid_poller_stats <clusterid>',5),(33,'26a6edcc5360ce922c7f856c0c428677','teMySQL - Volatile Queries','<path_cacti>/scripts/ss_mysql_stats.php ss_mysql_stats tevolatilequery <hostname> <username> <password>',5),(34,'94718b15732230fcfcf75e57e9189202','teMySQL - Volatile Handler','<path_cacti>/scripts/ss_mysql_stats.php ss_mysql_stats tevolatilehandler <hostname> <username> <password>',5),(35,'df90bcc28b0fcbd6b2d266943d2a39ca','teMySQL - Select Queries','<path_cacti>/scripts/ss_mysql_stats.php ss_mysql_stats teselectquery <hostname> <username> <password>',5),(36,'ca19b62ad13be9fe4b5cbe79b7a816de','teMySQL - Select Handler','<path_cacti>/scripts/ss_mysql_stats.php ss_mysql_stats teselecthandler <hostname> <username> <password>',5),(37,'d4666a1b9fe8d586f3e9c11cfb6d6252','teMySQL - Index Usage','<path_cacti>/scripts/ss_mysql_stats.php ss_mysql_stats teindexusage <hostname> <username> <password>',5),(38,'6c8a5fa1bf14c3b2fe6dad908da0b5c7','teMySQL - Query Cache','<path_cacti>/scripts/ss_mysql_stats.php ss_mysql_stats tequerycache <hostname> <username> <password>',5),(39,'3ad87aa11226abc5a391eaba532cf274','teMySQL - Network Usage','<path_cacti>/scripts/ss_mysql_stats.php ss_mysql_stats tenetwork <hostname> <username> <password>',5),(40,'db35361003c2ee35dc638bb9f758e6dc','teMySQL - Sorts','<path_cacti>/scripts/ss_mysql_stats.php ss_mysql_stats tesorts <hostname> <username> <password>',5),(41,'7d9c35fac4215cd2b46a39ec59ee6d7f','teMySQL - Locking and Slow','<path_cacti>/scripts/ss_mysql_stats.php ss_mysql_stats telockingandslow <hostname> <username> <password>',5),(42,'111bfab5b6b237b0b2ef9b1b21d136d8','teMySQL - Temporary Objects','<path_cacti>/scripts/ss_mysql_stats.php ss_mysql_stats tetempobjects <hostname> <username> <password>',5),(43,'55b5cf2ebe44814fa6a17b45bb86be42','teMySQL - Threads/Abends','<path_cacti>/scripts/ss_mysql_stats.php ss_mysql_stats tethreadsabends <hostname> <username> <password>',5),(44,'863954df2762fa6a3dd443e7434dc245','MySQL - Command statistics','<path_cacti>/scripts/ss_mysql_stats.php ss_mysql_stats command <hostname> <username> <password>',5),(45,'f59964d2b1649f28cdacffd68b68b469','MySQL - Handler statistics','<path_cacti>/scripts/ss_mysql_stats.php ss_mysql_stats handler <hostname> <username> <password>',5),(46,'39f137b87b354c0b09e000c16179a44b','teMySQL - InnoDB Row Operations','<path_cacti>/scripts/ss_mysql_stats.php ss_mysql_stats innodb <hostname> <username> <password>',5),(47,'f7adf1ac3929095b2ff2447b3731e734','teMySQL - InnoDB Buffers','<path_cacti>/scripts/ss_mysql_stats.php ss_mysql_stats innodb <hostname> <username> <password>',5),(48,'75e1892753867ac2079a93aff96f76a0','teMySQL - InnoDB Locks','<path_cacti>/scripts/ss_mysql_stats.php ss_mysql_stats innodb <hostname> <username> <password>',5),(49,'960f0377a341e0ab45ba7a5a2f76cc5f','teMySQL - InnoDB File I/O','<path_cacti>/scripts/ss_mysql_stats.php ss_mysql_stats innodb <hostname> <username> <password>',5),(50,'5036ba4f10baf24c1bd8ab0ed18bae82','GRID - Cluster Pending by Pending Reason','<path_cacti>/scripts/ss_grid_preason.php ss_grid_preason <clusterid>\"<reason>\"',5),(51,'b555ff5eb803a050cfc8578178e0722c','teMySQL - Replication','<path_cacti>/scripts/ss_mysql_stats.php ss_mysql_stats tereplication <hostname> <username> <password>',5),(52,'01cde0749ae68fd14b20fc2710d0d2ee','GRID - Get ELIM Resource Value','<path_cacti>/scripts/ss_grid_elim_stats.php ss_grid_elim_stats <clusterid> <host> <resource_name>',5),(53,'c83c55574e542b0c41b491a749725bf2','GRID - LSF MBD/MBSCHED Metrics','<path_cacti>/scripts/ss_grid_perfmon.php ss_grid_perfmon <clusterid> <metric>',5),(54,'eb45a7a704a08d6f36b5e147e1bd46d2','GRID - LSF MBD/MBSCHED Usage Metrics','<path_cacti>/scripts/ss_grid_perfmon_usage.php ss_grid_perfmon_usage <clusterid> <metric>',5),(55,'e3272383762da79d38a4d6ebc24104e4','GRID - Cluster Effective Utilization','<path_cacti>/scripts/ss_grid_effectiveut.php ss_grid_effectiveut <clusterid>',5),(56,'f58932bb5e920571b70b5797c18a46e4','GRID - Cluster/Host Effective Utilization','<path_cacti>/scripts/ss_grid_slot_ut.php ss_grid_slot_ut <hostname> <clusterid>',5),(57,'9fbb886a8e1a94f5aa39c3cdccabda77','Alert - License Usage %','<path_cacti>/scripts/ss_alert_lic_flexlm_usage.php ss_alert_lic_flexlm_usage <lic_server_id> <feature>',5),(58,'301f0c2e167402f913ff0170a0b06aa6','Alert - Host With /tmp Exceed % Capacity','<path_cacti>/scripts/ss_alert_host_tmp.php ss_alert_host_tmp <clusterid> <percent>',5),(59,'3a9d67b755cd53be0554503e73995d29','Alert - Host With /var/tmp Exceed % Capacity','<path_cacti>/scripts/ss_alert_host_vartmp.php ss_alert_host_vartmp <clusterid> <percent>',5),(60,'bee305f19a762597057c2727cdaf7e43','Alert - Host With X Status','<path_cacti>/scripts/ss_alert_host_status.php ss_alert_host_status <clusterid> <status>',5),(61,'fe38f661075ec1b31e687f747b6ecf21','Alert - Hostgroup With Low Number of Free Slots','<path_cacti>/scripts/ss_alert_hgroup_free_slots.php ss_alert_hgroup_free_slots <clusterid> <hgroup> <numslots>',5),(62,'f955a44e5ccaa36f3fd5ca066e5d10d5','Alert - Hosts With Effective r15m > X','<path_cacti>/scripts/ss_alert_host_eff_r15m.php ss_alert_host_eff_r15m <clusterid> <load_factor>',5),(63,'76fc0370029d3481629d969ca037e151','Alert - Hosts With Used Mem > %','<path_cacti>/scripts/ss_alert_host_mem.php ss_alert_host_mem <clusterid> <percent>',5),(64,'07c40c16e2373758ab764c373e22f2ff','Alert - Hosts with Used Swp > %','<path_cacti>/scripts/ss_alert_host_swp.php ss_alert_host_swp <clusterid> <percent>',5),(65,'8c5c973c6b099f143a1060f5640c38c4','Alert - Idle Jobs','<path_cacti>/scripts/ss_alert_jobs_idle.php ss_alert_jobs_idle <clusterid> <efficiency> <queue>',5),(66,'6bc32491fd0593c194ee1d8aa83f7c33','Alert - Jobs Pending for X Seconds','<path_cacti>/scripts/ss_alert_jobs_pending.php ss_alert_jobs_pending <clusterid> <secpend> <queue>',5),(67,'b5496c20972a100900bad6f4a2dc3b0c','GRID - LSF MBD/MBSCHED UT Metrics','<path_cacti>/scripts/ss_grid_perfmon_ut.php ss_grid_perfmon_ut <clusterid> <metric>',5);
/*!40000 ALTER TABLE `data_input` ENABLE KEYS */;
UNLOCK TABLES;

--
-- Table structure for table `data_input_data`
--

DROP TABLE IF EXISTS `data_input_data`;
/*!40101 SET @saved_cs_client     = @@character_set_client */;
/*!40101 SET character_set_client = utf8 */;
CREATE TABLE `data_input_data` (
  `data_input_field_id` mediumint(8) unsigned NOT NULL DEFAULT 0,
  `data_template_data_id` int(10) unsigned NOT NULL DEFAULT 0,
  `t_value` char(2) DEFAULT NULL,
  `value` text DEFAULT NULL,
  PRIMARY KEY (`data_input_field_id`,`data_template_data_id`),
  KEY `t_value` (`t_value`),
  KEY `data_template_data_id` (`data_template_data_id`)
) ENGINE=InnoDB;
/*!40101 SET character_set_client = @saved_cs_client */;

--
-- Dumping data for table `data_input_data`
--

LOCK TABLES `data_input_data` WRITE;
/*!40000 ALTER TABLE `data_input_data` DISABLE KEYS */;
INSERT INTO `data_input_data` VALUES (1,4,'',''),(1,5,'',''),(1,6,'',''),(1,7,'','localhost'),(1,8,'','localhost'),(1,17,'',''),(1,19,'',''),(1,20,'',''),(1,22,'',''),(1,23,'',''),(1,24,'',''),(1,25,'',''),(1,26,'',''),(1,27,'',''),(1,29,'',''),(1,30,'',''),(1,31,'',''),(1,32,'',''),(1,33,'',''),(1,34,'',''),(1,35,'',''),(1,36,'',''),(1,37,'',''),(1,58,'',''),(1,59,'',''),(1,68,'',''),(1,119,'',''),(1,120,'',''),(1,121,'',''),(1,122,'',''),(1,123,'',''),(1,124,'',''),(1,125,'',''),(1,128,'',''),(1,129,'',''),(1,130,'',''),(1,131,'',''),(1,132,'',''),(1,133,'',''),(1,150,'',''),(1,151,'',''),(1,152,'',''),(1,161,'',''),(2,4,'',''),(2,5,'',''),(2,6,'',''),(2,7,'',''),(2,8,'',''),(2,17,'',''),(2,19,'',''),(2,20,'',''),(2,22,'',''),(2,23,'',''),(2,24,'',''),(2,25,'',''),(2,26,'',''),(2,27,'',''),(2,29,'',''),(2,30,'',''),(2,31,'',''),(2,32,'',''),(2,33,'',''),(2,34,'',''),(2,35,'',''),(2,36,'',''),(2,37,'',''),(2,58,'',''),(2,59,'',''),(2,68,'',''),(2,119,'',''),(2,120,'',''),(2,121,'',''),(2,122,'',''),(2,123,'',''),(2,124,'',''),(2,125,'',''),(2,128,'',''),(2,129,'',''),(2,130,'',''),(2,131,'',''),(2,132,'',''),(2,133,'',''),(2,150,'',''),(2,151,'',''),(2,152,'',''),(2,161,'',''),(3,4,'',''),(3,5,'',''),(3,6,'',''),(3,7,'',''),(3,8,'',''),(3,17,'',''),(3,19,'',''),(3,20,'',''),(3,22,'',''),(3,23,'',''),(3,24,'',''),(3,25,'',''),(3,26,'',''),(3,27,'',''),(3,29,'',''),(3,30,'',''),(3,31,'',''),(3,32,'',''),(3,33,'',''),(3,34,'',''),(3,35,'',''),(3,36,'',''),(3,37,'',''),(3,119,'',''),(3,120,'',''),(3,121,'',''),(3,122,'',''),(3,123,'',''),(3,124,'',''),(3,125,'',''),(3,128,'',''),(3,129,'',''),(3,130,'',''),(3,131,'',''),(3,132,'',''),(3,133,'',''),(3,150,'',''),(3,151,'',''),(3,152,'',''),(3,161,'',''),(4,17,'',''),(4,29,'',''),(4,30,'',''),(4,31,'',''),(4,32,'',''),(4,33,'',''),(4,34,'',''),(4,35,'',''),(4,36,'',''),(4,37,'',''),(4,119,'',''),(4,120,'',''),(4,121,'',''),(4,122,'',''),(4,123,'',''),(4,124,'',''),(4,125,'',''),(4,128,'',''),(4,129,'',''),(4,130,'',''),(4,131,'',''),(4,132,'',''),(4,133,'',''),(4,150,'',''),(4,151,'',''),(4,152,'',''),(4,161,'',''),(5,17,'',''),(5,29,'',''),(5,30,'',''),(5,31,'',''),(5,32,'',''),(5,33,'',''),(5,34,'',''),(5,35,'',''),(5,36,'',''),(5,37,'',''),(5,119,'',''),(5,120,'',''),(5,121,'',''),(5,122,'',''),(5,123,'',''),(5,124,'',''),(5,125,'',''),(5,128,'',''),(5,129,'',''),(5,130,'',''),(5,131,'',''),(5,132,'',''),(5,133,'',''),(5,150,'',''),(5,151,'',''),(5,152,'',''),(5,161,'',''),(6,17,'','.1.3.6.1.4.1.9.2.1.58.0'),(6,29,'','.1.3.6.1.4.1.2021.11.52.0'),(6,30,'','.1.3.6.1.4.1.2021.11.50.0'),(6,31,'','.1.3.6.1.4.1.2021.11.51.0'),(6,32,'','.1.3.6.1.4.1.2021.10.1.3.1'),(6,33,'','.1.3.6.1.4.1.2021.10.1.3.2'),(6,34,'','.1.3.6.1.4.1.2021.10.1.3.3'),(6,35,'','.1.3.6.1.4.1.2021.4.14.0'),(6,36,'','.1.3.6.1.4.1.2021.4.6.0'),(6,37,'','.1.3.6.1.4.1.2021.4.15.0'),(6,119,'','.1.3.6.1.2.1.25.1.5.0'),(6,120,'','.1.3.6.1.2.1.25.1.6.0'),(6,121,'','.1.3.6.1.4.1.2021.11.10.0'),(6,122,'','.1.3.6.1.4.1.2021.11.9.0'),(6,123,'','.1.3.6.1.4.1.2021.11.11.0'),(6,124,'','.1.3.6.1.4.1.2021.11.7.0'),(6,125,'','.1.3.6.1.4.1.2021.11.8.0'),(6,128,'','.1.3.6.1.4.1.23.2.28.2.5.0'),(6,129,'','.1.3.6.1.4.1.23.2.28.2.6.0'),(6,130,'','.1.3.6.1.4.1.23.2.28.2.1.0'),(6,131,'','.1.3.6.1.4.1.23.2.28.2.2.0'),(6,132,'','.1.3.6.1.4.1.23.2.28.3.2.0'),(6,133,'','.1.3.6.1.4.1.23.2.28.2.7.0'),(6,150,'','.1.3.6.1.4.1.2021.10.1.3.1'),(6,151,'','.1.3.6.1.4.1.2021.10.1.3.2'),(6,152,'','.1.3.6.1.4.1.2021.10.1.3.3'),(6,159,'on',''),(6,161,'','.1.3.6.1.4.1.23.2.28.3.1'),(7,18,'',''),(7,44,'',''),(8,18,'',''),(8,44,'',''),(9,18,'',''),(9,44,'',''),(10,18,'',''),(10,44,'',''),(11,18,'',''),(11,44,'',''),(12,18,'on',''),(12,19,'on',''),(12,20,'on',''),(12,21,'on',''),(12,44,'on',''),(12,115,'on',''),(12,116,'on',''),(12,117,'on',''),(12,118,'on',''),(12,134,'on',''),(12,135,'on',''),(12,136,'on',''),(13,18,'on',''),(13,19,'on',''),(13,20,'on',''),(13,21,'on',''),(13,44,'on',''),(13,115,'on',''),(13,116,'on',''),(13,117,'on',''),(13,118,'on',''),(13,134,'on',''),(13,135,'on',''),(13,136,'on',''),(14,18,'on',''),(14,19,'on',''),(14,20,'on',''),(14,21,'on',''),(14,44,'on',''),(14,115,'on',''),(14,116,'on',''),(14,117,'on',''),(14,118,'on',''),(14,134,'on',''),(14,135,'on',''),(14,136,'on',''),(20,3,'',''),(20,10,'',''),(22,4,'','MemFree:'),(22,5,'','SwapFree:'),(22,7,'','MemFree:'),(22,8,'','SwapFree:'),(29,160,'',''),(31,6,'on',''),(32,6,'on',''),(33,6,'on',''),(35,23,'on',''),(35,24,'on',''),(35,25,'on',''),(35,26,'on',''),(35,27,'on',''),(35,28,'on',''),(35,53,'on',''),(35,54,'on',''),(35,55,'on',''),(35,56,'on',''),(35,59,'on',''),(35,60,'on',''),(35,61,'on',''),(35,62,'on',''),(35,63,'on',''),(35,64,'on',''),(35,65,'on',''),(35,66,'on',''),(35,67,'on',''),(35,68,'on',''),(35,69,'on',''),(35,70,'on',''),(35,71,'on',''),(35,72,'on',''),(35,73,'on',''),(35,74,'on',''),(35,75,'on',''),(35,76,'on',''),(35,77,'on',''),(35,78,'on',''),(35,79,'on',''),(35,80,'on',''),(35,81,'on',''),(35,82,'on',''),(35,83,'on',''),(35,84,'on',''),(35,85,'on',''),(35,86,'on',''),(35,87,'on',''),(35,88,'on',''),(35,89,'on',''),(35,90,'on',''),(35,91,'on',''),(35,92,'on',''),(35,93,'on',''),(35,94,'on',''),(35,95,'on',''),(35,96,'on',''),(35,97,'on',''),(35,98,'on',''),(35,99,'on',''),(35,100,'on',''),(35,101,'on',''),(35,102,'on',''),(35,103,'on',''),(35,104,'on',''),(35,105,'on',''),(35,106,'on',''),(35,107,'on',''),(35,108,'on',''),(35,109,'on',''),(35,110,'on',''),(35,111,'on',''),(35,112,'on',''),(35,113,'on',''),(35,114,'on',''),(35,126,'on',''),(35,127,'on',''),(35,163,'on',''),(35,164,'on',''),(35,165,'on',''),(35,166,'on',''),(35,167,'on',''),(35,168,'on',''),(35,169,'on',''),(35,170,'on',''),(35,171,'on',''),(35,172,'on',''),(35,173,'on',''),(35,174,'on',''),(35,175,'on',''),(35,176,'on',''),(35,177,'on',''),(35,178,'on',''),(35,179,'on',''),(35,180,'on',''),(35,181,'on',''),(35,182,'on',''),(35,186,'on',''),(35,189,'on',''),(35,190,'on',''),(35,205,'on',''),(35,216,'on',''),(35,220,'on',''),(35,222,'on',''),(35,224,'on',''),(36,23,'on',''),(36,24,'on',''),(36,25,'on',''),(36,26,'on',''),(36,27,'on',''),(36,28,'on',''),(36,53,'on',''),(36,54,'on',''),(36,55,'on',''),(36,56,'on',''),(36,59,'on',''),(36,60,'on',''),(36,61,'on',''),(36,62,'on',''),(36,63,'on',''),(36,64,'on',''),(36,65,'on',''),(36,66,'on',''),(36,67,'on',''),(36,68,'on',''),(36,69,'on',''),(36,70,'on',''),(36,71,'on',''),(36,72,'on',''),(36,73,'on',''),(36,74,'on',''),(36,75,'on',''),(36,76,'on',''),(36,77,'on',''),(36,78,'on',''),(36,79,'on',''),(36,80,'on',''),(36,81,'on',''),(36,82,'on',''),(36,83,'on',''),(36,84,'on',''),(36,85,'on',''),(36,86,'on',''),(36,87,'on',''),(36,88,'on',''),(36,89,'on',''),(36,90,'on',''),(36,91,'on',''),(36,92,'on',''),(36,93,'on',''),(36,94,'on',''),(36,95,'on',''),(36,96,'on',''),(36,97,'on',''),(36,98,'on',''),(36,99,'on',''),(36,100,'on',''),(36,101,'on',''),(36,102,'on',''),(36,103,'on',''),(36,104,'on',''),(36,105,'on',''),(36,106,'on',''),(36,107,'on',''),(36,108,'on',''),(36,109,'on',''),(36,110,'on',''),(36,111,'on',''),(36,112,'on',''),(36,113,'on',''),(36,114,'on',''),(36,126,'on',''),(36,127,'on',''),(36,163,'on',''),(36,164,'on',''),(36,165,'on',''),(36,166,'on',''),(36,167,'on',''),(36,168,'on',''),(36,169,'on',''),(36,170,'on',''),(36,171,'on',''),(36,172,'on',''),(36,173,'on',''),(36,174,'on',''),(36,175,'on',''),(36,176,'on',''),(36,177,'on',''),(36,178,'on',''),(36,179,'on',''),(36,180,'on',''),(36,181,'on',''),(36,182,'on',''),(36,186,'on',''),(36,189,'on',''),(36,190,'on',''),(36,205,'on',''),(36,216,'on',''),(36,220,'on',''),(36,222,'on',''),(36,224,'on',''),(37,23,'on',''),(37,24,'on',''),(37,25,'on',''),(37,26,'on',''),(37,27,'on',''),(37,28,'on',''),(37,53,'on',''),(37,54,'on',''),(37,55,'on',''),(37,56,'on',''),(37,59,'on',''),(37,60,'on',''),(37,61,'on',''),(37,62,'on',''),(37,63,'on',''),(37,64,'on',''),(37,65,'on',''),(37,66,'on',''),(37,67,'on',''),(37,68,'on',''),(37,69,'on',''),(37,70,'on',''),(37,71,'on',''),(37,72,'on',''),(37,73,'on',''),(37,74,'on',''),(37,75,'on',''),(37,76,'on',''),(37,77,'on',''),(37,78,'on',''),(37,79,'on',''),(37,80,'on',''),(37,81,'on',''),(37,82,'on',''),(37,83,'on',''),(37,84,'on',''),(37,85,'on',''),(37,86,'on',''),(37,87,'on',''),(37,88,'on',''),(37,89,'on',''),(37,90,'on',''),(37,91,'on',''),(37,92,'on',''),(37,93,'on',''),(37,94,'on',''),(37,95,'on',''),(37,96,'on',''),(37,97,'on',''),(37,98,'on',''),(37,99,'on',''),(37,100,'on',''),(37,101,'on',''),(37,102,'on',''),(37,103,'on',''),(37,104,'on',''),(37,105,'on',''),(37,106,'on',''),(37,107,'on',''),(37,108,'on',''),(37,109,'on',''),(37,110,'on',''),(37,111,'on',''),(37,112,'on',''),(37,113,'on',''),(37,114,'on',''),(37,126,'on',''),(37,127,'on',''),(37,163,'on',''),(37,164,'on',''),(37,165,'on',''),(37,166,'on',''),(37,167,'on',''),(37,168,'on',''),(37,169,'on',''),(37,170,'on',''),(37,171,'on',''),(37,172,'on',''),(37,173,'on',''),(37,174,'on',''),(37,175,'on',''),(37,176,'on',''),(37,177,'on',''),(37,178,'on',''),(37,179,'on',''),(37,180,'on',''),(37,181,'on',''),(37,182,'on',''),(37,186,'on',''),(37,189,'on',''),(37,190,'on',''),(37,205,'on',''),(37,216,'on',''),(37,220,'on',''),(37,222,'on',''),(37,224,'on',''),(39,44,'',''),(40,29,'',''),(40,30,'',''),(40,31,'',''),(40,32,'',''),(40,33,'',''),(40,34,'',''),(40,35,'',''),(40,36,'',''),(40,37,'',''),(40,121,'',''),(40,122,'',''),(40,123,'',''),(40,124,'',''),(40,125,'',''),(41,29,'',''),(41,30,'',''),(41,31,'',''),(41,32,'',''),(41,33,'',''),(41,34,'',''),(41,35,'',''),(41,36,'',''),(41,37,'',''),(41,121,'',''),(41,122,'',''),(41,123,'',''),(41,124,'',''),(41,125,'',''),(42,29,'',''),(42,30,'',''),(42,31,'',''),(42,32,'',''),(42,33,'',''),(42,34,'',''),(42,35,'',''),(42,36,'',''),(42,37,'',''),(42,121,'',''),(42,122,'',''),(42,123,'',''),(42,124,'',''),(42,125,'',''),(43,29,'',''),(43,30,'',''),(43,31,'',''),(43,32,'',''),(43,33,'',''),(43,34,'',''),(43,35,'',''),(43,36,'',''),(43,37,'',''),(43,121,'',''),(43,122,'',''),(43,123,'',''),(43,124,'',''),(43,125,'',''),(44,44,'',''),(45,44,'',''),(46,44,'',''),(63,22,'',''),(65,38,'',''),(72,38,'',''),(73,38,'on','no'),(74,39,'',''),(78,39,'',''),(79,39,'on','no'),(80,40,'',''),(81,40,'',''),(82,40,'on','no'),(85,41,'',''),(86,41,'',''),(87,41,'on','no'),(90,42,'',''),(91,42,'',''),(92,42,'on','no'),(94,43,'',''),(95,43,'',''),(99,45,'',''),(100,45,'on','no'),(104,46,'',''),(105,46,'on','no'),(107,47,'',''),(109,48,'',''),(112,48,'on','100'),(113,48,'on',''),(115,49,'',''),(121,50,'',''),(124,51,'',''),(127,52,'',''),(137,137,'',''),(138,137,'on',''),(139,137,'on',''),(146,138,'',''),(147,138,'on',''),(148,138,'on',''),(155,139,'',''),(156,139,'on',''),(157,139,'on',''),(164,140,'',''),(165,140,'on',''),(166,140,'on',''),(173,141,'',''),(174,141,'on',''),(175,141,'on',''),(180,142,'',''),(181,142,'on',''),(182,142,'on',''),(191,143,'',''),(192,143,'on',''),(193,143,'on',''),(199,144,'',''),(200,144,'on',''),(201,144,'on',''),(206,145,'',''),(207,145,'on',''),(209,145,'on',''),(213,146,'',''),(214,146,'on',''),(215,146,'on',''),(219,147,'',''),(220,147,'on',''),(221,147,'on',''),(228,148,'',''),(229,148,'on',''),(230,148,'on',''),(236,149,'',''),(237,149,'on',''),(238,149,'on',''),(248,153,'',''),(249,153,'on',''),(250,153,'on',''),(255,154,'',''),(255,156,'',''),(256,154,'on',''),(256,156,'on',''),(257,154,'on',''),(257,156,'on',''),(266,155,'',''),(267,155,'on',''),(268,155,'on',''),(274,157,'on',''),(275,157,'on',''),(278,157,'',''),(279,158,'on',''),(280,158,'',''),(282,162,'',''),(283,162,'on',''),(284,162,'on',''),(295,191,'',''),(295,192,'',''),(295,193,'',''),(295,194,'',''),(295,195,'',''),(295,196,'',''),(295,197,'',''),(295,198,'',''),(295,199,'',''),(295,200,'',''),(295,202,'',''),(295,217,'',''),(296,191,'','hostInfo'),(296,192,'','matchCriteria'),(296,193,'','jobBuckets'),(296,194,'','jobInfo'),(296,195,'','schedInterval'),(296,196,'','jobsCompleted'),(296,197,'','jobsDispatched'),(296,198,'','jobsSubmitted'),(296,199,'','submitRequest'),(296,200,'','mbatchdRequest'),(296,202,'','queueInfo'),(296,217,'','jobsReordered'),(299,201,'',''),(300,201,'','fileDescriptor'),(306,204,'',''),(307,204,'',''),(311,206,'',''),(312,206,'on',''),(318,207,'',''),(319,207,'on',''),(322,208,'',''),(323,208,'on',''),(324,209,'',''),(326,209,'on',''),(327,210,'',''),(328,210,'on',''),(329,210,'on',''),(331,211,'',''),(332,211,'on',''),(334,212,'',''),(335,212,'on',''),(337,213,'',''),(338,213,'on',''),(340,214,'',''),(342,214,'on',''),(343,214,'on',''),(344,215,'',''),(346,215,'on',''),(347,215,'on',''),(348,218,'',''),(348,219,'',''),(349,218,'','memoryUT'),(349,219,'','slotUT');
/*!40000 ALTER TABLE `data_input_data` ENABLE KEYS */;
UNLOCK TABLES;

--
-- Table structure for table `data_input_fields`
--

DROP TABLE IF EXISTS `data_input_fields`;
/*!40101 SET @saved_cs_client     = @@character_set_client */;
/*!40101 SET character_set_client = utf8 */;
CREATE TABLE `data_input_fields` (
  `id` mediumint(8) unsigned NOT NULL AUTO_INCREMENT,
  `hash` varchar(32) NOT NULL DEFAULT '',
  `data_input_id` mediumint(8) unsigned NOT NULL DEFAULT 0,
  `name` varchar(200) NOT NULL DEFAULT '',
  `data_name` varchar(50) NOT NULL DEFAULT '',
  `input_output` char(3) NOT NULL DEFAULT '',
  `update_rra` char(2) DEFAULT '0',
  `sequence` smallint(5) NOT NULL DEFAULT 0,
  `type_code` varchar(40) DEFAULT NULL,
  `regexp_match` varchar(200) DEFAULT NULL,
  `allow_nulls` char(2) DEFAULT NULL,
  PRIMARY KEY (`id`),
  KEY `data_input_id` (`data_input_id`),
  KEY `input_output` (`input_output`),
  KEY `type_code_data_input_id` (`type_code`,`data_input_id`)
) ENGINE=InnoDB;
/*!40101 SET character_set_client = @saved_cs_client */;

--
-- Dumping data for table `data_input_fields`
--

LOCK TABLES `data_input_fields` WRITE;
/*!40000 ALTER TABLE `data_input_fields` DISABLE KEYS */;
INSERT INTO `data_input_fields` VALUES (1,'92f5906c8dc0f964b41f4253df582c38',1,'SNMP IP Address','management_ip','in','',0,'hostname','',''),(2,'32285d5bf16e56c478f5e83f32cda9ef',1,'SNMP Community','snmp_community','in','',0,'snmp_community','',''),(3,'ad14ac90641aed388139f6ba86a2e48b',1,'SNMP Username','snmp_username','in','',0,'snmp_username','','on'),(4,'9c55a74bd571b4f00a96fd4b793278c6',1,'SNMP Password','snmp_password','in','',0,'snmp_password','','on'),(5,'012ccb1d3687d3edb29c002ea66e72da',1,'SNMP Version (1, 2, or 3)','snmp_version','in','',0,'snmp_version','','on'),(6,'4276a5ec6e3fe33995129041b1909762',1,'OID','oid','in','',0,'snmp_oid','',''),(7,'617cdc8a230615e59f06f361ef6e7728',2,'SNMP IP Address','management_ip','in','',0,'hostname','',''),(8,'acb449d1451e8a2a655c2c99d31142c7',2,'SNMP Community','snmp_community','in','',0,'snmp_community','',''),(9,'f4facc5e2ca7ebee621f09bc6d9fc792',2,'SNMP Username (v3)','snmp_username','in','',0,'snmp_username','','on'),(10,'1cc1493a6781af2c478fa4de971531cf',2,'SNMP Password (v3)','snmp_password','in','',0,'snmp_password','','on'),(11,'b5c23f246559df38662c255f4aa21d6b',2,'SNMP Version (1, 2, or 3)','snmp_version','in','',0,'snmp_version','',''),(12,'6027a919c7c7731fbe095b6f53ab127b',2,'Index Type','index_type','in','',0,'index_type','',''),(13,'cbbe5c1ddfb264a6e5d509ce1c78c95f',2,'Index Value','index_value','in','',0,'index_value','',''),(14,'e6deda7be0f391399c5130e7c4a48b28',2,'Output Type ID','output_type','in','',0,'output_type','',''),(15,'edfd72783ad02df128ff82fc9324b4b9',3,'Disk Partition','partition','in','',1,'','',''),(16,'8b75fb61d288f0b5fc0bd3056af3689b',3,'Kilobytes Free','kilobytes','out','on',0,'','',''),(17,'363588d49b263d30aecb683c52774f39',4,'1 Minute Average','1min','out','on',0,'','',''),(18,'ad139a9e1d69881da36fca07889abf58',4,'5 Minute Average','5min','out','on',0,'','',''),(19,'5db9fee64824c08258c7ff6f8bc53337',4,'10 Minute Average','10min','out','on',0,'','',''),(20,'c0cfd0beae5e79927c5a360076706820',5,'Username (Optional)','username','in','',1,'','','on'),(21,'52c58ad414d9a2a83b00a7a51be75a53',5,'Logged In Users','users','out','on',0,'','',''),(22,'05eb5d710f0814871b8515845521f8d7',6,'Grep String','grepstr','in','',1,'','',''),(23,'86cb1cbfde66279dbc7f1144f43a3219',6,'Result (in Kilobytes)','kilobytes','out','on',0,'','',''),(24,'d5a8dd5fbe6a5af11667c0039af41386',7,'Number of Processes','proc','out','on',0,'','',''),(25,'8848cdcae831595951a3f6af04eec93b',8,'Grep String','grepstr','in','',1,'','','on'),(26,'3d1288d33008430ce354e8b9c162f7ff',8,'Connections','connections','out','on',0,'','',''),(27,'c6af570bb2ed9c84abf32033702e2860',9,'(Optional) Log Path','log_path','in','',1,'','','on'),(28,'f9389860f5c5340c9b27fca0b4ee5e71',9,'Web Hits','webhits','out','on',0,'','',''),(29,'5fbadb91ad66f203463c1187fe7bd9d5',10,'IP Address','ip','in','',1,'hostname','',''),(30,'6ac4330d123c69067d36a933d105e89a',10,'Milliseconds','out_ms','out','on',0,'','',''),(31,'d39556ecad6166701bfb0e28c5a11108',11,'Index Type','index_type','in','',0,'index_type','',''),(32,'3b7caa46eb809fc238de6ef18b6e10d5',11,'Index Value','index_value','in','',0,'index_value','',''),(33,'74af2e42dc12956c4817c2ef5d9983f9',11,'Output Type ID','output_type','in','',0,'output_type','',''),(34,'8ae57f09f787656bf4ac541e8bd12537',11,'Output Value','output','out','on',0,'','',''),(35,'172b4b0eacee4948c6479f587b62e512',12,'Index Type','index_type','in','',0,'index_type','',''),(36,'30fb5d5bcf3d66bb5abe88596f357c26',12,'Index Value','index_value','in','',0,'index_value','',''),(37,'31112c85ae4ff821d3b288336288818c',12,'Output Type ID','output_type','in','',0,'output_type','',''),(38,'5be8fa85472d89c621790b43510b5043',12,'Output Value','output','out','on',0,'','',''),(39,'c1f36ee60c3dc98945556d57f26e475b',2,'SNMP Port','snmp_port','in','',0,'snmp_port','',''),(40,'fc64b99742ec417cc424dbf8c7692d36',1,'SNMP Port','snmp_port','in','',0,'snmp_port','',''),(41,'20832ce12f099c8e54140793a091af90',1,'SNMP Authentication Protocol (v3)','snmp_auth_protocol','in','',0,'snmp_auth_protocol','',''),(42,'c60c9aac1e1b3555ea0620b8bbfd82cb',1,'SNMP Privacy Passphrase (v3)','snmp_priv_passphrase','in','',0,'snmp_priv_passphrase','',''),(43,'feda162701240101bc74148415ef415a',1,'SNMP Privacy Protocol (v3)','snmp_priv_protocol','in','',0,'snmp_priv_protocol','',''),(44,'2cf7129ad3ff819a7a7ac189bee48ce8',2,'SNMP Authentication Protocol (v3)','snmp_auth_protocol','in','',0,'snmp_auth_protocol','',''),(45,'6b13ac0a0194e171d241d4b06f913158',2,'SNMP Privacy Passphrase (v3)','snmp_priv_passphrase','in','',0,'snmp_priv_passphrase','',''),(46,'3a33d4fc65b8329ab2ac46a36da26b72',2,'SNMP Privacy Protocol (v3)','snmp_priv_protocol','in','',0,'snmp_priv_protocol','',''),(47,'03ffd37fd55813d2d25bcd34967f2bcb',13,'Number of all processed rrds','RRDsProcessed','out','on',0,'','',''),(48,'15cfbcb8b34f83e6f088103ee83b22a8',13,'Number of all data sources','DataSources','out','on',0,'','',''),(49,'c39772d17f7cd0ba6ae330bb1bdbf607',13,'Hosts per Process','HostsPerProcess','out','on',0,'','',''),(50,'fdd660a8c8cee48696c6265882f0c14c',13,'Number of all Hosts','Hosts','out','on',0,'','',''),(51,'a63f6464addc92837bde2a091eb25b64',13,'Maximum Threads per Process','Threads','out','on',0,'','',''),(52,'cc25e6d384d698c928db02d43c16aeed',13,'Maximum Concurrent Poller Processes','Processes','out','on',0,'','',''),(53,'4b9d7d50fbef23d98e4445b444aa76e9',13,'Time for last poller run','Time','out','on',0,'','',''),(54,'f83b18feedf42a2ce3b00faa8b33f9ae',14,'Runtime of Boost Server','Time','out','on',0,'','',''),(55,'9004fc36a705da8c629059d1157d1afa',14,'Number of rrd file updates','RRDUpdates','out','on',0,'','',''),(56,'b3f6a82762aef7c767174e2b7db1efe5',15,'# of SNMP polls','snmp','out','on',0,'','',''),(57,'647d57d2e5e47684d21dbc8f2e291b47',15,'# of script polls','script','out','on',0,'','',''),(58,'9de4cbb821bac56bdf37862658c2713d',15,'# of script server entries','script_server','out','on',0,'','',''),(59,'b2bc32657a7fe9b90dafabff5ea4a966',16,'Recaching Time','RecacheTime','out','on',0,'','',''),(60,'a359a5b959303937b7a3952925c24ea7',16,'# of recached Hosts','HostsRecached','out','on',0,'','',''),(61,'ee27944f37ae0ed5d3e2e36f3389c507',17,'Boost Peak Memory usage','boost_peak_memory','out','on',0,'','',''),(62,'c4bad77793c700a0675fe1e1507f3e10',18,'Poller Availability','avail','out','on',0,'','',''),(63,'aea9257f198f814c659484dabf18856c',18,'License Server ID','lic_server_id','in','',1,'lic_server_id','',''),(64,'783113325ddfb3fda676030aa4d50bec',18,'Poller Runtime','runtime','out','on',0,'','',''),(65,'00da52ba8bdb5d6267640410b4411fcc',19,'The name of the grid host.  This name must be the same in Cacti\'s hostname as well as the grid.','hostname','in','',1,'hostname','',''),(66,'d36157680a576a0337eae9080b16d04d',19,'The maximum number of jobs this host can run.','max_jobs','out','on',0,'','',''),(67,'8ce962241756734b587b3792d2dfba16',19,'The current number of jobs on the host.','num_jobs','out','on',0,'','',''),(68,'f6e9b6027d111f196cff765aedb98575',19,'The total number of running jobs on the host.','run_jobs','out','on',0,'','',''),(69,'15bbfb97984cbba8f7d5a42ae861ad12',19,'The number of jobs suspended by the system for this host.','sys_susp_jobs','out','on',0,'','',''),(70,'b8d9c537a133c9e593aad7b1cb73316d',19,'The total number of user suspended jobs on the host.','usr_susp_jobs','out','on',0,'','',''),(71,'20c310a6a7b59816264da2e6c07d71c7',19,'The total number of jobs currently reserved for this host.','res_jobs','out','on',0,'','',''),(72,'75e346e0a239f1c6937383b1f4e899ff',19,'The ID of the cluster','clusterid','in','',2,'clusterid','',''),(73,'7fe32b1db0ea5a832503188dc0456dc1',19,'Enter yes for grid summary, no for host summary.','summary','in','',3,'','',''),(74,'bdb9d8dccae44c31a6a6c52cf7baeb4b',20,'The unique hostname for the host','hostname','in','',1,'hostname','',''),(75,'bc350677365697eb5db2f396164c188f',20,'Fifteen Second Load Average','r15s','out','on',0,'','',''),(76,'42f17e4fe8ed4cc5a18caf80d64b9ffc',20,'One Minute Load Average','r1m','out','on',0,'','',''),(77,'cff6ee019515de5eea0d2ce1e5f04eee',20,'Fifteen Minute Load Average','r15m','out','on',0,'','',''),(78,'8105ee6017787d1e98e8f125606e9449',20,'The cluster where this host resides','clusterid','in','',2,'clusterid','',''),(79,'2b1300a0d6ead3c9cecb105ca32a51e6',20,'Enter yes for grid summary, no for host summary.','summary','in','',3,'','',''),(80,'ea8dccf5fc1384f938fd34eb84d663f3',21,'The unique hostname for the host','hostname','in','',1,'hostname','',''),(81,'81088f2c5a34260da1c4947118d37787',21,'The cluster where this host resides','clusterid','in','',2,'clusterid','',''),(82,'f6f1b65d709541eec49a5a51d96cd919',21,'Enter yes for grid summary, no for host summary','summary','in','',3,'','','on'),(83,'1ea8abe892946bab9a81aa61346a4bae',21,'System IO Level','io','out','on',0,'','',''),(84,'2038a506382c5cd423b348ff7ee958fe',21,'System Paging Level','pg','out','on',0,'','',''),(85,'70744ad026c734cf06edfcc6c217b633',22,'The unique hostname for the host','hostname','in','',1,'hostname','',''),(86,'44e472e8504c3ec8357d46bc00ebd74c',22,'The cluster where this host resides','clusterid','in','',2,'clusterid','',''),(87,'273942f905dcd59df70ea02bb5af94b2',22,'Enter yes for grid summary, no for host summary','summary','in','',3,'','','on'),(88,'3c176b85f0b7acae43a24eb498a4892d',22,'Available Physical Memory','mem','out','on',0,'','',''),(89,'b918e9aaf534d0e828bbfba6b86f768e',22,'Available Swap Memory','swp','out','on',0,'','',''),(90,'2fb06f635f5c5b3fff9c83a8344371ad',23,'The unique hostname for the host','hostname','in','',1,'hostname','',''),(91,'d9bbb77bcf21f2046f974cd58a251c24',23,'The cluster where this host resides','clusterid','in','',2,'clusterid','',''),(92,'c67e51b3d83dc938c623fdf824a0e757',23,'Enter yes for grid summary, no for host summary','summary','in','',3,'','','on'),(93,'ef5285a4765821eb48f1cbabc31ac1de',23,'System CPU Utilization for All Processors','ut','out','on',0,'','',''),(94,'e85e54e5e863684b6d1774f7c4bd225c',24,'The name of this how','hostname','in','',0,'hostname','',''),(95,'8c1c9fc0ca7366f1c4ef0ee947605ea1',24,'The ID of the Cluster','clusterid','in','',0,'clusterid','',''),(96,'ed4fd4c4dff2a7f2ee6473891face062',24,'The Physical Available on the Host','mem','out','on',0,'','',''),(97,'91cacdd5e1ad0b8f56bbf7304fc77b92',24,'The Reserved Memory by LSF','res','out','on',0,'','',''),(98,'94e8079839ac7e90b1b0c4cfbc157eb4',24,'The Virtual Memory Available on the Host','swp','out','on',0,'','',''),(99,'31ae2a1f2d89af7919efdc93f1f978ba',25,'The ID of the Cluster','clusterid','in','',1,'clusterid','',''),(100,'5667b275ccbd685f64af8b62b9672141',25,'If you wish All Cluster Totals, enter \"yes\", otherwise, for cluster totals, enter \"no\"','summary','in','',2,'','',''),(101,'a5446425ac0f13a43944c96ad245315d',25,'The number of jobs started','started','out','on',0,'','',''),(102,'bf5c0321f9879a43485422eb93b7fd94',25,'The number of Jobs done','done','out','on',0,'','',''),(103,'65e3b2f2e090934adb630f7dadaa5646',25,'The number of jobs that exited','exited','out','on',0,'','',''),(104,'fa1f49f70b24bc13951a62fba208c902',26,'The ID of the Cluster','clusterid','in','',1,'clusterid','',''),(105,'28c644db377dc9afee24862bc5d21b88',26,'If you wish to summarize for all clusters, enter \"yes\", otherwise for this single cluster, enter \"no\".','summary','in','',2,'','',''),(106,'a79c3cb4b9c2e31d54b4de1071608ac8',26,'The number of pending jobs','pending','out','on',0,'','',''),(107,'d740d04e555af4e04deb15bd8708a96a',27,'Cluster ID','clusterid','in','',1,'clusterid','',''),(108,'f7a27a1069fbdc331d705beda61aa21c',27,'Overall Efficiency of Running Jobs','efficiency','out','on',0,'','',''),(109,'8f7b6a3ee4c8cdd0ee26455771bc4187',28,'The internal id of the cluster','clusterid','in','',1,'clusterid','',''),(110,'90447450b80818ebc8109a20bb4d39b0',28,'The Total CPU Capacity of the Cluster','capacity','out','on',0,'','',''),(111,'386899a4ce61ca5a035f2405673936c7',28,'The Total CPU Load in Terms of Capacity on the Cluster','load','out','on',0,'','',''),(112,'5575e705bb65aa01370008eb0badbc17',28,'A Baseline CPU Factor to Use to Adjust all Values','baselineCpuFactor','in','',2,'','','on'),(113,'0fc8ba0c85f3e7aa875716aaaf23634e',28,'A Pipe Delimited List of Host Groups to Include in Measure','host_groups','in','',3,'','','on'),(114,'4ad9adb98a6d8701c4c0e9a9a73d4018',29,'The total runtime for the script','Runtime','out','on',0,'','',''),(115,'6c17996f47a09e10b195728511b527a8',29,'The Clusterid for this Cluster','clusterid','in','',1,'clusterid','',''),(116,'872927bd3efaf105372b680f6be78878',29,'The total time in MBD for all passes','MBDtime','out','on',0,'','',''),(117,'7afb30c1c66547ddadd3f4fcfdcfbccf',29,'The maximum amount of time spend in any one MBD pass','MBDppMax','out','on',0,'','',''),(118,'e6ef8b37eb93322e213796c745c5f6de',29,'The number of pending jobs processed','Pending','out','on',0,'','',''),(119,'702b1c38192f5559f9360ac308097d24',29,'The number of running jobs processed','Running','out','on',0,'','',''),(120,'b46b506f604d4dcccbcaccb9d8b38d56',29,'The number of Done jobs processed','Done','out','on',0,'','',''),(121,'daac3f47ee04e01b09f36fd68a0bcba1',30,'The internal id of the cluster','clusterid','in','',1,'clusterid','',''),(122,'b109f27e20a16d04d3d9e4bda128769e',30,'LSF LIM Response Time','lim','out','on',0,'','',''),(123,'b3f1edc6d9e1bb3e1e60bf08cf0de70a',30,'LSF LSB Response Time','lsb','out','on',0,'','',''),(124,'5413d71d6858e65fb6888bcdf256cee5',31,'The id of the cluster','clusterid','in','',1,'clusterid','',''),(125,'cc8906f503a4c44f17c0ccf768fe1abd',31,'Number of LSF floating client licenses','numFloatClients','out','on',0,'','',''),(126,'d78248f0002cafe5f123d912ed8edd65',31,'Number of LSF static client licenses','numStaticClients','out','on',0,'','',''),(127,'61f498200bc114419425c9bee0282680',32,'Cluster ID','clusterid','in','',1,'clusterid','',''),(128,'9431d97b5cfc57d4ace8ecc61b092d46',32,'gridhosts runtime','lshosts_Runtime','out','on',0,'','',''),(129,'9965790cda8a4aa294bd123375a70667',32,'gridload runtime','lsload_Runtime','out','on',0,'','',''),(130,'3b9624e062a3ca6f2f9a7a2b7456ec4d',32,'gridhostgroups runtime','bhostgroups_Runtime','out','on',0,'','',''),(131,'fac49a4e8e914daa211f897757309254',32,'gridarrays runtime','barray_Runtime','out','on',0,'','',''),(132,'ac0eb327edceb65a017e704b2f3ccc5d',32,'gridparams runtime','bparams_Runtime','out','on',0,'','',''),(133,'0e4a179747e1f6554068379757cf0da0',32,'gridusergroups runtime','busergroups_Runtime','out','on',0,'','',''),(134,'785b432c01ada7fdff05ce6744be88ab',32,'gridbhosts runtime','bhosts_Runtime','out','on',0,'','',''),(135,'a81155b9449fd394dcb1078f472ebedc',32,'gridqueues runtime','bqueues_Runtime','out','on',0,'','',''),(136,'d38563429b551fb8f5048d2d3ec6ad65',32,'gridusers runtime','busers_Runtime','out','on',0,'','',''),(137,'0dbd166eb883db9d47a3a857d5c413a8',33,'Host name','hostname','in','',0,'hostname','','on'),(138,'b022f6297cb2cd6d4e511aa00cc41b09',33,'User name','username','in','',0,'','','on'),(139,'0a54b17b90c297d95e6d92837764646b',33,'Password','password','in','',0,'','','on'),(140,'0efc9df618211f11a08db554c424453d',33,'Com_delete','Com_delete','out','on',0,'','',''),(141,'6973ef91ab85f7fed55b657801f62c75',33,'Com_insert','Com_insert','out','on',0,'','',''),(142,'3902b8e3ae6bfda3313062875d18e463',33,'Com_insert_select','Com_insert_select','out','on',0,'','',''),(143,'09237e7e22685de04af4e34c953e2442',33,'Com_truncate','Com_truncate','out','on',0,'','',''),(144,'2ccb9814080465e3b10baa49afe3cdf2',33,'Com_update','Com_update','out','on',0,'','',''),(145,'80311f7cdb164786a9f88ce196e5e73b',33,'Com_update_multi','Com_update_multi','out','on',0,'','',''),(146,'74d9ed1376f06e0fba98965e918fecc1',34,'Host name','hostname','in','',0,'hostname','','on'),(147,'b20e00fbee71aab7dee228e826bedff9',34,'User','username','in','',0,'','','on'),(148,'7953e8810afb21b493f2775fbfff7f10',34,'Password','password','in','',0,'','','on'),(149,'eaf6c22422fcd0c270621832455bbc38',34,'Handler_commit','Handler_commit','out','on',0,'','',''),(150,'fa0f2398e9095391e532b01c39f0a62d',34,'Handler_delete','Handler_delete','out','on',0,'','',''),(151,'a29baf1e3fdb5a1ea4205648b5e0faf9',34,'Handler_discover','Handler_discover','out','on',0,'','',''),(152,'fbbee63aa015658ff27c839e932155da',34,'Handler_rollback','Handler_rollback','out','on',0,'','',''),(153,'40b3cf7999989dfd042377ecb7156f8b',34,'Handler_update','Handler_update','out','on',0,'','',''),(154,'3e1920d0bb41c36e14d3790b0299e109',34,'Handler_write','Handler_write','out','on',0,'','',''),(155,'c5bf9b6bccc8b15df6d360e7e6baee6b',35,'Host name','hostname','in','',0,'hostname','','on'),(156,'ea5cc5a2e7762699f8a083068148620f',35,'User name','username','in','',0,'','','on'),(157,'107f3bb3eb6a6333e6186d3974345baa',35,'Password','password','in','',0,'','','on'),(158,'fa67e8f8cbfb8b87615692dbc20fb72f',35,'Com_select','Com_select','out','on',0,'','',''),(159,'3deef28e23134a1f2e7d83e85f4f964f',35,'Select_full_join','Select_full_join','out','on',0,'','',''),(160,'bdcc00d8f0a0bd0d30333c1978fd799e',35,'Select_full_range_join','Select_full_range_join','out','on',0,'','',''),(161,'8bd493672dec0b32963bb8752dcc286f',35,'Select_range','Select_range','out','on',0,'','',''),(162,'d0767fcd33ee0aa0b43d2ab84e98fb8c',35,'Select_range_check','Select_range_check','out','on',0,'','',''),(163,'c9d4ceb43bc1de0c3ab8c3403bc75e0b',35,'Select_scan','Select_scan','out','on',0,'','',''),(164,'2ca8bd2062a5a3edd012c24c6e44effc',36,'Host name','hostname','in','',0,'hostname','','on'),(165,'d492c32dfb95f2486dac01eff6c2c9da',36,'User name','username','in','',0,'','','on'),(166,'77ba0ff4d5081ac04db2ffb2a5d4f776',36,'Password','password','in','',0,'','','on'),(167,'8b07ecc9ebbeba091f4661d3d6a6c3fe',36,'Handler_read_first','Handler_read_first','out','on',0,'','',''),(168,'f0f8af4ed3fde71670e816ad08c770a1',36,'Handler_read_key','Handler_read_key','out','on',0,'','',''),(169,'470046a84c36ed458013a7c8fa1b9d6c',36,'Handler_read_next','Handler_read_next','out','on',0,'','',''),(170,'a0d83448ce6a2ad711eaa429c2de10c5',36,'Handler_read_prev','Handler_read_prev','out','on',0,'','',''),(171,'54662a98df03039ced8071c56f5b8a1b',36,'Handler_read_rnd','Handler_read_rnd','out','on',0,'','',''),(172,'9f70fadb2499b3bb3c25e60c8dbb39fe',36,'Handler_read_rnd_next','Handler_read_rnd_next','out','on',0,'','',''),(173,'f15137683a9d7e98f09bf4fc673dd5e1',37,'Host name','hostname','in','',0,'hostname','','on'),(174,'f8f6c64b5c34157963cc1b2b39ad1395',37,'User name','username','in','',0,'','','on'),(175,'7e94bd7ac3178f6a66844b4ee63f17ef',37,'Password','password','in','',0,'','','on'),(176,'7257049fe42e3cc00953ab52f6cade29',37,'Key_read_requests','Key_read_requests','out','on',0,'','',''),(177,'8c46c27313d7c4b317de70486d945ee3',37,'Key_reads','Key_reads','out','on',0,'','',''),(178,'332315177784519bee8dc994b2cc2aa2',37,'Key_write_requests','Key_write_requests','out','on',0,'','',''),(179,'7192cfedda53f2d094cbb8964859f8ab',37,'Key_writes','Key_writes','out','on',0,'','',''),(180,'762661403a546bb3a795ab937d8486a5',38,'Host name','hostname','in','',0,'hostname','','on'),(181,'9f2adcfe3fe4dfd6d38574fdb8e9aacc',38,'User name','username','in','',0,'','','on'),(182,'e8ea50ec0c8d719a44379619f7246726',38,'Password','password','in','',0,'','','on'),(183,'55502c3fac6539073fc83b71164aadea',38,'Qcache_free_blocks','Qcache_free_blocks','out','on',0,'','',''),(184,'2ce6ef32257e0e1b5a1aca0a2290209b',38,'Qcache_free_memory','Qcache_free_memory','out','on',0,'','',''),(185,'e21fe68c6e9a64deabf95eeb29fff158',38,'Qcache_hits','Qcache_hits','out','on',0,'','',''),(186,'2c7f886365cc84ccc018ed78ffd5ab11',38,'Qcache_inserts','Qcache_inserts','out','on',0,'','',''),(187,'5a417c7dc8f2b39ff2ce6e362b12d2cb',38,'Qcache_lowmem_prunes','Qcache_lowmem_prunes','out','on',0,'','',''),(188,'4fc9a1093a538e793aaae79c3305ed0c',38,'Qcache_not_cached','Qcache_not_cached','out','on',0,'','',''),(189,'8fea815088b875858225859a81b9ec13',38,'Qcache_queries_in_cache','Qcache_queries_in_cache','out','on',0,'','',''),(190,'7a1e1d10bf6bf0a6386f96d568f80620',38,'Qcache_total_blocks','Qcache_total_blocks','out','on',0,'','',''),(191,'60664ffef5a1db5c8013a11acaac8149',39,'Host name','hostname','in','',0,'hostname','','on'),(192,'740d58ed0de36cf0f90945dd920803a4',39,'User name','username','in','',0,'','','on'),(193,'8dc62ffd84e74f6d90e08487975bad06',39,'Password','password','in','',0,'','','on'),(194,'5553162fceec749a281dfc315c0630ad',39,'Questions','Questions','out','on',0,'','',''),(195,'d9d56a7ad99718742f027c812069b415',39,'Bytes_received','Bytes_received','out','on',0,'','',''),(196,'89532cf76ab8d6e096de63a4bc845e9f',39,'Bytes_sent','Bytes_sent','out','on',0,'','',''),(197,'dadedd4be3fd32bc976b354478153965',39,'Connections','Connections','out','on',0,'','',''),(198,'7e30c885a50d2bf32502fa4205b77d12',39,'Max_used_connections','Max_used_connections','out','on',0,'','',''),(199,'aae8a6a38ed0f8feccd08cdcc40d48fe',40,'Host name','hostname','in','',0,'hostname','','on'),(200,'acab3682e42b4f41e4a44926841dabb5',40,'User name','username','in','',0,'','','on'),(201,'c12de3ab4b0f5ee9ae674fbb7a741528',40,'Password','password','in','',0,'','','on'),(202,'eee8e651331c5473fd3bf9227932d55d',40,'Sort_merge_passes','Sort_merge_passes','out','on',0,'','',''),(203,'89361df05dd898c643ee6340d8a9cfd3',40,'Sort_range','Sort_range','out','on',0,'','',''),(204,'4673af1c6bd76dff85aa05158aece0d7',40,'Sort_rows','Sort_rows','out','on',0,'','',''),(205,'3a447d84acb3a5d11f30df61b4eb9320',40,'Sort_scan','Sort_scan','out','on',0,'','',''),(206,'486005ffbdc6facec23a498d30ddd648',41,'Host name','hostname','in','',0,'hostname','','on'),(207,'aea70ddd5ccab6e5a1aabc287ed6bbc2',41,'User name','username','in','',0,'','','on'),(208,'b1727d4b080e98d85aa623c3a0098564',41,'Table_locks_immediate','Table_locks_immediate','out','on',0,'','',''),(209,'fbbeebbebb1d3b1c5a64dc2e65db4a49',41,'Password','password','in','',0,'','','on'),(210,'996d4b1aa0aaf9d8dc68a7d652360c04',41,'Table_locks_waited','Table_locks_waited','out','on',0,'','',''),(211,'66c03776a9f1de79b8162ff5bff183fe',41,'Slow_launch_threads','Slow_launch_threads','out','on',0,'','',''),(212,'2b7db917495fac2adf9d85d77533991d',41,'Slow_queries','Slow_queries','out','on',0,'','',''),(213,'e32f03d1b8e491e1518fd664c8338491',42,'Host name','hostname','in','',0,'hostname','','on'),(214,'007efa9ac20caf699af8117a0d09e54c',42,'User name','username','in','',0,'','','on'),(215,'5e4709e0546ef0c8113650a5d97a4b39',42,'Password','password','in','',0,'','','on'),(216,'e26064997278fe682c5c6f65c5cf710f',42,'Created_tmp_disk_tables','Created_tmp_disk_tables','out','on',0,'','',''),(217,'0549bb35c6f50c726a746b292848fc9e',42,'Created_tmp_files','Created_tmp_files','out','on',0,'','',''),(218,'6b35555b40707d1cbff65754d14659c1',42,'Created_tmp_tables','Created_tmp_tables','out','on',0,'','',''),(219,'938bd0b303428354fcbe35a3e9719a1a',43,'Host name','hostname','in','',0,'hostname','','on'),(220,'674bf0e710550e6b484a8c91da15aeaa',43,'User name','username','in','',0,'','','on'),(221,'9e4467e6f9a67a4b55685e0468b1fb1b',43,'Password','password','in','',0,'','','on'),(222,'bbd00d2d1b1886331820d3ee743bace4',43,'Threads_cached','Threads_cached','out','on',0,'','',''),(223,'e7f104ba2a631ec57a7a614e0777f95b',43,'Threads_connected','Threads_connected','out','on',0,'','',''),(224,'002a7bbc212f186b42464433ed76675c',43,'Threads_created','Threads_created','out','on',0,'','',''),(225,'46273168ac57894b2fb696f8c2c64f96',43,'Threads_running','Threads_running','out','on',0,'','',''),(226,'bfe20365a2cadff0514a5181ac3141ba',43,'Aborted_clients','Aborted_clients','out','on',0,'','',''),(227,'11efc6d29c7347a5859b27bf09aee75e',43,'Aborted_connects','Aborted_connects','out','on',0,'','',''),(228,'95c92614a8bbb7188b59423f83fab58e',44,'Database Host','hostname','in','',0,'hostname','',''),(229,'3b68f282e1393d3307c3ccc4d07216c8',44,'Database User','username','in','',0,'','',''),(230,'c834e1ff20c8114f68f08e50d718d4b0',44,'Database Password','password','in','',0,'','',''),(231,'083674933462d93ac50d67544f08f34c',44,'change_db','change_db','out','on',0,'','',''),(232,'cf64e81368a5ef4eea8cf519620b14c0',44,'delete','delete','out','on',0,'','',''),(233,'8e8a6808471ec853912354a2a67724be',44,'insert','insert','out','on',0,'','',''),(234,'7b5c92dc02888a65ffe2033bf8e4bec8',44,'select','select','out','on',0,'','',''),(235,'d353cb182439bcfb45532536515f9d83',44,'update','update','out','on',0,'','',''),(236,'7939ce23d58fb376d6a950040a16b577',45,'Database Host','hostname','in','',0,'hostname','',''),(237,'51343772a380bad06aebd1546bd16f79',45,'Database User','username','in','',0,'','',''),(238,'aa0449db44ab26c7cd86cd7309df4d07',45,'Database Password','password','in','',0,'','',''),(239,'7e9fde2dab4b885128da3467996b888d',45,'Handler delete','delete','out','on',0,'','',''),(240,'f3547487d5cbcabc3adc60f865d6031f',45,'Handler read_first','read_first','out','on',0,'','',''),(241,'56344a606aeccfba0ee359e31e3bc026',45,'Handler read_key','read_key','out','on',0,'','',''),(242,'3a0e59a4182ebc572043c2d69b59f4a6',45,'Handler read_next','read_next','out','on',0,'','',''),(243,'bcbcf82c29c181e85c3e4e969d0cf621',45,'Handler read_prev','read_prev','out','on',0,'','',''),(244,'163dfe660241749c11b4559aadfae9d6',45,'Handler read_rnd','read_rnd','out','on',0,'','',''),(245,'7c8718f897cab8b2383eabfdb909bcb9',45,'Handler read_rnd_next','read_rnd_next','out','on',0,'','',''),(246,'030bd3511e404b82d1bb1c3ea8bf5b17',45,'Handler update','update','out','on',0,'','',''),(247,'b6dada0f29795a9c54ede88154597867',45,'Handler write','write','out','on',0,'','',''),(248,'0c9b4c8b44a3fdec58bcf8a3a1403e76',46,'Host name','hostname','in','',0,'hostname','','on'),(249,'ed0e4d30f1b12b0c2fbce482c7a09064',46,'User name','username','in','',0,'','','on'),(250,'6acba2fbaf326372de0cdaf0505a409b',46,'Password','password','in','',0,'','','on'),(251,'3f71b24f7642696ff1b749730d4e5a43',46,'rows_inserted','rows_inserted','out','on',0,'','',''),(252,'1d2d422234e09ab62d83000d82049dba',46,'rows_updated','rows_updated','out','on',0,'','',''),(253,'fcf33c01254ea0a2361511d277982fb4',46,'rows_deleted','rows_deleted','out','on',0,'','',''),(254,'fbf44cd9868c0364e2d209afd095e97e',46,'rows_read','rows_read','out','on',0,'','',''),(255,'c9b76b66ae8fd93eb68caa759ba697df',47,'Host name','hostname','in','',0,'hostname','',''),(256,'6a970078267adc2255264d595baf5bc3',47,'User name','username','in','',0,'','','on'),(257,'47f153b23a5f2377501b519d7010e6b7',47,'Password','password','in','',0,'','','on'),(258,'87916bb4ba36e9c6843ed61c5e62c62b',47,'insert_buffer_inserts','insert_buffer_inserts','out','on',0,'','',''),(259,'8d19f051b520f4ead1dd60abd140c7c3',47,'insert_buffer_merged','insert_buffer_merged','out','on',0,'','',''),(260,'7ebd6544a017932752c935e5b6c19b5e',47,'insert_buffer_merges','insert_buffer_merges','out','on',0,'','',''),(261,'f2a07afff5d871459f29527f0cbe9372',47,'buffer_pool_size','buffer_pool_size','out','on',0,'','',''),(262,'b3894ef268ad2f17216f159d65800b59',47,'buffer_free_pages','buffer_free_pages','out','on',0,'','',''),(263,'68b5c7f65cf91f196b1e730813781c33',47,'buffer_database_pages','buffer_database_pages','out','on',0,'','',''),(264,'b80ca81f522853fd828e20de54077ba2',47,'buffer_modified_pages','buffer_modified_pages','out','on',0,'','',''),(265,'35f0ce0832e454b5ee7fab7f742a2fc0',47,'buffer_hit_rate','buffer_hit_rate','out','on',0,'','',''),(266,'aa55c1ad5244adc70031b9f3a1f09409',48,'Host name','hostname','in','',0,'hostname','','on'),(267,'0e592b97bf8075512d6e4c26f793d819',48,'User name','username','in','',0,'','','on'),(268,'54846a7d1d11270d963af6699cb1f420',48,'Password','password','in','',0,'','','on'),(269,'1a5fb464ab5b94afb04f439d09f6bc04',48,'spin_waits','spin_waits','out','on',0,'','',''),(270,'47899a60f3ceb9868458fe49bd8a85d3',48,'spin_rounds','spin_rounds','out','on',0,'','',''),(271,'51870370b2b955154151119feff1bd91',48,'os_waits','os_waits','out','on',0,'','',''),(272,'d9c0a5260bae14510958a2206e575a82',49,'log_writes','log_writes','out','on',0,'','',''),(273,'473d7b907819f09ff0596574a8ac3c4a',49,'file_fsyncs','file_fsyncs','out','on',0,'','',''),(274,'79633b5df386ef89ec7871270d232141',49,'User name','username','in','',0,'','','on'),(275,'bb3e47814690a8055e55627377b924d6',49,'Password','password','in','',0,'','','on'),(276,'639323d08e34b7c4b553a40b5f479aac',49,'file_reads','file_reads','out','on',0,'','',''),(277,'f86f01a6bcf4557b72da6b4f9df41135',49,'file_writes','file_writes','out','on',0,'','',''),(278,'f21f14ad48e0012d7e42a91446acacf5',49,'Host name','hostname','in','',0,'hostname','','on'),(279,'d9633077c232574856b0fa057f70f318',50,'The substring match on Pending Reason. No special characters.','reason','in','',2,'','',''),(280,'6d97833ee04520e2f29773d803ec0ef6',50,'The LSF Cluster to obtain pending count for','clusterid','in','',1,'clusterid','',''),(281,'9a8c294f7fce9ccae79d70ef697512e2',50,'The number of pending jobs','pendJobs','out','on',0,'','',''),(282,'e649b938a9a949c75f8f6868d96e9a21',51,'Host name','hostname','in','',1,'hostname','','on'),(283,'000cb79ce421f507a3c7362e174b91a1',51,'User name','username','in','',2,'','','on'),(284,'321b02d089307c0ac17024a92a0c4214',51,'Password','password','in','',3,'','','on'),(285,'ce0d669c0b9a1cf0ec820911f1f690d9',51,'Binlog_cache_disk_use','Binlog_cache_disk_use','out','on',0,'','',''),(286,'68f43e3559a2edbf6347ac2d4f0742b3',51,'Binlog_cache_use','Binlog_cache_use','out','on',0,'','',''),(287,'dfbbee8a9587d08b058bcc9d296db9ec',51,'Seconds_Behind_Master','Seconds_Behind_Master','out','on',0,'','',''),(288,'a72bc89485b3a406edcc084c7c4f00f1',51,'Read_Exec_Log_Pos_Diff','Read_Exec_Log_Pos_Diff','out','on',0,'','',''),(289,'7e3ec3807b443ef00f1eb1cb966c674c',52,'cluster id','clusterid','in','',1,'','',''),(290,'719cbdc34e66f9a2fd52ed2ecc9d6f9b',52,'host name','host','in','',2,'','',''),(291,'0ce7f7c3a2524ac4316f8784d762ce12',52,'reource name','resource_name','in','',3,'','',''),(292,'2acccd746d5aeae014acacdc834a2e2c',52,'total Value','totalValue','out','on',0,'','',''),(293,'2677a9958b2fc64a131f1f7e3c29f4a0',52,'reserved Value','reservedValue','out','on',0,'','',''),(294,'7944b2b0499eb7434d65c00b3f05c08f',52,'value of resource','value','out','on',0,'','',''),(295,'c445d93404677a37dc396a579c8debf9',53,'The clusterid of the Cluster','clusterid','in','',1,'clusterid','',''),(296,'38c4308ac5a193cb500a6ae9583f8ded',53,'The metric to collect','metric','in','',2,'','',''),(297,'1764c78b2a0c1209a70f9ce623a29c02',53,'The current value','current','out','on',0,'','',''),(298,'992ff2d44e1ea802a79012d933f5a9d0',53,'The average value','avg','out','on',0,'','',''),(299,'170d5a2568937c2d3f2e665ba15bdef9',54,'The id of the cluster','clusterid','in','',1,'clusterid','',''),(300,'c26146d6d52e003a932d9ded5fe3c0d8',54,'The metric to be monitored','metric','in','',2,'','',''),(301,'eb496a7a60030759d8e382481798bcf7',54,'Total of the resource','total','out','on',0,'','',''),(302,'6eead3a0014e59e0f9d4fdd5a6829d96',54,'The number of resources used','used','out','on',0,'','',''),(303,'a0ba4e30b1fd27010a0ea02f14913002',54,'Total resources remaining free','free','out','on',0,'','',''),(304,'d7b5369f47197a5a8908f43ba9118ade',55,'The Cluster ID of the Cluster','clusterid','in','',1,'clusterid','',''),(305,'41273d9287a12881bd61bd228969973a',55,'The effective UT as a whole percent','ut','out','on',0,'','',''),(306,'e0d5dfadf0a1520d386132c29e991322',56,'The host in the cluster','hostname','in','',1,'hostname','',''),(307,'f35a7c237572ce8daecb5a569d9d5de7',56,'The clusterid of the host','clusterid','in','',2,'clusterid','',''),(308,'0774f3f7f070bc3eab7773b2383af33a',56,'Memory slot utilization','memSlotUtil','out','on',0,'','',''),(309,'c984b718ac3c2c98afe6a867a619b967',56,'Job Slot Utilization','slotUtil','out','on',0,'','',''),(310,'0a7d5d4e77df2f402b80a5daa85cf1ce',56,'CPU Utilizatoin','cpuUtil','out','on',0,'','',''),(311,'b0be095d49912796576a076c53c5448b',57,'License Server ID','lic_server_id','in','',1,'lic_server_id','',''),(312,'fc77c2cd0217750a5c225b671b5f79d5',57,'License Feature Name','feature','in','',2,'','',''),(313,'39605987a254a1f6c4f919c0d4300c27',57,'Usage percentage','usage','out','on',0,'','',''),(314,'2a223969746c21c78ddf9f75b00ad389',57,'License In Use','inuse','out','on',0,'','',''),(315,'da2cf420e220e8c86f6baf5d0b2a6913',57,'Total Licenses','max','out','on',0,'','',''),(316,'566c052775f9323e868d0b8ddfbf3edc',57,'Queued Licenses','queued','out','on',0,'','',''),(317,'05f6883b5d2926432af7b38435a4bbdb',57,'Reserved Licenses','reserved','out','on',0,'','',''),(318,'0ec407ede58c3ffab293f1a9e0d8e8c3',58,'Cluster ID','clusterid','in','',1,'clusterid','',''),(319,'f8f3583bbfe6ec874ab5fc705b56226b',58,'Maximum percentage of /tmp used','percent','in','',2,'','',''),(320,'1a5d0afccd982b51f654652e509e93ef',58,'Number of host exceeds /tmp percentage used','numHost','out','on',0,'','',''),(321,'668c26c73646c1475d62a552c473435e',59,'Number of Hosts exceed /var/tmp percentage usage','numHost','out','on',0,'','',''),(322,'29d515afc1d475cd689749a5c5ee5dbf',59,'Cluster ID','clusterid','in','',1,'clusterid','',''),(323,'3861d89f53f638dee90df487f2f2bf81',59,'Percentage of /var/tmp used','percent','in','',2,'','',''),(324,'3e870df39df65eedbfa77b97bfc1d85a',60,'Cluster ID','clusterid','in','',1,'clusterid','',''),(325,'036dbdc9c7ab23430686e5830c56c684',60,'Number of Unavailable Hosts','numHost','out','on',0,'','',''),(326,'fb7ca478052dcf84ea373b64bf668f9c',60,'Host Status (Case-sensitive):<br>Ok,Unavail,Unreach,Closed-LIM,Closed-Busy,Closed-Excl,Closed-Wind,Closed-Admin,Closed-Lock,Closed-Full,Closed-RMS,Closed-RES,Closed-Lease,Closed-RmtDis,Unlicensed.','status','in','',2,'','',''),(327,'6a1fc2b0195533b48eeee330b97cc26d',61,'Cluster ID','clusterid','in','',1,'clusterid','',''),(328,'c30be368252baa46391ea6b94275b1b6',61,'Hostgroup Name','hgroup','in','',2,'','',''),(329,'496b2ea141dc456f9fe76734db544b8f',61,'Minimum number of free slots','numslots','in','',3,'','',''),(330,'196c305b7d0ca1438e3a87c90f6d5245',61,'return 1 when free slots less than limit, 0 when equals or more than limit','numHostGroup','out','on',0,'','',''),(331,'28d39eb576f38de19f755c8fc8228069',62,'Cluster ID','clusterid','in','',1,'clusterid','',''),(332,'17e5128353a9c17eed857d51d9f29f64',62,'Maximum run queue length indicator','load_factor','in','',2,'','',''),(333,'ce8cf31378a44dfa4932c76715cf15ce',62,'Number of Hosts exceed maximum run queue length indicator','numHost','out','on',0,'','',''),(334,'784b1db543cf0f2134c472613581be62',63,'Cluster ID','clusterid','in','',1,'clusterid','',''),(335,'5369549c17a8531559d12921ba2db2ee',63,'Percentage of Mem used','percent','in','',2,'','',''),(336,'6e02c82daeadf509939abdfe8d74a340',63,'Number of Hosts exceed mem usage','numHost','out','on',0,'','',''),(337,'d28241259aacbba5a395aa5550319898',64,'Cluster ID','clusterid','in','',1,'clusterid','',''),(338,'deb6dd6dbc4d7a7a636d80129d95a251',64,'Percent of used swp space','percent','in','',2,'','',''),(339,'5ee22cfb3cbd4293d490c7a84d220b75',64,'Number of hosts exceed swp usage','numHost','out','on',0,'','',''),(340,'11170503d5f12066eb257b1a0b98ef67',65,'Cluster ID','clusterid','in','',1,'clusterid','',''),(341,'9a6f0b5bb688be75bd8a88389c71203a',65,'Number of jobs below minimum efficiency','numJobs','out','on',0,'','',''),(342,'e7fc807bec3410418c5ed5e13cb51a6c',65,'Minimum Job Efficiency %','efficiency','in','',2,'','',''),(343,'28a075a2ab8d98e474420efa3ffb8e5d',65,'Queue name of running jobs','queue','in','',3,'','',''),(344,'99718f8a9ea3cdea36da5bce72da0b77',66,'Cluster ID','clusterid','in','',1,'clusterid','',''),(345,'61b402e5253d4ae69144024b6e771cf2',66,'Number of pending jobs exceed maximum time','pend_jobs','out','on',0,'','',''),(346,'71d981e12a99663aa0a73823199d7912',66,'Maximum pending time in seconds','secpend','in','',2,'','',''),(347,'cd8a3bf21e9a5afef23ace917cc2e06c',66,'Queue name for pending jobs','queue','in','',3,'','',''),(348,'cb7124ef327bdb253653e078d3aeb9cb',67,'The clusterid of the Cluster','clusterid','in','',0,'clusterid','',''),(349,'91c13ce4ce1fbad11d44c1d6635de6d6',67,'The metric to collect','metric','in','',0,'','',''),(350,'3a7497334bc7f3327cb4e4b51502ed95',67,'The current value','current','out','on',0,'','',''),(351,'75326d1d05e17ad7b7221615439fef06',67,'The total value','total','out','on',0,'','','');
/*!40000 ALTER TABLE `data_input_fields` ENABLE KEYS */;
UNLOCK TABLES;

--
-- Table structure for table `data_local`
--

DROP TABLE IF EXISTS `data_local`;
/*!40101 SET @saved_cs_client     = @@character_set_client */;
/*!40101 SET character_set_client = utf8 */;
CREATE TABLE `data_local` (
  `id` int(10) unsigned NOT NULL AUTO_INCREMENT,
  `data_template_id` mediumint(8) unsigned NOT NULL DEFAULT 0,
  `host_id` mediumint(8) unsigned NOT NULL DEFAULT 0,
  `snmp_query_id` mediumint(8) NOT NULL DEFAULT 0,
  `snmp_index` varchar(255) NOT NULL DEFAULT '',
  `orphan` tinyint(3) unsigned NOT NULL DEFAULT 0,
  PRIMARY KEY (`id`),
  KEY `host_id_snmp_query_id` (`host_id`,`snmp_query_id`),
  KEY `snmp_index` (`snmp_index`),
  KEY `data_template_id` (`data_template_id`),
  KEY `snmp_query_id` (`snmp_query_id`)
) ENGINE=InnoDB ROW_FORMAT=DYNAMIC;
/*!40101 SET character_set_client = @saved_cs_client */;

--
-- Dumping data for table `data_local`
--

LOCK TABLES `data_local` WRITE;
/*!40000 ALTER TABLE `data_local` DISABLE KEYS */;
INSERT INTO `data_local` VALUES (1,4,1,0,'',0),(2,5,1,0,'',0),(3,2,1,0,'',0),(4,3,1,0,'',0),(5,1,1,0,'',0);
/*!40000 ALTER TABLE `data_local` ENABLE KEYS */;
UNLOCK TABLES;

--
-- Table structure for table `data_source_profiles`
--

DROP TABLE IF EXISTS `data_source_profiles`;
/*!40101 SET @saved_cs_client     = @@character_set_client */;
/*!40101 SET character_set_client = utf8 */;
CREATE TABLE `data_source_profiles` (
  `id` mediumint(8) unsigned NOT NULL AUTO_INCREMENT,
  `hash` varchar(32) NOT NULL DEFAULT '',
  `name` varchar(255) NOT NULL DEFAULT '',
  `step` int(10) unsigned NOT NULL DEFAULT 300,
  `heartbeat` int(10) unsigned NOT NULL DEFAULT 600,
  `x_files_factor` double DEFAULT 0.5,
  `default` char(2) DEFAULT '',
  PRIMARY KEY (`id`),
  KEY `name` (`name`(171))
) ENGINE=InnoDB COMMENT='Stores Data Source Profiles';
/*!40101 SET character_set_client = @saved_cs_client */;

--
-- Dumping data for table `data_source_profiles`
--

LOCK TABLES `data_source_profiles` WRITE;
/*!40000 ALTER TABLE `data_source_profiles` DISABLE KEYS */;
INSERT INTO `data_source_profiles` VALUES (1,'d62c52891f4f9688729a5bc9fad91b18','5 Minute Collection',300,600,0.5,'on'),(2,'c0dd0e46b9ca268e7ed4162d329f9215','30 Second Collection',30,1200,0.5,''),(3,'66d35da8f75c912ede3dbe901fedcae0','1 Minute Collection',60,600,0.5,'');
/*!40000 ALTER TABLE `data_source_profiles` ENABLE KEYS */;
UNLOCK TABLES;

--
-- Table structure for table `data_source_profiles_cf`
--

DROP TABLE IF EXISTS `data_source_profiles_cf`;
/*!40101 SET @saved_cs_client     = @@character_set_client */;
/*!40101 SET character_set_client = utf8 */;
CREATE TABLE `data_source_profiles_cf` (
  `data_source_profile_id` mediumint(8) unsigned NOT NULL DEFAULT 0,
  `consolidation_function_id` smallint(5) unsigned NOT NULL DEFAULT 0,
  PRIMARY KEY (`data_source_profile_id`,`consolidation_function_id`)
) ENGINE=InnoDB COMMENT='Maps the Data Source Profile Consolidation Functions';
/*!40101 SET character_set_client = @saved_cs_client */;

--
-- Dumping data for table `data_source_profiles_cf`
--

LOCK TABLES `data_source_profiles_cf` WRITE;
/*!40000 ALTER TABLE `data_source_profiles_cf` DISABLE KEYS */;
INSERT INTO `data_source_profiles_cf` VALUES (1,1),(1,2),(1,3),(1,4),(2,1),(2,2),(2,3),(2,4),(3,1),(3,2),(3,3),(3,4);
/*!40000 ALTER TABLE `data_source_profiles_cf` ENABLE KEYS */;
UNLOCK TABLES;

--
-- Table structure for table `data_source_profiles_rra`
--

DROP TABLE IF EXISTS `data_source_profiles_rra`;
/*!40101 SET @saved_cs_client     = @@character_set_client */;
/*!40101 SET character_set_client = utf8 */;
CREATE TABLE `data_source_profiles_rra` (
  `id` mediumint(8) unsigned NOT NULL AUTO_INCREMENT,
  `data_source_profile_id` mediumint(8) unsigned NOT NULL DEFAULT 0,
  `name` varchar(255) NOT NULL DEFAULT '',
  `steps` int(10) unsigned DEFAULT 1,
  `rows` int(10) unsigned NOT NULL DEFAULT 700,
  `timespan` int(10) unsigned NOT NULL DEFAULT 0,
  PRIMARY KEY (`id`),
  KEY `data_source_profile_id` (`data_source_profile_id`)
) ENGINE=InnoDB COMMENT='Stores RRA Definitions for Data Source Profiles';
/*!40101 SET character_set_client = @saved_cs_client */;

--
-- Dumping data for table `data_source_profiles_rra`
--

LOCK TABLES `data_source_profiles_rra` WRITE;
/*!40000 ALTER TABLE `data_source_profiles_rra` DISABLE KEYS */;
INSERT INTO `data_source_profiles_rra` VALUES (1,1,'Daily (5 Minute Average)',1,600,86400),(2,1,'Weekly (30 Minute Average)',6,700,604800),(3,1,'Monthly (2 Hour Average)',24,775,2618784),(4,1,'Yearly (1 Day Average)',288,797,31536000),(5,2,'Daily (30 Second Average)',1,1500,86400),(6,2,'Weekly (15 Minute Average)',30,1346,604800),(7,2,'Monthly (1 Hour Average)',120,1445,2618784),(8,2,'Yearly (4 Hour Average)',480,4380,31536000),(9,3,'Daily (1 Minute Average)',1,2900,86400),(10,3,'Weekly (15 Minute Average)',15,1400,604800),(11,3,'Monthly (1 Hour Average)',60,1465,2618784),(12,3,'Yearly (4 Hour Average)',240,4380,31536000);
/*!40000 ALTER TABLE `data_source_profiles_rra` ENABLE KEYS */;
UNLOCK TABLES;

--
-- Table structure for table `data_source_purge_action`
--

DROP TABLE IF EXISTS `data_source_purge_action`;
/*!40101 SET @saved_cs_client     = @@character_set_client */;
/*!40101 SET character_set_client = utf8 */;
CREATE TABLE `data_source_purge_action` (
  `id` int(10) unsigned NOT NULL AUTO_INCREMENT,
  `name` varchar(128) NOT NULL DEFAULT '',
  `local_data_id` int(10) unsigned NOT NULL DEFAULT 0,
  `action` tinyint(3) unsigned NOT NULL DEFAULT 0,
  PRIMARY KEY (`id`),
  UNIQUE KEY `name` (`name`)
) ENGINE=InnoDB COMMENT='RRD Cleaner File Actions';
/*!40101 SET character_set_client = @saved_cs_client */;

--
-- Table structure for table `data_source_purge_temp`
--

DROP TABLE IF EXISTS `data_source_purge_temp`;
/*!40101 SET @saved_cs_client     = @@character_set_client */;
/*!40101 SET character_set_client = utf8 */;
CREATE TABLE `data_source_purge_temp` (
  `id` int(10) unsigned NOT NULL AUTO_INCREMENT,
  `name_cache` varchar(255) NOT NULL DEFAULT '',
  `local_data_id` int(10) unsigned NOT NULL DEFAULT 0,
  `name` varchar(128) NOT NULL DEFAULT '',
  `size` int(10) unsigned NOT NULL DEFAULT 0,
  `last_mod` timestamp NOT NULL DEFAULT '0000-00-00 00:00:00',
  `in_cacti` tinyint(3) unsigned NOT NULL DEFAULT 0,
  `data_template_id` mediumint(8) unsigned NOT NULL DEFAULT 0,
  PRIMARY KEY (`id`),
  UNIQUE KEY `name` (`name`),
  KEY `local_data_id` (`local_data_id`),
  KEY `in_cacti` (`in_cacti`),
  KEY `data_template_id` (`data_template_id`)
) ENGINE=InnoDB COMMENT='RRD Cleaner File Repository';
/*!40101 SET character_set_client = @saved_cs_client */;

--
-- Table structure for table `data_source_stats_daily`
--

DROP TABLE IF EXISTS `data_source_stats_daily`;
/*!40101 SET @saved_cs_client     = @@character_set_client */;
/*!40101 SET character_set_client = utf8 */;
CREATE TABLE `data_source_stats_daily` (
  `local_data_id` int(10) unsigned NOT NULL,
  `rrd_name` varchar(19) NOT NULL,
  `average` double DEFAULT NULL,
  `peak` double DEFAULT NULL,
  PRIMARY KEY (`local_data_id`,`rrd_name`)
) ENGINE=InnoDB;
/*!40101 SET character_set_client = @saved_cs_client */;

--
-- Table structure for table `data_source_stats_hourly`
--

DROP TABLE IF EXISTS `data_source_stats_hourly`;
/*!40101 SET @saved_cs_client     = @@character_set_client */;
/*!40101 SET character_set_client = utf8 */;
CREATE TABLE `data_source_stats_hourly` (
  `local_data_id` int(10) unsigned NOT NULL,
  `rrd_name` varchar(19) NOT NULL,
  `average` double DEFAULT NULL,
  `peak` double DEFAULT NULL,
  PRIMARY KEY (`local_data_id`,`rrd_name`)
) ENGINE=InnoDB;
/*!40101 SET character_set_client = @saved_cs_client */;

--
-- Table structure for table `data_source_stats_hourly_cache`
--

DROP TABLE IF EXISTS `data_source_stats_hourly_cache`;
/*!40101 SET @saved_cs_client     = @@character_set_client */;
/*!40101 SET character_set_client = utf8 */;
CREATE TABLE `data_source_stats_hourly_cache` (
  `local_data_id` int(10) unsigned NOT NULL,
  `rrd_name` varchar(19) NOT NULL,
  `time` timestamp NOT NULL DEFAULT '0000-00-00 00:00:00',
  `value` double DEFAULT NULL,
  PRIMARY KEY (`local_data_id`,`time`,`rrd_name`),
  KEY `time` (`time`) USING BTREE
) ENGINE=MEMORY;
/*!40101 SET character_set_client = @saved_cs_client */;

--
-- Table structure for table `data_source_stats_hourly_last`
--

DROP TABLE IF EXISTS `data_source_stats_hourly_last`;
/*!40101 SET @saved_cs_client     = @@character_set_client */;
/*!40101 SET character_set_client = utf8 */;
CREATE TABLE `data_source_stats_hourly_last` (
  `local_data_id` int(10) unsigned NOT NULL,
  `rrd_name` varchar(19) NOT NULL,
  `value` double DEFAULT NULL,
  `calculated` double DEFAULT NULL,
  PRIMARY KEY (`local_data_id`,`rrd_name`)
) ENGINE=MEMORY;
/*!40101 SET character_set_client = @saved_cs_client */;

--
-- Table structure for table `data_source_stats_monthly`
--

DROP TABLE IF EXISTS `data_source_stats_monthly`;
/*!40101 SET @saved_cs_client     = @@character_set_client */;
/*!40101 SET character_set_client = utf8 */;
CREATE TABLE `data_source_stats_monthly` (
  `local_data_id` int(10) unsigned NOT NULL,
  `rrd_name` varchar(19) NOT NULL,
  `average` double DEFAULT NULL,
  `peak` double DEFAULT NULL,
  PRIMARY KEY (`local_data_id`,`rrd_name`)
) ENGINE=InnoDB;
/*!40101 SET character_set_client = @saved_cs_client */;

--
-- Table structure for table `data_source_stats_weekly`
--

DROP TABLE IF EXISTS `data_source_stats_weekly`;
/*!40101 SET @saved_cs_client     = @@character_set_client */;
/*!40101 SET character_set_client = utf8 */;
CREATE TABLE `data_source_stats_weekly` (
  `local_data_id` int(10) unsigned NOT NULL,
  `rrd_name` varchar(19) NOT NULL,
  `average` double DEFAULT NULL,
  `peak` double DEFAULT NULL,
  PRIMARY KEY (`local_data_id`,`rrd_name`)
) ENGINE=InnoDB;
/*!40101 SET character_set_client = @saved_cs_client */;

--
-- Table structure for table `data_source_stats_yearly`
--

DROP TABLE IF EXISTS `data_source_stats_yearly`;
/*!40101 SET @saved_cs_client     = @@character_set_client */;
/*!40101 SET character_set_client = utf8 */;
CREATE TABLE `data_source_stats_yearly` (
  `local_data_id` int(10) unsigned NOT NULL,
  `rrd_name` varchar(19) NOT NULL,
  `average` double DEFAULT NULL,
  `peak` double DEFAULT NULL,
  PRIMARY KEY (`local_data_id`,`rrd_name`)
) ENGINE=InnoDB;
/*!40101 SET character_set_client = @saved_cs_client */;

--
-- Table structure for table `data_template`
--

DROP TABLE IF EXISTS `data_template`;
/*!40101 SET @saved_cs_client     = @@character_set_client */;
/*!40101 SET character_set_client = utf8 */;
CREATE TABLE `data_template` (
  `id` mediumint(8) unsigned NOT NULL AUTO_INCREMENT,
  `hash` varchar(32) NOT NULL DEFAULT '',
  `name` varchar(150) NOT NULL DEFAULT '',
  PRIMARY KEY (`id`),
  KEY `name` (`name`)
) ENGINE=InnoDB;
/*!40101 SET character_set_client = @saved_cs_client */;

--
-- Dumping data for table `data_template`
--

LOCK TABLES `data_template` WRITE;
/*!40000 ALTER TABLE `data_template` DISABLE KEYS */;
INSERT INTO `data_template` VALUES (1,'9b8c92d3c32703900ff7dd653bfc9cd8','Unix - Processes'),(2,'9e72511e127de200733eb502eb818e1d','Unix - Load Average'),(3,'c221c2164c585b6da378013a7a6a2c13','Unix - Logged in Users'),(4,'dc33aa9a8e71fb7c61ec0e7a6da074aa','Linux - Memory - Free'),(5,'41f55087d067142d702dd3c73c98f020','Linux - Memory - Free Swap'),(6,'e4ac6919d4f6f21ec5b281a1d6ac4d4e','Unix - Hard Drive Space'),(7,'e6b434046f851853292fac0b514c7947','Local - Cacti Poller - Statistics'),(8,'7980e9b1409539abf815725d7c6728ba','Local - Cacti Poller -  Boost Statistics'),(9,'69a71738d7425cc911fba8d7b6df302a','Local - Cacti Poller - Item Statistics'),(10,'6912381baf16d9fb524ebbdaffe0dae8','Local - Cacti Poller - Recache Statistics'),(11,'0eddb382f3710ee3d1de28734ad2519c','Local - Cacti Poller - Boost Memory Statistics'),(12,'e9def3a0e409f517cb804dfeba4ccd90','Cisco Router - 5 Minute CPU'),(13,'6632e1e0b58a565c135d7ff90440c335','Interface - Traffic'),(14,'36335cd98633963a575b70639cd2fdad','Interface - Errors/Discards'),(15,'2f654f7d69ac71a5d56b1db8543ccad3','Interface - Unicast Packets'),(16,'c84e511401a747409053c90ba910d0fe','Interface - Non-Unicast Packets'),(17,'b578712ed4c320376f85b3e99f5f798d','LM License - Poller Stats'),(18,'4e69c1e844b97cc1f53d7f6361e7b587','LM Summary - License Feature Use'),(19,'01ef98b0c27f47c2273930677e92ba60','LM License - Host Feature Usage'),(20,'0eafc8a3134dfe17337317b6cc0bca96','LM License - User Feature Usage'),(21,'0784dfd8d480ec05c45418e597478683','LM License - Vendor Feature Usage'),(22,'6606671a013e2b8fcbf335757931a9c7','LM License - Server Usage'),(23,'55b6bf20807a09b9e97ac02f958025a1','LM Summary - License Server Stats'),(24,'cdfed2d401723d2f41fc239d4ce249c7','Net-SNMP - CPU System'),(25,'a27e816377d2ac6434a87c494559c726','Net-SNMP - CPU User'),(26,'c06c3d20eccb9598939dc597701ff574','Net-SNMP - CPU Nice'),(27,'9b82d44eb563027659683765f92c9757','Net-SNMP - Load Average - 1 Minute'),(28,'87847714d19f405ff3c74f3341b3f940','Net-SNMP - Load Average - 5 Minute'),(29,'308ac157f24e2763f8cd828a80b3e5ff','Net-SNMP - Load Average - 15 Minute'),(30,'797a3e92b0039841b52e441a2823a6fb','Net-SNMP - Memory - Buffers'),(31,'fa15932d3cab0da2ab94c69b1a9f5ca7','Net-SNMP - Memory - Free'),(32,'a274deec1f78654dca6c446ba75ebca4','Net-SNMP - Memory - Cache'),(33,'afe1abbeacb27ec21ccb0a3c661838b2','GRID - Cluster/Host Job Statistics'),(34,'4045358ba5a1e4111950b613accd7f0d','GRID - Cluster/Host Load Average'),(35,'f018f70c7c979eed1cc6b3ca1812575d','GRID - Cluster/Host IO Levels'),(36,'86d6ad38489770a23093d6a4ab082073','GRID - Cluster/Host Available Memory'),(37,'f8d2d0a63465b9539f9872a00a27cf32','GRID - Cluster/Host CPU Utilization'),(38,'3e45d65697e49fbaba5e82e6a2353814','GRID - Host Reserved Memory'),(39,'c8a8f50f5f4a465368222594c5709ede','Net-SNMP - Hard Drive Space'),(40,'9fc497e5281f57e1d83bee86b338aebe','GRID - Cluster/Overall Hourly Job Throughput'),(41,'dacd8126d57831cff5e6bb413846cf40','GRID - Cluster/Overall Pending Jobs'),(42,'7b10f403c5ecf582a1881e366df035e7','GRID - Cluster Efficiency'),(43,'00fe8135a50df693666aaa7d8e212b9d','GRID - Cluster Capacity'),(44,'166c141dde3a44e00df51d673f31cb3c','GRID - Cluster GridJobs Stats'),(45,'589f6054a2e8e83c7fa0dc9fc41f41d3','GRID - LSF Performance'),(46,'e12d2c02a39717f28802d2a549c9b59f','GRID - Cluster Static and Float Client Licenses'),(47,'739500ce1c63304eb4ed516268e01e3e','GRID - Cluster Poller Stats'),(48,'0c75783c7b22eb8f6307004ef4370b99','GRID - Queue - Pending Times'),(49,'acaa3f538d1462684840eef7233872c6','GRID - Queue - Job Information'),(50,'af5179048ad6bcc4ca200d878f227bd5','GRID - Queue - Distinct Users'),(51,'02b655190d1c386d113adee1c5cb7b58','GRID - Queue - Hourly Throughput'),(52,'34cb688d3482adb79744ec44a3fcc99b','GRID - Queue - Slot Status'),(53,'243cdfadd90c545370d2a211113b2dd3','GRID - Queue - Pending Slots'),(54,'7b7e832f55f1c7a9bd99e711e213f142','GRID - Queue - Running Slots'),(55,'dcf7056f34ee60057afac24454d63863','GRID - Queue - Effective Utilization'),(56,'fd5694b4a1caefbf2a521d22649aa93e','GRID - Queue - Pending/Running Slots'),(57,'a937afa090933e9e0856eb7cf55b3583','GRID - Host Group - CPU Percent'),(58,'94bcbc374f365542a0336d3fcaaf2a01','GRID - Host Group - Paging/IO Rates'),(59,'1d5435d47a1e7946dd66e27971ec8841','GRID - Host Group - CPU Capacity'),(60,'27b2d020f95c181c92340418cf1422ad','GRID - Host Group - Slot Utilization'),(61,'f5840cd41c1cc46ee485c07f5dde2e11','GRID - Host/Host Group - Done and Exited Jobs'),(62,'63119caf77aab483bfa112f73d00952e','GRID - Host Group - Pending Jobs'),(63,'fc93d23d979241460603c82653ba7452','GRID - Host Group - Running Jobs'),(64,'bf919eec37e4de4cf2e12edc1e434bc2','GRID - Host Group - Available Memory'),(65,'81b8ae0888e86a07df1d2461dc7d272b','GRID - Host Group - Memory Stats'),(66,'65ee14c0e2f7f6b2cf02427e7eec1064','GRID - Host Group - Slot Totals'),(67,'62ceabd3fb17087d9e962f5593be6ef9','GRID - User Group - Job Stats'),(68,'a50205a0fe94b17b7646dc33d0bf85c7','GRID - User Group - Memory Stats'),(69,'10cbdfa6a2d65c9a13b17e95dd9689f1','GRID - User Group - Efficiency'),(70,'fcdcffb32a8843d350d757b871e55383','GRID - User Group - Total CPU'),(71,'3f1290d591735661ff47075f1eca3e3c','GRID - Users - Job Stats'),(72,'cffc86d33be3fe73b2d46f4864eee406','GRID - Cluster Shared Resources'),(73,'482756f4744f459a54272d2d321b0d22','GRID - Projects - Efficiency'),(74,'c5de7848804b2467998f5ca75a770d4f','GRID - Projects - Total CPU'),(75,'9c2921c6126f1c72b7a4525de98926fb','GRID - Projects - Memory Stats'),(76,'c9fd9f92f35cad935bbb5188f53db475','GRID - Projects - VM Stats'),(77,'14024d181ca174a2a8347183b3344b67','GRID - Projects - Pending Job Slots'),(78,'6f2efda0ccad9d00b0daf8006335b296','GRID - Projects - Running Job Slots'),(79,'14d135d97ace38db75218fbe1780df68','GRID - Projects - Pending Jobs'),(80,'d6c95494d5e65785e83ee66ace979001','GRID - Projects - Running Jobs'),(81,'b9163c02fdc221d1230f20c469e25ab7','GRID - License Project - Efficiency'),(82,'43cac31bbf0e7eb7d06ecebe2fdd9f52','GRID - License Project - Memory Stats'),(83,'981e65f1b8dc8f6202b20be81580a6f7','GRID - License Project - Pending Jobs'),(84,'b4f36413b700532cb977ba5e056f4279','GRID - License Project - Running Jobs'),(85,'c5472a86bdbd6a42a474310920898a0c','GRID - License Project - Total CPU'),(86,'51fba37550e906b205436e69f2979a4a','GRID - License Project - VM Stats'),(87,'afda7b81ebc10e6cb766f80c5e12d08f','GRID - Applications - Efficiency'),(88,'cb40bbe62ce044a9fef042847fd3e80c','GRID - Applications - Memory Stats'),(89,'8eb068313a4cb82defde4b8793c9f7f2','GRID - Applications - Pending Jobs'),(90,'a8502f6368b573de62a192eb694b73f6','GRID - Applications - Running Jobs'),(91,'c31bf114e0d7bb91a4ce1244c6a15a97','GRID - Applications - Total CPU'),(92,'c6c1db86c2aa2c7781ea7377d40d9edd','GRID - Applications - VM Stats'),(93,'28d1f61b6d06c002fe97016246896f77','GRID - Job Groups - Running Jobs'),(94,'9cd1df2ec2cc9d168c179c39e95924ac','GRID - Job Groups - Efficiency'),(95,'3d976b8544f51de603d5e3c94124dd83','GRID - Job Groups - Memory Stats'),(96,'ba2a5ba1aff61a321cafb180136f0e1e','GRID - Job Groups - Pending Jobs'),(97,'7ef0e9e81a5194b1fed421147d1a66a9','GRID - Job Groups - Total CPU'),(98,'6f6be8f39ab68b177e04b640976bd06e','GRID - Job Groups - VM Stats'),(99,'d8a1ddfc0a2d409084cb1408c741b964','GRID - Guarantee SLA Resource Usage'),(100,'77eb7246750c905ae25ba81e8d5633cd','GRID - Guarantee Resource Pool Usage'),(101,'15d520144260579b8b91c0bd512a4747','GRID - Benchmarks - Submission'),(102,'d00c0978291b6426834d9a6abe08e79a','GRID - Queue - Fairshare - Priority'),(103,'2e652e437d8dc60d4b11487c978198b8','GRID - Queue - Fairshare - Started'),(104,'ea216a045076aea9fd0fb7da2ce00b79','GRID - Queue - Fairshare - Shares'),(105,'d69f56063064d92afa8156c8403c7d05','GRID - Queue - Fairshare - Times'),(106,'8c93d37684bf1b9f491ea351cca7634e','GRID - Queue - Fairshare - Running Jobs'),(107,'0fb2bb089a1deb51859ed37c3a48c8fd','GRID - Queue - Fairshare - Running Slots'),(108,'83414a172bff88e1469d23f35bdea10f','GRID - Queue - Fairshare - Pending Jobs'),(109,'7a853b308281f9f26764cb59960875ef','GRID - Queue - Fairshare - Pending Slots'),(110,'a14f2d6f233b05e64263ff03a5b0b386','Karlnet - Noise Level'),(111,'def1a9019d888ed2ad2e106aa9595ede','Karlnet - Signal Level'),(112,'513a99ae3c9c4413609c1534ffc36eab','Karlnet - Wireless Transmits'),(113,'77404ae93c9cc410f1c2c717e7117378','Karlnet - Wireless Re-Transmits'),(114,'2ef027cc76d75720ee5f7a528f0f1fda','Host MIB - Logged in Users'),(115,'f383db441d1c246cff8482f15e184e5f','Host MIB - Processes'),(116,'a62bcd64c0904d1e239a129f6e3d7edf','Net-SNMP - CPU - System'),(117,'95946b5f47886771421a40dcc2d6d13c','Net-SNMP - CPU - User'),(118,'565b2c6597b96995ecc93083e625d6bf','Net-SNMP - CPU - Idle'),(119,'5cd3c67ceec2e04bd4f9173b79ddbc3c','Net-SNMP - Interrupts'),(120,'430e64b44e8c906747d00d8390011cc2','Net-SNMP - Context Switches'),(121,'d814fa3b79bd0f8933b6e0834d3f16d0','Host MIB - Hard Drive Space'),(122,'f6e7d21c19434666bbdac00ccef9932f','Host MIB - CPU Utilization'),(123,'7a6216a113e19881e35565312db8a371','Netware - Cache Checks'),(124,'1dbd1251c8e94b334c0e6aeae5ca4b8d','Netware - Cache Hits'),(125,'e4ac5d5fe73e3c773671c6d0498a8d9d','Netware - File System Reads'),(126,'f29f8c998425eedd249be1e7caf90ceb','Netware - File System Writes'),(127,'bbe2da0708103029fbf949817d3a4537','Netware - Total Logins'),(128,'1a4c5264eb27b5e57acd3160af770a61','Netware - Open Files'),(129,'6ce4ab04378f9f3b03ee0623abb6479f','Netware - Volumes'),(130,'03060555fab086b8412bbf9951179cd9','Netware - Directory Entries'),(131,'1d17325f416b262921a0b55fe5f7e31d','Netware - CPU Utilization'),(132,'f3e4f8455e9bf137bde9c420a4b54583','teMySQL - Volatile Queries'),(133,'c6aff2cc948041d9c01ed1772cf187e4','teMySQL - Volatile Handler'),(134,'4cd8f188aa594f06f6b09240a08ec49f','teMySQL - Select Queries'),(135,'072bd5f771d82e75b2a4213e25867b16','teMySQL - Select Handler'),(136,'acf7b61b15de003e53474e0ca979f6a0','teMySQL - Index Usage'),(137,'1069b79147575b2390b5b9e8ed70448e','teMySQL - Query Cache'),(138,'ddafd3fc96f37bfd171606c86721e989','teMySQL - Network Usage'),(139,'f482816eb9e88d11410745c2841b31b3','teMySQL - Sorts'),(140,'3bd9ee6874e3d14a72992d6bfe1b6b94','teMySQL - Locking and Slow'),(141,'d6c7d8b124d421c57ed69dfb9a4c5058','teMySQL - Temporary Objects'),(142,'1e57d4bfb48684ce82700efd421a45ae','teMySQL - Threads/Abends'),(143,'ff2afbe04fbd223aac99e293d2e79367','MySQL - Command statistics'),(144,'f8934333d8237bbd4608b18a6fb8f068','MySQL - Handler statistics'),(145,'a9323be2d01efea461d38586c3e45cd0','teMySQL - Load Average_1'),(146,'bbdbd29d87854b481aee8fd11e1291ca','teMySQL - Load Average_5'),(147,'e8f0933cbdc86521b7cff7a4cb40ed36','teMySQL - Load Average_15'),(148,'fe19f1af739ee6897464f1b1ac1d70f7','teMySQL - InnoDB Row'),(149,'70addac1afdb397f4aefd67f8bce5385','teMySQL - InnoDB Buffer Pages/Mem'),(150,'45a0b8da8406fbb431677ccbaa415ee0','teMySQL - InnoDB Locks'),(151,'595e328807065c7525e868ebf537c7ef','teMySQL - InnoDB InsBuffer'),(152,'9e50eb776015eb6d92423757750fe829','teMySQL - InnoDB File I/O'),(153,'0bf5a213d28a342bc92c4cb078c97b6e','GRID - Cluster Pending by Pending Reason'),(154,'d429e4a6019c91e6e84562593c1968ca','SNMP - Generic OID Template'),(155,'a30a81cb1de65b52b7da542c8df3f188','Unix - Ping Host'),(156,'0de466a1b81dfe581d44ac014b86553a','Netware - Total Users'),(157,'a29f91bacb9868dde6dc7fd620b42359','teMySQL - Replication'),(158,'2f305b3cc26408d5057f7144b111748f','GRID - License Scheduler - Cluster Acum Use'),(159,'25b2eaf9c846262830c742f616bab6bb','GRID - License Scheduler - Cluster Stats'),(160,'4a06a5743a446aadea24672bb6fd5045','GRID - License Scheduler - Cluster Contention'),(161,'2814ca77b77d7cf04781331c8829c315','GRID - License Scheduler - LSF/Non-LSF Use'),(162,'c7a0a8fd0d24cff15e22f1499ff0cbfb','GRID - License Scheduler - Feature Stats'),(163,'4c4f4abadd7e6250ae14a77ab80acf6c','GRID - License Scheduler - Project Use'),(164,'14c489a8beff62eb1c3f9237997a458b','GRID - License Scheduler - Project Demand'),(165,'0038aaeab7e184336824dd661add8dee','GRID - License Scheduler - Project Share'),(166,'2a71a34b1ff168a940f7fdde82e336a7','GRID - License Scheduler - Project Summary'),(167,'46f2a9c80e85a53a271447a402ad3714','GRID - License Scheduler - Cluster Summary Stats'),(168,'0e7bb66d3384e9a83624451d0c89a2c7','GRID - License Scheduler - Cluster Mode Stats'),(169,'349f35a920fa110817a12396cedba122','GRID - License Scheduler - Demand vs Alloc'),(170,'a6a03874078d5671c9acf11cdf31dbee','DISKU - Extension Total File Size'),(171,'8ac1328294cf727dc279872c15520964','DISKU - Extension Total Files'),(172,'a7007005b2bccdf33b75b7f7dd739ff1','DISKU - User Total File Size'),(173,'465565c84c0662a61df20165d02535ce','DISKU - User Directories/Files'),(174,'ff7a8d5b52779f5cfa3d44bcfdff263f','DISKU - Group Directories/Files'),(175,'0014fd3316da40714da36218687fd421','DISKU - Group Total File Size'),(176,'363ab7fcc09d0b3f7c9407e1bcac0ea3','DISKU - Group Active Users'),(177,'717994379839f604a780bdeb374a4c4e','DISKU - Application Total File Size'),(178,'a3cb10aac7a48c026358924baa498f59','DISKU - Application Total Files'),(179,'145675854d01c8095f5f0fad44d36da7','DISKU - Tagname Total File Size'),(180,'0635be2ba5b31ab278937ae79779e3c8','DISKU - Tagname Total Files'),(181,'11d2527a34bea5556fc4d122a622bd15','DISKU - Organization Directories/Files'),(182,'672d58dec95a89b1644294171e884831','DISKU - Organization Total File Size'),(183,'6cc5be2a0bf0644a9dafe8e2b477741a','DISKU - Organization Active Users'),(184,'c334b3b292357b3e9c121ad08d4de2c0','DISKU - Disk Space Usage'),(185,'f1b2d2b5493c644e6a1d2d857559bf44','DISKU - Disk Space Percent'),(186,'95ef45af7067cf63c3b361c88fbd57ae','GRID - LSF Host Info Requests'),(187,'a72e3cbf3b59579fb8b5e9e02c85e8b4','GRID - LSF Host Match Criteria'),(188,'cccbeb8badf4d22fac8d714895db4189','GRID - LSF Job Buckets'),(189,'7f9b91aecdb121444876521e22afecd1','GRID - LSF Job Info Requests'),(190,'8e8a0b0ea8294ffedee5f1be4aa5d704','GRID - LSF Job Scheduling Interval'),(191,'4fc75976abd7743247570d114153bb30','GRID - LSF Jobs Completed'),(192,'ca517af46151178f1c7d768b86c5d6d0','GRID - LSF Jobs Dispatched'),(193,'a724fea495c04360ef22ab9b4b02bd19','GRID - LSF Jobs Submitted'),(194,'8a90073bd9ef0cf912917d029ab8ecb4','GRID - LSF Job Submit Requests'),(195,'29f18841519e70d4696f69346fe553dc','GRID - LSF MBatchD Requests'),(196,'ee65351c25dc41bef72082b460149f89','GRID - LSF MBD File Descriptor Usage'),(197,'88599aa304f7a6feef7bd1ee31f04a25','GRID - LSF Queue Info Requests'),(198,'8559f24bf1e58830c2809156ac5864b0','GRID - Cluster Effective Utilization'),(199,'bff2401318c23c40ba0fcaf02c2c1c8a','GRID - Cluster/Host Effective Utilization'),(200,'589ac87b75934e0221b115c3462c84e0','GRID - Host Group - Effective Utilization'),(201,'2773a868ffa8360cfbd7e06771c7d672','Alert - LM License Feature Usage %'),(202,'67b772b2d1defae33f8692baa62a6f19','Alert - Host With /tmp Exceed % Capacity'),(203,'e49fd2725f7dfbe45b735909b52e1d92','Alert - Host With /var/tmp Exceed % Capacity'),(204,'00e0a29c573070c49315c8380e076a54','Alert - Hosts With X Status'),(205,'e58d2e27dad0c478728ca9e169116ad6','Alert - Hostgroup With Low Number of Free Slots'),(206,'cc1d6b0b5f819e3bb0b1b376ecb66eec','Alert - Hosts With Effective r15m > X'),(207,'a7f8d97d39528145a583b6a6bce5e74c','Alert - Hosts With Used Mem > %'),(208,'c0b234c49ce038e15746a94cc773f4f2','Alert - Hosts With Used Swp > %'),(209,'34da44a9980034334421e03610626d0a','Alert - Idle Jobs'),(210,'7cfb2f60b2f9616a34cf62e396c97566','Alert - Jobs Pending for X seconds'),(211,'3ad8ff3c8142674f20240de5db8832d7','GRID - Pool - Effective Utilization'),(212,'92aa07b2129d0b8cec137367c7bbe495','GRID - LSF Jobs Reordered'),(213,'02f14aaf2613a7fcba6294fa7c3e8351','GRID - LSF Memory Utilization'),(214,'1ae91ba333fbc33d802d59b234167424','GRID - LSF Slot Utilization'),(215,'ec45fd115fdd11769588979a05f38253','GRID - GPU Memory Status'),(216,'a16feee8a24871b4937fa4573e7dd58d','GRID - GPU Performance'),(217,'045f4969e3d908d77f30e4e0a0d83de8','GRID - GPU Utilization'),(218,'767d00546c3104f547606842c986bd33','GRID - GPU Temperature'),(219,'187942be866d100c263b9cdb1f9dffc1','GRID - GPU Jobs');
/*!40000 ALTER TABLE `data_template` ENABLE KEYS */;
UNLOCK TABLES;

--
-- Table structure for table `data_template_data`
--

DROP TABLE IF EXISTS `data_template_data`;
/*!40101 SET @saved_cs_client     = @@character_set_client */;
/*!40101 SET character_set_client = utf8 */;
CREATE TABLE `data_template_data` (
  `id` int(10) unsigned NOT NULL AUTO_INCREMENT,
  `local_data_template_data_id` int(10) unsigned NOT NULL DEFAULT 0,
  `local_data_id` int(10) unsigned NOT NULL DEFAULT 0,
  `data_template_id` mediumint(8) unsigned NOT NULL DEFAULT 0,
  `data_input_id` mediumint(8) unsigned NOT NULL DEFAULT 0,
  `t_name` char(2) DEFAULT NULL,
  `name` varchar(250) NOT NULL DEFAULT '',
  `name_cache` varchar(255) NOT NULL DEFAULT '',
  `data_source_path` varchar(255) DEFAULT '',
  `t_active` char(2) DEFAULT '',
  `active` char(2) DEFAULT NULL,
  `t_rrd_step` char(2) DEFAULT '',
  `rrd_step` mediumint(8) unsigned NOT NULL DEFAULT 0,
  `t_data_source_profile_id` char(2) DEFAULT '',
  `data_source_profile_id` mediumint(8) unsigned NOT NULL DEFAULT 1,
  PRIMARY KEY (`id`),
  KEY `local_data_id` (`local_data_id`),
  KEY `data_template_id` (`data_template_id`),
  KEY `data_input_id` (`data_input_id`),
  KEY `name_cache` (`name_cache`)
) ENGINE=InnoDB ROW_FORMAT=DYNAMIC;
/*!40101 SET character_set_client = @saved_cs_client */;

--
-- Dumping data for table `data_template_data`
--

LOCK TABLES `data_template_data` WRITE;
/*!40000 ALTER TABLE `data_template_data` DISABLE KEYS */;
INSERT INTO `data_template_data` VALUES (1,0,0,1,7,'','|host_description| - Processes','',NULL,'','on','',300,'',1),(2,0,0,2,4,'','|host_description| - Load Average','',NULL,'','on','',300,'',1),(3,0,0,3,5,'','|host_description| - Logged in Users','',NULL,'','on','',300,'',1),(4,0,0,4,6,'','|host_description| - Memory - Free','',NULL,'','on','',300,'',1),(5,0,0,5,6,'','|host_description| - Memory - Free Swap','',NULL,'','on','',300,'',1),(6,0,0,6,11,'on','|host_description| - Hard Drive Space','',NULL,'','on','',300,'',1),(7,4,1,4,6,NULL,'|host_description| - Memory - Free','Local Linux Machine - Memory - Free','<path_rra>/local_linux_machine_mem_buffers_1.rrd','','on','',300,'',1),(8,5,2,5,6,NULL,'|host_description| - Memory - Free Swap','Local Linux Machine - Memory - Free Swap','<path_rra>/local_linux_machine_mem_swap_2.rrd','','on','',300,'',1),(9,2,3,2,4,NULL,'|host_description| - Load Average','Local Linux Machine - Load Average','<path_rra>/local_linux_machine_load_1min_3.rrd','','on','',300,'',1),(10,3,4,3,5,NULL,'|host_description| - Logged in Users','Local Linux Machine - Logged in Users','<path_rra>/local_linux_machine_users_4.rrd','','on','',300,'',1),(11,1,5,1,7,NULL,'|host_description| - Processes','Local Linux Machine - Processes','<path_rra>/local_linux_machine_proc_5.rrd','','on','',300,'',1),(12,0,0,7,13,'','Local - Cacti Poller - Statistics','','','','on','',300,'',1),(13,0,0,8,14,'','Local - Cacti Poller - Boost Statistics','','','','on','',300,'',1),(14,0,0,9,15,'','Local - Cacti Poller - Item Statistics','','','','on','',300,'',1),(15,0,0,10,16,'','Local - Cacti Poller - Recache Statistics','','','','on','',300,'',1),(16,0,0,11,17,'','Local - Cacti Poller - Boost Memory Statistics','','','','on','',300,'',1),(17,0,0,12,1,'','|host_description| - 5 Minute CPU','','','','on','',300,'',1),(18,0,0,13,2,'on','|host_description| - Traffic','','','','on','',300,'',1),(19,0,0,14,2,'on','|host_description| - Errors/Discards','','','','on','',300,'',1),(20,0,0,15,2,'on','|host_description| - Unicast Packets','','','','on','',300,'',1),(21,0,0,16,2,'on','|host_description| - Non-Unicast Packets','','','','on','',300,'',1),(22,0,0,17,18,'','|host_description| - License Poller Stats','','','','on','',300,'',1),(23,0,0,18,12,'','License Utilization for - |query_gridFeatureName|','','','','on','',300,'',1),(24,0,0,19,12,'','|query_licFeatureName| Usage','','','','on','',300,'',1),(25,0,0,20,12,'','|query_licFeatureName| Usage','','','','on','',300,'',1),(26,0,0,21,12,'','|query_licFeatureName| - Usage','','','','on','',300,'',1),(27,0,0,22,12,'','|query_licServer| - Usage','','','','on','',300,'',1),(28,0,0,23,12,'','|host_description| - |query_serverName| - License Server Stats','','','','on','',300,'',1),(29,0,0,24,1,'','|host_description| - CPU System','','','','on','',300,'',1),(30,0,0,25,1,'','|host_description| - CPU User','','','','on','',300,'',1),(31,0,0,26,1,'','|host_description| - CPU Nice','','','','on','',300,'',1),(32,0,0,27,1,'','|host_description| - Load Average - 1 Minute','','','','on','',300,'',1),(33,0,0,28,1,'','|host_description| - Load Average - 5 Minute','','','','on','',300,'',1),(34,0,0,29,1,'','|host_description| - Load Average - 15 Minute','','','','on','',300,'',1),(35,0,0,30,1,'','|host_description| - Memory - Buffers','','','','on','',300,'',1),(36,0,0,31,1,'','|host_description| - Memory - Free','','','','on','',300,'',1),(37,0,0,32,1,'','|host_description| - Memory - Cache','','','','on','',300,'',1),(38,0,0,33,19,'','|host_description| - GRID Job Statistics','','','','on','',300,'',1),(39,0,0,34,20,'','|host_description| - Load Average','','','','on','',300,'',1),(40,0,0,35,21,'','|host_description| - IO Levels','','','','on','',300,'',1),(41,0,0,36,22,'','|host_description| - Available Memory','','','','on','',300,'',1),(42,0,0,37,23,'','|host_description| - CPU Utilization','','','','on','',300,'',1),(43,0,0,38,24,'','|host_description| - Available Memory','','','','on','',300,'',1),(44,0,0,39,2,'on','|host_description| - Hard Drive Space','','','','on','',300,'',1),(45,0,0,40,25,'','|host_description| - Hourly Throughput','','','','on','',300,'',1),(46,0,0,41,26,'','|host_description| - Pending Jobs','','','','on','',300,'',1),(47,0,0,42,27,'','|host_description| - Cluster Efficiency','','','','on','',300,'',1),(48,0,0,43,28,'','|host_description| - Cluster Capacity','','','','on','',300,'',1),(49,0,0,44,29,'','|host_description| - GridJobs Stats','','','','on','',300,'',1),(50,0,0,45,30,'','|host_description| - LSF Performance','','','','on','',300,'',1),(51,0,0,46,31,'','|host_description| - Cluster Static and Float Client Licenses Used','','','','on','',300,'',1),(52,0,0,47,32,'','|host_description| - Cluster Poller Stats','','','','on','',300,'',1),(53,0,0,48,12,'','|host_description| - |query_gridQname| - Queue Run Time Stats','','','','on','',300,'',1),(54,0,0,49,12,'','|host_description| - |query_gridQname| - Queue Totals','','','','on','',300,'',1),(55,0,0,50,12,'','|host_description| - |query_gridQName| - Active Users','','','','on','',300,'',1),(56,0,0,51,12,'','|host_description| - |query_gridQName| - Hourly Throughput','','','','on','',300,'',1),(57,0,0,52,12,'','|host_description| - |query_gridQname| - Slot Status','','','','on','',300,'',1),(58,0,0,53,12,'','|host_description| - |query_gridQname| - Pending slots','','','','on','',300,'',1),(59,0,0,54,12,'','|host_description| - |query_gridQname| - Pending slots','','','','on','',300,'',1),(60,0,0,55,12,'','|host_description| - |query_gridQname| - Effective UT','','','','on','',300,'',1),(61,0,0,56,12,'','|host_description| - |query_gridQname| - Pending/Running slots','','','','on','',300,'',1),(62,0,0,57,12,'','|host_description| - |query_groupName| - Group Totals','','','','on','',300,'',1),(63,0,0,58,12,'','|host_description| - |query_groupName| - Group Totals','','','','on','',300,'',1),(64,0,0,59,12,'','|host_description| - |query_groupName| - CPU Capacity','','','','on','',300,'',1),(65,0,0,60,12,'','|host_description| - |query_groupName| - Slot Utilization','','','','on','',300,'',1),(66,0,0,61,12,'','|host_description| - |query_groupName| - Done and Exited Jobs','','','','on','',300,'',1),(67,0,0,62,12,'','|host_description| - |query_groupName| - Pending Jobs','','','','on','',300,'',1),(68,0,0,63,12,'','|host_description| - |query_groupName| - Running Jobs','','','','on','',300,'',1),(69,0,0,64,12,'','|host_description| - |query_groupName| - Available Memory','','','','on','',300,'',1),(70,0,0,65,12,'','|host_description| - |query_groupName| - Memory Stats','','','','on','',300,'',1),(71,0,0,66,12,'','|host_description| - |query_groupName| - Slot Totals','','','','on','',300,'',1),(72,0,0,67,12,'','|host_description| - |query_groupName| - Group Totals','','','','on','',300,'',1),(73,0,0,68,12,'','|host_description| - |query_groupName| - Memory Stats','','','','on','',300,'',1),(74,0,0,69,12,'','|host_description| - |query_groupName| - Efficiency','','','','on','',300,'',1),(75,0,0,70,12,'','|host_description| - |query_groupName| - Total CPU','','','','on','',300,'',1),(76,0,0,71,12,'','|host_description| - |query_user| - User Stats','','','','on','',300,'',1),(77,0,0,72,12,'','|host_description| - |query_resource_name| - Shared Resources','','','','on','',300,'',1),(78,0,0,73,12,'','|host_description| - |query_projectLevel1| - Efficiency','','','','on','',300,'',1),(79,0,0,74,12,'','|host_description| - |query_projectLevel1| - Total CPU','','','','on','',300,'',1),(80,0,0,75,12,'','|host_description| - |query_projectLevel1| - Memory Stats','','','','on','',300,'',1),(81,0,0,76,12,'','|host_description| - |query_projectLevel1| - VM Stats','','','','on','',300,'',1),(82,0,0,77,12,'','|host_description| - |query_projectLevel1| - Pending Jobs','','','','on','',300,'',1),(83,0,0,78,12,'','|host_description| - |query_projectLevel1| - Running Jobs','','','','on','',300,'',1),(84,0,0,79,12,'','|host_description| - |query_projectLevel1| - Pending Jobs','','','','on','',300,'',1),(85,0,0,80,12,'','|host_description| - |query_projectLevel1| - Running Jobs','','','','on','',300,'',1),(86,0,0,81,12,'','|host_description| - |query_licenseProject| - Efficiency','','','','on','',300,'',1),(87,0,0,82,12,'','|host_description| - |query_licenseProject| - Memory Stats','','','','on','',300,'',1),(88,0,0,83,12,'','|host_description| - |query_licenseProject| - Pending Jobs','','','','on','',300,'',1),(89,0,0,84,12,'','|host_description| - |query_licenseProject| - Running Jobs','','','','on','',300,'',1),(90,0,0,85,12,'','|host_description| - |query_licenseProject| - Total CPU','','','','on','',300,'',1),(91,0,0,86,12,'','|host_description| - |query_licenseProject| - VM Stats','','','','on','',300,'',1),(92,0,0,87,12,'','|host_description| - |query_appName| - Efficiency','','','','on','',300,'',1),(93,0,0,88,12,'','|host_description| - |query_appName| - Memory Stats','','','','on','',300,'',1),(94,0,0,89,12,'','|host_description| - |query_appName| - Pending Jobs','','','','on','',300,'',1),(95,0,0,90,12,'','|host_description| - |query_appName| - Running Jobs','','','','on','',300,'',1),(96,0,0,91,12,'','|host_description| - |query_appName| - Total CPU','','','','on','',300,'',1),(97,0,0,92,12,'','|host_description| - |query_appName| - VM Stats','','','','on','',300,'',1),(98,0,0,93,12,'','|host_description| - |query_groupName| - Running Jobs','','','','on','',300,'',1),(99,0,0,94,12,'','|host_description| - |query_groupName| - Efficiency','','','','on','',300,'',1),(100,0,0,95,12,'','|host_description| - |query_groupName| - Memory Stats','','','','on','',300,'',1),(101,0,0,96,12,'','|host_description| - |query_groupName| - Pending Jobs','','','','on','',300,'',1),(102,0,0,97,12,'','|host_description| - |query_groupName| - Total CPU','','','','on','',300,'',1),(103,0,0,98,12,'','|host_description| - |query_groupName| - VM Stats','','','','on','',300,'',1),(104,0,0,99,12,'','|host_description| - GSLA - |query_gridPoolName| - |query_gridSLAName|','','','','on','',300,'',1),(105,0,0,100,12,'','|host_description| - GResPool - |query_gridGResPool|','','','','on','',300,'',1),(106,0,0,101,12,'','|host_description| - |query_benchmarkName| - Submission','','','','on','',300,'',1),(107,0,0,102,12,'','|host_description| - |query_gridQtree| - Priority','','','','on','',300,'',1),(108,0,0,103,12,'','|host_description| - |query_gridQtree| - Started','','','','on','',300,'',1),(109,0,0,104,12,'','|host_description| - |query_gridQtree| - Shares','','','','on','',300,'',1),(110,0,0,105,12,'','|host_description| - |query_gridQtree| - Times','','','','on','',300,'',1),(111,0,0,106,12,'','|host_description| - |query_gridQtree| - Running Jobs','','','','on','',300,'',1),(112,0,0,107,12,'','|host_description| - |query_gridQtree| - Running Slots','','','','on','',300,'',1),(113,0,0,108,12,'','|host_description| - |query_gridQtree| - Pending Jobs','','','','on','',300,'',1),(114,0,0,109,12,'','|host_description| - |query_gridQtree| - Pending Slots','','','','on','',300,'',1),(115,0,0,110,2,'on','|host_description| - Noise Level','','','','on','',300,'',1),(116,0,0,111,2,'on','|host_description| - Signal Level','','','','on','',300,'',1),(117,0,0,112,2,'on','|host_description| - Wireless Transmits','','','','on','',300,'',1),(118,0,0,113,2,'on','|host_description| - Wireless Re-Transmits','','','','on','',300,'',1),(119,0,0,114,1,'','|host_description| - Logged in Users','','','','on','',300,'',1),(120,0,0,115,1,'','|host_description| - Processes','','','','on','',300,'',1),(121,0,0,116,1,'','|host_description| - CPU - System','','','','on','',300,'',1),(122,0,0,117,1,'','|host_description| - CPU - User','','','','on','',300,'',1),(123,0,0,118,1,'','|host_description| - CPU - Idle','','','','on','',300,'',1),(124,0,0,119,1,'','|host_description| - Interrupts','','','','on','',300,'',1),(125,0,0,120,1,'','|host_description| - Context Switches','','','','on','',300,'',1),(126,0,0,121,12,'','|host_description| - Hard Drive Space','','','','on','',300,'',1),(127,0,0,122,12,'','|host_description| - CPU Utilization','','','','on','',300,'',1),(128,0,0,123,1,'','|host_description| - Cache Checks','','','','on','',300,'',1),(129,0,0,124,1,'','|host_description| - Cache Hits','','','','on','',300,'',1),(130,0,0,125,1,'','|host_description| - File System Reads','','','','on','',300,'',1),(131,0,0,126,1,'','|host_description| - File System Writes','','','','on','',300,'',1),(132,0,0,127,1,'','|host_description| - Total Logins','','','','on','',300,'',1),(133,0,0,128,1,'','|host_description| - Open Files','','','','on','',300,'',1),(134,0,0,129,2,'on','|host_description| - Volumes','','','','on','',300,'',1),(135,0,0,130,2,'on','|host_description| - Directory Entries','','','','on','',300,'',1),(136,0,0,131,2,'','|host_description| - CPU Utilization','','','','on','',300,'',1),(137,0,0,132,33,'','|host_description| - Volatile Queries','','','','on','',300,'',1),(138,0,0,133,34,'','|host_description| - Volatile Handler','','','','on','',300,'',1),(139,0,0,134,35,'','|host_description| - Select Queries','','','','on','',300,'',1),(140,0,0,135,36,'','|host_description| - Select Handler','','','','on','',300,'',1),(141,0,0,136,37,'','|host_description| - IndexUsage','','','','on','',300,'',1),(142,0,0,137,38,'','|host_description| - Query Cache','','','','on','',300,'',1),(143,0,0,138,39,'','|host_description| - Network Usage','','','','on','',300,'',1),(144,0,0,139,40,'','|host_description| - Sorts','','','','on','',300,'',1),(145,0,0,140,41,'','|host_description| - Locking and Slow','','','','on','',300,'',1),(146,0,0,141,42,'','|host_description| - Temp Objects','','','','on','',300,'',1),(147,0,0,142,43,'','|host_description| - Threads and Abends','','','','on','',300,'',1),(148,0,0,143,44,'','|host_description| - MySQL - Command statistics','','','','on','',300,'',1),(149,0,0,144,45,'','|host_description| - MySQL - Handler statistics','','','','on','',300,'',1),(150,0,0,145,1,'','|host_description| - teMySQL - Load Average_1','','','','on','',300,'',1),(151,0,0,146,1,'','|host_description| - teMySQL - Load Average_5','','','','on','',300,'',1),(152,0,0,147,1,'','|host_description| - teMySQL - Load Average_15','','','','on','',300,'',1),(153,0,0,148,46,'','|host_description| - InnoDB Row','','','','on','',300,'',1),(154,0,0,149,47,'','|host_description| - teMySQL - InnoDB Buffer PgMem','','','','on','',300,'',1),(155,0,0,150,48,'','|host_description| - InnoDB Locks','','','','on','',300,'',1),(156,0,0,151,47,'','|host_description| - teMySQL - InnoDB InsBuffer','','','','on','',300,'',1),(157,0,0,152,49,'','|host_description| - InnoDB File I/O','','','','on','',300,'',1),(158,0,0,153,50,'on','|host_description| - Pending Jobs for','','','','on','',300,'',1),(159,0,0,154,1,'on','|host_description| -','','','','on','',300,'',1),(160,0,0,155,10,'','|host_description| - Ping Host','','','','on','',300,'',1),(161,0,0,156,1,'','|host_description| - Total Users','','','','on','',300,'',1),(162,0,0,157,51,'','|host_description| - teMySQL - Replication','','','','on','',300,'',1),(163,0,0,158,12,'','Cluster |query_cluster| - |query_project| - |query_feature| Acum Use','','','','on','',300,'',1),(164,0,0,159,12,'','Stats for |query_cluster| - |query_project| - |query_feature|','','','','on','',300,'',1),(165,0,0,160,12,'','Contention for |query_project| in |query_cluster| for |query_feature|','','','','on','',300,'',1),(166,0,0,161,12,'','Region |query_region| - |query_feature| - LSF/Non-LSF Use','','','','on','',300,'',1),(167,0,0,162,12,'','Region |query_region| - |query_feature| - Feature Stats','','','','on','',300,'',1),(168,0,0,163,12,'','Region |query_region| - Project |query_project| - |query_feature| - Project Share','','','','on','',300,'',1),(169,0,0,164,12,'','Region |query_region| - |query_project| - |query_feature| - Project Demand','','','','on','',300,'',1),(170,0,0,165,12,'','Region |query_region| - Project |query_project| - |query_feature| - Share','','','','on','',300,'',1),(171,0,0,166,12,'','Region |query_region| - Project |query_project| Use for |query_feature| in |query_serviceDomain|','','','','on','',300,'',1),(172,0,0,167,12,'','Stats for |query_cluster| - |query_feature|','','','','on','',300,'',1),(173,0,0,168,12,'','Cluster Mode Stat for |query_cluster| - |query_feature|','','','','on','',300,'',1),(174,0,0,169,12,'','Cluster Mode Stat for |query_cluster| - |query_feature|','','','','on','',300,'',1),(175,0,0,170,12,'','Extension |query_extension| - Total File Size','','','','on','',300,'',1),(176,0,0,171,12,'','Extension |query_extension| - Extension Files','','','','on','',300,'',1),(177,0,0,172,12,'','User |query_userName| - Total File Size','','','','on','',300,'',1),(178,0,0,173,12,'','User |query_userName| - Directories/Files','','','','on','',300,'',1),(179,0,0,174,12,'','User Group |query_groupName| - Directories/Files','','','','on','',300,'',1),(180,0,0,175,12,'','User Group |query_groupName| - Total File Size','','','','on','',300,'',1),(181,0,0,176,12,'','User Group |query_groupName| - Active Users','','','','on','',300,'',1),(182,0,0,177,12,'','Application |query_application| - Total File Size','','','','on','',300,'',1),(183,0,0,178,12,'','Application |query_application| - Application Files','','','','on','',300,'',1),(184,0,0,179,12,'','Tagname |query_tagname| - Total File Size','','','','on','',300,'',1),(185,0,0,180,12,'','Tagname |query_tagname| - Tagname Files','','','','on','',300,'',1),(186,0,0,181,12,'','Organization |query_orgName| - Directories/Files','','','','on','',300,'',1),(187,0,0,182,12,'','Organization |query_orgName| - Total File Size','','','','on','',300,'',1),(188,0,0,183,12,'','|query_orgName| - Active Users','','','','on','',300,'',1),(189,0,0,184,12,'','|query_hostname| - |query_mount| - Disk Space Usage','','','','on','',300,'',1),(190,0,0,185,12,'','|query_hostname| - |query_mount| - Disk Space Percent','','','','on','',300,'',1),(191,0,0,186,53,'','|host_description| - LSF Host Info Requests','','','','on','',300,'',1),(192,0,0,187,53,'','|host_description| - LSF Host Match Criteria','','','','on','',300,'',1),(193,0,0,188,53,'','|host_description| - LSF Job Buckets','','','','on','',300,'',1),(194,0,0,189,53,'','|host_description| - LSF Job Info Requests','','','','on','',300,'',1),(195,0,0,190,53,'','|host_description| - LSF Job Scheduling Interval','','','','on','',300,'',1),(196,0,0,191,53,'','|host_description| - LSF Jobs Completed','','','','on','',300,'',1),(197,0,0,192,53,'','|host_description| - LSF Jobs Dispatched','','','','on','',300,'',1),(198,0,0,193,53,'','|host_description| - LSF Jobs Submitted','','','','on','',300,'',1),(199,0,0,194,53,'','|host_description| - LSF Job Submit Requests','','','','on','',300,'',1),(200,0,0,195,53,'','|host_description| - LSF MBatchD Requests','','','','on','',300,'',1),(201,0,0,196,54,'','|host_description| - LSF MBD File Descriptor Usage','','','','on','',300,'',1),(202,0,0,197,53,'','|host_description| - LSF Queue Info Requests','','','','on','',300,'',1),(203,0,0,198,55,'','|host_description| - Effective Utilization','','','','on','',300,'',1),(204,0,0,199,56,'','|host_description| - Effective Utilization','','','','on','',300,'',1),(205,0,0,200,12,'','|host_description| - |query_groupName| - Effective UT','','','','on','',300,'',1),(206,0,0,201,57,'','|host_description| - Alert - LM License Feature Usage % - |input_feature|','','','','on','',300,'',1),(207,0,0,202,58,'','|cluster_name| - Alert - Hosts With /tmp Exceed |input_percent|% Capacity','','','','on','',300,'',1),(208,0,0,203,59,'','|cluster_name| - Alert - Hosts With /var/tmp Exceed |input_percent|% Capacity','','','','on','',300,'',1),(209,0,0,204,60,'','|cluster_name| - Alert - Hosts With |input_status| Status','','','','on','',300,'',1),(210,0,0,205,61,'','|cluster_name| - Alert - Hostgroup With < |input_numslots| Free Slots','','','','on','',300,'',1),(211,0,0,206,62,'','|cluster_name| - Alert - Hosts With Effective r15m > |input_load_factor|','','','','on','',300,'',1),(212,0,0,207,63,'','|cluster_name| - Alert - Hosts With Used Mem > |input_percent|%','','','','on','',300,'',1),(213,0,0,208,64,'','|cluster_name| - Alert - Hosts With Used Swp > |input_percent|%','','','','on','',300,'',1),(214,0,0,209,65,'','|cluster_name| - Alert - Idle Jobs With Efficiency < |input_efficiency| in |input_queue| queue','','','','on','',300,'',1),(215,0,0,210,66,'','|cluster_name| - Alert - Jobs Pending Exceed |input_secpend|s in |input_queue|','','','','on','',300,'',1),(216,0,0,211,12,'','|host_description| - |query_gridGResPool| - Effective UT','','','','on','',300,'',1),(217,0,0,212,53,'','|host_description| - LSF Jobs Reordered','','','','on','',300,'',1),(218,0,0,213,67,'','|host_description| - LSF Memory Utilization','','','','on','',300,'',1),(219,0,0,214,67,'','|host_description| - LSF Slot Utilization','','','','on','',300,'',1),(220,0,0,215,12,'','|host_description| - GPU Memory Status for |query_gpuIndex|','','','','on','',300,'',1),(221,0,0,216,12,'','|host_description| - GPU Performance Status for |query_gpuIndex|','','','','on','',300,'',1),(222,0,0,217,12,'','|host_description| - GPU Utilization for |query_gpuIndex|','','','','on','',300,'',1),(223,0,0,218,12,'','|host_description| - GPU Temperature for |query_gpuIndex|','','','','on','',300,'',1),(224,0,0,219,12,'','|host_description| - GPU Jobs for |query_gpuIndex|','','','','on','',300,'',1);
/*!40000 ALTER TABLE `data_template_data` ENABLE KEYS */;
UNLOCK TABLES;

--
-- Table structure for table `data_template_rrd`
--

DROP TABLE IF EXISTS `data_template_rrd`;
/*!40101 SET @saved_cs_client     = @@character_set_client */;
/*!40101 SET character_set_client = utf8 */;
CREATE TABLE `data_template_rrd` (
  `id` int(10) unsigned NOT NULL AUTO_INCREMENT,
  `hash` varchar(32) NOT NULL DEFAULT '',
  `local_data_template_rrd_id` int(10) unsigned NOT NULL DEFAULT 0,
  `local_data_id` int(10) unsigned NOT NULL DEFAULT 0,
  `data_template_id` mediumint(8) unsigned NOT NULL DEFAULT 0,
  `t_rrd_maximum` char(2) DEFAULT NULL,
  `rrd_maximum` varchar(20) NOT NULL DEFAULT '0',
  `t_rrd_minimum` char(2) DEFAULT NULL,
  `rrd_minimum` varchar(20) NOT NULL DEFAULT '0',
  `t_rrd_heartbeat` char(2) DEFAULT NULL,
  `rrd_heartbeat` mediumint(6) NOT NULL DEFAULT 0,
  `t_data_source_type_id` char(2) DEFAULT NULL,
  `data_source_type_id` smallint(5) NOT NULL DEFAULT 0,
  `t_data_source_name` char(2) DEFAULT NULL,
  `data_source_name` varchar(19) NOT NULL DEFAULT '',
  `t_data_input_field_id` char(2) DEFAULT NULL,
  `data_input_field_id` mediumint(8) unsigned NOT NULL DEFAULT 0,
  PRIMARY KEY (`id`),
  UNIQUE KEY `duplicate_dsname_contraint` (`local_data_id`,`data_source_name`,`data_template_id`),
  KEY `data_template_id` (`data_template_id`),
  KEY `local_data_template_rrd_id` (`local_data_template_rrd_id`)
) ENGINE=InnoDB;
/*!40101 SET character_set_client = @saved_cs_client */;

--
-- Dumping data for table `data_template_rrd`
--

LOCK TABLES `data_template_rrd` WRITE;
/*!40000 ALTER TABLE `data_template_rrd` DISABLE KEYS */;
INSERT INTO `data_template_rrd` VALUES (1,'f1ba3a5b17b95825021241398bb0f277',0,0,1,'','U','','0','',600,'',1,'','proc','',24),(2,'8175ca431c8fe50efff5a1d3ae51b55d',0,0,2,'','U','','0','',600,'',1,'','load_1min','',17),(3,'a2eeb8acd6ea01cd0e3ac852965c0eb6',0,0,2,'','U','','0','',600,'',1,'','load_5min','',18),(4,'9f951b7fb3b19285a411aebb5254a831',0,0,2,'','U','','0','',600,'',1,'','load_15min','',19),(5,'46a5afe8e6c0419172c76421dc9e304a',0,0,3,'','U','','0','',600,'',1,'','users','',21),(6,'a4df3de5238d3beabee1a2fe140d3d80',0,0,4,'','U','','0','',600,'',1,'','mem_buffers','',23),(7,'7fea6acc9b1a19484b4cb4cef2b6c5da',0,0,5,'','U','','0','',600,'',1,'','mem_swap','',23),(8,'4c82df790325d789d304e6ee5cd4ab7d',0,0,6,'','U','','0','',600,'',1,'','hdd_free','',0),(9,'07175541991def89bd02d28a215f6fcc',0,0,6,'','U','','0','',600,'',1,'','hdd_used','',0),(10,'',6,1,4,NULL,'U',NULL,'0',NULL,600,NULL,1,NULL,'mem_buffers',NULL,23),(11,'',7,2,5,NULL,'U',NULL,'0',NULL,600,NULL,1,NULL,'mem_swap',NULL,23),(12,'',2,3,2,NULL,'500',NULL,'0',NULL,600,NULL,1,NULL,'load_1min',NULL,17),(13,'',3,3,2,NULL,'500',NULL,'0',NULL,600,NULL,1,NULL,'load_5min',NULL,18),(14,'',4,3,2,NULL,'500',NULL,'0',NULL,600,NULL,1,NULL,'load_15min',NULL,19),(15,'',5,4,3,NULL,'500',NULL,'0',NULL,600,NULL,1,NULL,'users',NULL,21),(16,'',1,5,1,NULL,'1000',NULL,'0',NULL,600,NULL,1,NULL,'proc',NULL,24),(17,'e96673b4ff97d0e0127c71726c86d2db',0,0,7,'','U','','0','',600,'',1,'','RRDsProcessed','',47),(18,'878803580685cc6b6174a7864fe0fd07',0,0,7,'','U','','0','',600,'',1,'','DataSources','',48),(19,'d107e27befbe4a1fc861f4f97a0f363e',0,0,7,'','U','','0','',600,'',1,'','HostsPerProcess','',49),(20,'dfe4825f22716f75cbfd7e636ae232ac',0,0,7,'','U','','0','',600,'',1,'','Hosts','',50),(21,'0532007849f0e7ff7c16e250125aa847',0,0,7,'','U','','0','',600,'',1,'','Threads','',51),(22,'1d2d7bb2353049b46e4002b9e1495805',0,0,7,'','U','','0','',600,'',1,'','Processes','',52),(23,'5d041918ba1a17fd0a3d569c9f4dc135',0,0,7,'','U','','0','',600,'',1,'','Time','',53),(24,'f88a8c6783c762809f3eb50f19b633ca',0,0,8,'','U','','0','',600,'',1,'','time','',54),(25,'c71c1d51aa3bc0fe6038c1573f2a4f3f',0,0,8,'','U','','0','',600,'',1,'','rrdupdates','',55),(26,'ea735e5f7fa1765712d3d76e18f3eae3',0,0,9,'','U','','0','',600,'',1,'','snmp','',56),(27,'4309fc495d6732710867064a807ec57e',0,0,9,'','U','','0','',600,'',1,'','script','',57),(28,'bae82932239be2a7719199a94630295b',0,0,9,'','U','','0','',600,'',1,'','script_server','',58),(29,'53c6dd5e737bc8d8d40464f5dfae6742',0,0,10,'','U','','0','',600,'',1,'','hosts','',60),(30,'2618aebd09137e5fd909fc18eb5b0cde',0,0,10,'','U','','0','',600,'',1,'','time','',59),(31,'2cd9f4d9c5c2cfbf030b0e88a406cdcb',0,0,11,'','U','','0','',600,'',1,'','boost_peak_memory','',61),(32,'3c0fd1a188b64a662dfbfa985648397b',0,0,12,'','U','','0','',600,'',1,'','5min_cpu','',0),(33,'2df25c57022b0c7e7d0be4c035ada1a0',0,0,13,'on','100000000','','0','',600,'',2,'','traffic_in','',0),(34,'721c0794526d1ac1c359f27dc56faa49',0,0,13,'on','100000000','','0','',600,'',2,'','traffic_out','',0),(35,'c802e2fd77f5b0a4c4298951bf65957c',0,0,14,'','10000000','','0','',600,'',2,'','errors_in','',0),(36,'4e2a72240955380dc8ffacfcc8c09874',0,0,14,'','10000000','','0','',600,'',2,'','discards_in','',0),(37,'13ebb33f9cbccfcba828db1075a8167c',0,0,14,'','10000000','','0','',600,'',2,'','discards_out','',0),(38,'31399c3725bee7e09ec04049e3d5cd17',0,0,14,'','10000000','','0','',600,'',2,'','errors_out','',0),(39,'636672962b5bb2f31d86985e2ab4bdfe',0,0,15,'','1000000000','','0','',600,'',2,'','unicast_in','',0),(40,'18ce92c125a236a190ee9dd948f56268',0,0,15,'','1000000000','','0','',600,'',2,'','unicast_out','',0),(41,'7be68cbc4ee0b2973eb9785f8c7a35c7',0,0,16,'','1000000000','','0','',600,'',2,'','nonunicast_out','',0),(42,'93e2b6f59b10b13f2ddf2da3ae98b89a',0,0,16,'','1000000000','','0','',600,'',2,'','nonunicast_in','',0),(43,'3f9f611bb1828930d65a7c06b26a4be5',0,0,17,'','U','','0','',600,'',1,'','runtime','',64),(44,'fdfbbb01f68edfc54c945b9476b634d6',0,0,17,'','U','','0','',600,'',1,'','avail','',62),(45,'bf5fb7472e869d3863d4146590ac95e9',0,0,18,'','U','','0','',600,'',1,'','inuse','',0),(46,'482d1300df6a71955f78818bee5cbf4e',0,0,18,'','U','','0','',600,'',1,'','maxavail','',0),(47,'4c058a89d1ea5053d2ff7acd95325aab',0,0,18,'','U','','0','',600,'',1,'','queued','',0),(48,'b8c86b21fd7e229b27af35c07454a242',0,0,18,'','U','','0','',600,'',1,'','reserved','',0),(49,'266492bf39b48f77bbaddbfc108ba463',0,0,19,'','U','','0','',600,'',1,'','maxavail','',0),(50,'bae568d39a19b855b22d4c320891688d',0,0,19,'','U','','0','',600,'',1,'','queued','',0),(51,'9523df25ec01e25fd5fe745e7fc335c5',0,0,19,'','U','','0','',600,'',1,'','denied','',0),(52,'e000fc95539d51f9ea8b22bdb9afa578',0,0,19,'','U','','0','',600,'',1,'','inuse','',0),(53,'a9dc781c1bec6dfc8c280f4484150d62',0,0,20,'','U','','0','',600,'',1,'','denied','',0),(54,'3a05b72ada1008a3ca253041fc81d8b0',0,0,20,'','U','','0','',600,'',1,'','inuse','',0),(55,'327485bb99a43577ebf470f8b8ca9a13',0,0,20,'','U','','0','',600,'',1,'','queued','',0),(56,'f0d282040a7ce948d81b92f454a85e23',0,0,20,'','U','','0','',600,'',1,'','maxavail','',0),(57,'81c17a4a3557e711e2b33047e6308f45',0,0,21,'','U','','0','',600,'',1,'','queued','',0),(58,'e5b62cce5245f99bf1e29beae1bef907',0,0,21,'','U','','0','',600,'',1,'','denied','',0),(59,'ab7837cdb974063d1fb0b730892c0cd0',0,0,21,'','U','','0','',600,'',1,'','inuse','',0),(60,'19d5b5aa5832d1395744c65978e33a4a',0,0,21,'','U','','0','',600,'',1,'','maxavail','',0),(61,'906a6f36f99dcdca7aa5144be2fdda37',0,0,22,'','U','','0','',600,'',1,'','queued','',0),(62,'49ea5b2b167ee51ac1010dba6d317a61',0,0,22,'','U','','0','',600,'',1,'','inuse','',0),(63,'fa64c5bb212aeb204b90bac318572451',0,0,22,'','U','','0','',600,'',1,'','reserved','',0),(64,'c7a42b5b6ce6fd5ba87ee64d2d7be5ef',0,0,22,'','U','','0','',600,'',1,'','maxavail','',0),(65,'cf092eb1a72a153fbf2f988a96376f78',0,0,23,'','U','','0','',600,'',1,'','lastTime','',0),(66,'825c8a6c2c2a11a610572690b2e2132c',0,0,23,'','U','','0','',600,'',1,'','avgTime','',0),(67,'bcad0c2007946af36db120801a557913',0,0,23,'','U','','0','',600,'',1,'','maxTime','',0),(68,'7bee7987bbf30a3bc429d2a67c6b2595',0,0,24,'','U','','U','',600,'',3,'','cpu_system','',0),(69,'ddccd7fbdece499da0235b4098b87f9e',0,0,25,'','U','','U','',600,'',3,'','cpu_user','',0),(70,'122ab2097f8c6403b7b90cde7b9e2bc2',0,0,26,'','U','','U','',600,'',3,'','cpu_nice','',0),(71,'ed44c2438ef7e46e2aeed2b6c580815c',0,0,27,'','U','','0','',600,'',1,'','load_1min','',0),(72,'9b3a00c9e3530d9e58895ac38271361e',0,0,28,'','U','','0','',600,'',1,'','load_5min','',0),(73,'6746c2ed836ecc68a71bbddf06b0e5d9',0,0,29,'','U','','0','',600,'',1,'','load_15min','',0),(74,'9835d9e1a8c78aa2475d752e8fa74812',0,0,30,'','U','','0','',600,'',1,'','mem_buffers','',0),(75,'9c78dc1981bcea841b8c827c6dc0d26c',0,0,31,'','U','','0','',600,'',1,'','mem_free','',0),(76,'7a6ca455bbeff99ca891371bc77d5cf9',0,0,32,'','U','','0','',600,'',1,'','mem_cache','',0),(77,'d70f6e2e549d9d58335609bbfd275106',0,0,33,'','U','','0','',600,'',1,'','num_jobs','',67),(78,'ca983a5638d7d6d2b3a9674d238a7b04',0,0,33,'','U','','0','',600,'',1,'','run_jobs','',68),(79,'d2281a1b2762cceac18f6392f0be03d2',0,0,33,'','U','','0','',600,'',1,'','max_jobs','',66),(80,'b1da15d273e1e6d17b690feb19f0088a',0,0,33,'','U','','0','',600,'',1,'','sys_susp_jobs','',69),(81,'d14f352de62832f29a449abb6d7d4f91',0,0,33,'','U','','0','',600,'',1,'','usr_susp_jobs','',70),(82,'b12f5069f5325b44f793a018b2dbdd21',0,0,33,'','U','','0','',600,'',1,'','res_jobs','',71),(83,'a77efa48614d02d700c289b1bd4ec3b0',0,0,34,'','U','','0','',600,'',1,'','r1m','',76),(84,'592fcc755eacd523aa1669bef1fef5aa',0,0,34,'','U','','0','',600,'',1,'','r15m','',77),(85,'f2e4451af554e85c229337d01438c7ab',0,0,34,'','U','','0','',600,'',1,'','r15s','',75),(86,'c755e1fd3ab78e116cea7fc3eca39d63',0,0,35,'','U','','0','',600,'',1,'','pg','',84),(87,'670047868ba33df82fc944174235625c',0,0,35,'','U','','0','',600,'',1,'','io','',83),(88,'2314918a7be3e19664c0b4368694e0dd',0,0,36,'','U','','0','',600,'',1,'','mem','',88),(89,'acd1b14de0287510e807640bc3098bd8',0,0,36,'','U','','0','',600,'',1,'','swp','',89),(90,'00b1d76bd7034a59b9e17b5153cc775a',0,0,37,'','U','','0','',600,'',1,'','ut','',93),(91,'02b7b22850b645316b5fec7fed895cfb',0,0,38,'','U','','0','',600,'',1,'','res','',97),(92,'4defeb0b2500ca53652bd9f2d317e9e7',0,0,38,'','U','','0','',600,'',1,'','mem','',96),(93,'264096522eda62fcb88116d95e2aabff',0,0,38,'','U','','0','',600,'',1,'','swp','',98),(94,'2d53f9c76767a2ae8909f4152fd473a4',0,0,39,'','U','','0','',600,'',1,'','hdd_free','',0),(95,'93d91aa7a3cc5473e7b195d5d6e6e675',0,0,39,'','U','','0','',600,'',1,'','hdd_used','',0),(96,'8a057c3545d57b786caf4155fa06bcea',0,0,40,'','U','','0','',600,'',1,'','exited','',103),(97,'a1c5b990338fd69ff6b552152a594bab',0,0,40,'','U','','0','',600,'',1,'','done','',102),(98,'2c8c19c5aaca8beaa175ca542280f3be',0,0,40,'','U','','0','',600,'',1,'','started','',101),(99,'d460b069fb464bd6d3070bf9c5d47091',0,0,41,'','U','','0','',600,'',1,'','pending','',106),(100,'8954b22bb5223016fc2a32e8e0d4559e',0,0,42,'','U','','0','',600,'',1,'','efficiency','',108),(101,'d4651376cba8ac66379fc5575836c2fc',0,0,43,'','U','','0','',600,'',1,'','capacity','',110),(102,'b8c754f784b22ac2ae61414e69afd438',0,0,43,'','U','','0','',600,'',1,'','load','',111),(103,'37fc73e474202f22aa2772bd1e5b39a5',0,0,44,'','U','','0','',600,'',1,'','Done','',120),(104,'d439f53f1b0c945b7a53b97a3d6ebb10',0,0,44,'','U','','0','',600,'',1,'','Running','',119),(105,'6cecf0d8af05dccb83796954e14ba249',0,0,44,'','U','','0','',600,'',1,'','Pending','',118),(106,'ad9cfbd80d0720eb84912b4a7de6f1ab',0,0,44,'','U','','0','',600,'',1,'','MBDppMax','',117),(107,'fa17709680f60d46b0e62d1831808244',0,0,44,'','U','','0','',600,'',1,'','MBDtime','',116),(108,'2eb46a1ef1f90e3a34ead84cf33ed426',0,0,44,'','U','','0','',600,'',1,'','Runtime','',114),(109,'3a9ee9e97b1b5a4cd4dbf85c31062b53',0,0,45,'','U','','0','',600,'',1,'','lim','',122),(110,'75d95145f7f432743d44c6edfbc5533c',0,0,45,'','U','','0','',600,'',1,'','lsb','',123),(111,'177b47647b1195abbe8b56c930568882',0,0,46,'','U','','0','',600,'',1,'','numFloatClients','',125),(112,'e1b628f214260d714c809ec791c51f43',0,0,46,'','U','','0','',600,'',1,'','numStaticClients','',126),(113,'ad1730a04a1f883021c4a8efdc50af5d',0,0,47,'','U','','0','',600,'',1,'','bhosts_runtime','',134),(114,'e1e915c0d72b625ed6fc9d8da7b4dc40',0,0,47,'','U','','0','',600,'',1,'','lshosts_runtime','',128),(115,'edcadae47c9ce9ea6be37f138da6822a',0,0,47,'','U','','0','',600,'',1,'','lsload_runtime','',129),(116,'b213598e55261cf82068fb14acc6fc75',0,0,47,'','U','','0','',600,'',1,'','barray_runtime','',131),(117,'d23cd77e37df81ea04676b1f3a4b6803',0,0,47,'','U','','0','',600,'',1,'','bhostgroups_runtime','',130),(118,'5b6376de68ec6fb798f296f1d24d3233',0,0,47,'','U','','0','',600,'',1,'','bparams_runtime','',132),(119,'b728a0387ab1a7c46a5e9355370b0287',0,0,47,'','U','','0','',600,'',1,'','busergroups_runtime','',133),(120,'bfd65d865dd3d7d6b186a9a9ff4bbaa0',0,0,47,'','U','','0','',600,'',1,'','bqueues_runtime','',135),(121,'158303f1cacd34664c7bb8c66ec9a887',0,0,47,'','U','','0','',600,'',1,'','busers_runtime','',136),(122,'57edb4705bfd642d3d4953bd5d319cf2',0,0,48,'','U','','0','',600,'',1,'','maxpend','',0),(123,'973b954ed42936ed5d7822332b4dfcfd',0,0,48,'','U','','0','',600,'',1,'','avgpend','',0),(124,'512d00cab4bef3f5e5a599269c0693ce',0,0,48,'','U','','0','',600,'',1,'','maxdisp','',0),(125,'820586523af2d00ef296d5d18ab34c59',0,0,48,'','U','','0','',600,'',1,'','avgdisp','',0),(126,'bd15b1967d352d894964774233e30169',0,0,49,'','U','','0','',600,'',1,'','started','',0),(127,'de5b981ab32e159f6b0843526769312e',0,0,49,'','U','','0','',600,'',1,'','submited','',0),(128,'f0cc709dd5612a5d91079debd2b6a719',0,0,49,'','U','','0','',600,'',1,'','ended','',0),(129,'e794db30a91a52326cd40dbdde2ec305',0,0,49,'','U','','0','',600,'',1,'','running','',0),(130,'c8db57921c202ec60a4e5ec2814a26d0',0,0,49,'','U','','0','',600,'',1,'','pending','',0),(131,'256e384bc28fce77cb52ee6337e785ea',0,0,49,'','U','','0','',600,'',1,'','suspended','',0),(132,'19be985d47049500b5ef4c394c527e8e',0,0,49,'','U','','0','',600,'',1,'','exited','',0),(133,'26baa46cfd77a5dfcf61bb525319322b',0,0,50,'','U','','0','',600,'',1,'','users','',0),(134,'3cbb3f4f5bb0d421bcc5e58fd11d7472',0,0,51,'','U','','0','',600,'',1,'','hstart','',0),(135,'35aa6c9cba57b0dbccc3faf7db582953',0,0,51,'','U','','0','',600,'',1,'','hdone','',0),(136,'9bea453777ba20542e7762fc3760d928',0,0,51,'','U','','0','',600,'',1,'','hexit','',0),(137,'1821f533bebecec8e03fac8cf4b17b4f',0,0,52,'','U','','0','',600,'',1,'','numslots','',0),(138,'e08d3029e22634cda7bd57fc992acec6',0,0,52,'','U','','0','',600,'',1,'','openSharedSlots','',0),(139,'7ac28fc4ebfb3689c0daa5e5fd108bcb',0,0,52,'','U','','0','',600,'',1,'','openDedicatedSlots','',0),(140,'9a587fd468fc5190b7bb32022856d3a3',0,0,52,'','U','','0','',600,'',1,'','sharedSlots','',0),(141,'562270e039df5dc7b4bf9e5c7dd11228',0,0,52,'','U','','0','',600,'',1,'','dedicatedSlots','',0),(142,'991af862174faab6869b9f6fcd15cd2e',0,0,53,'','U','','0','',600,'',1,'','pending','',0),(143,'823616464c6a5c8ee6ade35e1f5436f1',0,0,54,'','U','','0','',600,'',1,'','running','',0),(144,'41c02973fa8e7c1f94eae4c748a9d016',0,0,55,NULL,'U',NULL,'0',NULL,600,NULL,1,NULL,'memSlotUtil',NULL,0),(145,'4ebe1ac201d984768d8a599e52e0168a',0,0,55,NULL,'U',NULL,'0',NULL,600,NULL,1,NULL,'slotUtil',NULL,0),(146,'98765741c6dc6406e75638008c185e3b',0,0,55,'','U','','0','',600,'',1,'','cpuUtil','',0),(147,'166811ccec7ad6b95019a8429bbf9116',0,0,56,'','U','','0','',600,'',1,'','pending','',0),(148,'ea86d741fa1e5dd7ac23930cc83bf76c',0,0,56,'','U','','0','',600,'',1,'','running','',0),(149,'4e324200d1089027839019e4ef51c935',0,0,57,'','U','','0','',600,'',1,'','ut','',0),(150,'60307359fa1486103a38aa608457faf8',0,0,58,'','U','','0','',600,'',1,'','io','',0),(151,'47a217310bab2f1ae49cc8bb97cbc166',0,0,58,'','U','','0','',600,'',1,'','pg','',0),(152,'5727972eb778c927338700cf3265c5d4',0,0,59,'','U','','0','',600,'',1,'','capacity','',0),(153,'1266fe88bd1e46d18eff2d038e5fbf3a',0,0,59,'','U','','0','',600,'',1,'','load','',0),(154,'71a613c547998a2ae1d8cd21fe1cd595',0,0,60,'','U','','0','',600,'',1,'','ok_slots','',0),(155,'f3d24dbab0358ba1b245c50f6a31ffd1',0,0,60,'','U','','0','',600,'',1,'','total_jobs','',0),(156,'2e783580fdafb5e5198ffa282ee90814',0,0,61,'','U','','0','',600,'',1,'','numDONE','',0),(157,'5bd962e88f5102e94bf52aa0505ad708',0,0,61,'','U','','0','',600,'',1,'','numEXIT','',0),(158,'8064511bbb7349a707b6f2f2512f7cc2',0,0,62,'','U','','0','',600,'',1,'','numPEND','',0),(159,'739359a50a70cfdc754f8dbf092a9939',0,0,63,'','U','','0','',600,'',1,'','numRUN','',0),(160,'32a0ebb8694629b2ee2bbcb78d95f131',0,0,64,'','U','','0','',600,'',1,'','mem','',0),(161,'be0fc3f8b5c26891ecc8c562423e3ce4',0,0,64,'','U','','0','',600,'',1,'','swp','',0),(162,'62f7524dde2acfd0439c04b08777925f',0,0,64,'','U','','0','',600,'',1,'','maxmem','',0),(163,'a00dd94be868cded5aa5c57d6c63a0c3',0,0,65,'','U','','0','',600,'',1,'','max_mem','',0),(164,'1ff0907b9caa76af1bb64acc7d898beb',0,0,65,'','U','','0','',600,'',1,'','avg_mem','',0),(165,'0ac3e3884a90ce0be496d76a7a3dbaf1',0,0,66,'','U','','0','',600,'',1,'','total_slots','',0),(166,'c7fac82e7b50a74423a94ee843912cb5',0,0,66,'','U','','0','',600,'',1,'','ok_slots','',0),(167,'5cd6d72da1c53d2541864d18f150db93',0,0,66,'','U','','0','',600,'',1,'','closed_slots','',0),(168,'89169af40d1971122baf7a9b25ff1db2',0,0,66,'','U','','0','',600,'',1,'','out_slots','',0),(169,'e53cf7a8687e412222886ea6b9cee7cb',0,0,66,'','U','','0','',600,'',1,'','unavail_slots','',0),(170,'5a20ea35d3a7ac49f01418290ff6b114',0,0,67,'','U','','0','',600,'',1,'','numStartJobs','',0),(171,'ec085d24ac94e1bd9b9e35578c45c183',0,0,67,'','U','','0','',600,'',1,'','numPEND','',0),(172,'f230fd5e3d358c404e6b58a71009f8eb',0,0,67,'','U','','0','',600,'',1,'','numRUN','',0),(173,'b39187a238a6471c44b1e78b14e42e9f',0,0,67,'','U','','0','',600,'',1,'','numSSUSP','',0),(174,'cb40d6d1905edb11b021a27d519d5d7f',0,0,67,'','U','','0','',600,'',1,'','numUSUSP','',0),(175,'530559e1d6572c8927940bb24507360e',0,0,67,'','U','','0','',600,'',1,'','numRESERVE','',0),(176,'ffde311eac3b6a8f5c4714692bf58631',0,0,68,NULL,'U',NULL,'0',NULL,600,NULL,1,NULL,'max_mem',NULL,0),(177,'8154e0d9c988b3432021e8e038cf2d46',0,0,68,NULL,'U',NULL,'0',NULL,600,NULL,1,NULL,'avg_mem',NULL,0),(178,'c11b2da08b29038ca7474bfbc818655c',0,0,69,NULL,'U',NULL,'0',NULL,600,NULL,1,NULL,'efficiency',NULL,0),(179,'d65b61b0941eda47b2099753bbd163cf',0,0,70,NULL,'U',NULL,'0',NULL,600,NULL,1,NULL,'total_cpu',NULL,0),(180,'466cd70d0ae270917e1cd9637858a991',0,0,71,'','U','','0','',600,'',1,'','numJobs','',0),(181,'9a5e4e2824f0054264084083eb868804',0,0,71,'','U','','0','',600,'',1,'','numPEND','',0),(182,'036c850205108ea21655edfb03193139',0,0,71,'','U','','0','',600,'',1,'','numRUN','',0),(183,'8d33cb081a0771bbc0cc4dc3416b0ca8',0,0,71,'','U','','0','',600,'',1,'','numSUSP','',0),(184,'2995d7539c3d3580d4bd799ec5beec39',0,0,71,'','U','','0','',600,'',1,'','numDONE','',0),(185,'532075184a2d4739c586559050e36d9d',0,0,71,'','U','','0','',600,'',1,'','numSTARTED','',0),(186,'4b33a605fe41bdc2bd031a2d8447917c',0,0,71,'','U','','0','',600,'',1,'','numEXIT','',0),(187,'9ae3f1baca91e03e88b25bd08d8e5148',0,0,71,'','U','','0','',600,'',1,'','numSUBMITTED','',0),(188,'f79dbec745975b82a16684c3fff7f148',0,0,72,'','U','','0','',600,'',1,'','maxValue','',0),(189,'24a2ae0dcdee8627a99b0753897fc546',0,0,72,'','U','','0','',600,'',1,'','totalValue','',0),(190,'c96185b3f04fcb1dc96581ce534c6da5',0,0,72,'','U','','0','',600,'',1,'','reservedValue','',0),(191,'33308d1b51071a68c805372dc689b018',0,0,73,'','U','','0','',600,'',1,'','efficiency','',0),(192,'9268c3ebeedf2ced5f191cd0e7632d1b',0,0,74,'','U','','0','',600,'',1,'','total_cpu','',0),(193,'f4d7c8387a0c263333717bcd018f4908',0,0,75,'','U','','0','',600,'',1,'','max_mem','',0),(194,'197123851bb2706ed23f07ab2479a189',0,0,75,'','U','','0','',600,'',1,'','avg_mem','',0),(195,'0df3a91c895b93737eafbe1141c9939f',0,0,76,'','U','','0','',600,'',1,'','avg_swap','',0),(196,'192520cdf69d434e9ffb782c1e565e3a',0,0,76,'','U','','0','',600,'',1,'','max_swap','',0),(197,'50cda38cb4d9a902650cb7318e60344b',0,0,77,'','U','','0','',600,'',1,'','numPEND','',0),(198,'9fb6fc0e15f0ca87a6d60c36b6aacb95',0,0,78,'','U','','0','',600,'',1,'','numRUN','',0),(199,'41e565944db69c1bab72d231d5e7a674',0,0,79,'','U','','0','',600,'',1,'','pendJOBS','',0),(200,'115d13737699a2c1c5a06e8fb02ab07c',0,0,80,'','U','','0','',600,'',1,'','runJOBS','',0),(201,'1624ab155e276741f682cba87fd4c3c9',0,0,81,'','U','','0','',600,'',1,'','efficiency','',0),(202,'090dc604ac467c0e8d93cfc034e37a55',0,0,82,NULL,'U',NULL,'0',NULL,600,NULL,1,NULL,'max_mem',NULL,0),(203,'ad8921d5bfc5e2677e0557e927c6ce53',0,0,82,'','U','','0','',600,'',1,'','avg_mem','',0),(204,'4814a191aa80e310c9151f3c140eb287',0,0,83,'','U','','0','',600,'',1,'','numPEND','',0),(205,'d834aacd54598e6c539cfc6ba7f46c1a',0,0,84,NULL,'U',NULL,'0',NULL,600,NULL,1,NULL,'numRUN',NULL,0),(206,'d8daf5d1098e175d9db477244d8dd0a1',0,0,85,NULL,'U',NULL,'0',NULL,600,NULL,1,NULL,'total_cpu',NULL,0),(207,'7f0229fd3b8638473ae073f9da3d3fa2',0,0,86,'','U','','0','',600,'',1,'','avg_swap','',0),(208,'6f4837bc96e21eafcdc5ded32bdc3575',0,0,86,NULL,'U',NULL,'0',NULL,600,NULL,1,NULL,'max_swap',NULL,0),(209,'0d644353e5e97d3108d077132eeb4c28',0,0,87,'','U','','0','',600,'',1,'','efficiency','',0),(210,'c011848bfcd479a2805a2810c822e857',0,0,88,NULL,'U',NULL,'0',NULL,600,NULL,1,NULL,'max_mem',NULL,0),(211,'6a4364f8340579a1dd16de57bdf41c3d',0,0,88,'','U','','0','',600,'',1,'','avg_mem','',0),(212,'5edfc690ba60bc691f340359254cad8b',0,0,89,'','U','','0','',600,'',1,'','numPEND','',0),(213,'1e15aa33f175cec04edd253f12d64121',0,0,90,'','U','','0','',600,'',1,'','numRUN','',0),(214,'f951b93b07087decec9698155aeced88',0,0,91,'','U','','0','',600,'',1,'','total_cpu','',0),(215,'6971e9460915cd03721727b51e42e331',0,0,92,'','U','','0','',600,'',1,'','avg_swap','',0),(216,'c9d956c4603740c9129ec6feb4a31893',0,0,92,NULL,'U',NULL,'0',NULL,600,NULL,1,NULL,'max_swap',NULL,0),(217,'6e7697ef1c96804fac2d55d4d537cfeb',0,0,93,'','U','','0','',600,'',1,'','numRUN','',0),(218,'99e9836909f01e72d4502061d5b65780',0,0,94,'','U','','0','',600,'',1,'','efficiency','',0),(219,'a8e98d9f869a5f6545fcb550970a1b37',0,0,95,'','U','','0','',600,'',1,'','max_mem','',0),(220,'55a085c8c078c765845c8014337c66fe',0,0,95,'','U','','0','',600,'',1,'','avg_mem','',0),(221,'f1e17ce36eb5510fca47f6fc78de78e3',0,0,96,'','U','','0','',600,'',1,'','numPEND','',0),(222,'74869b4f1099632242537965ef6aa46c',0,0,97,'','U','','0','',600,'',1,'','total_cpu','',0),(223,'ef51de25ddd2c53ba6a9027eb4e5b83d',0,0,98,'','U','','0','',600,'',1,'','avg_swap','',0),(224,'94d83b572048beb9f7e66f4106e47a3a',0,0,98,NULL,'U',NULL,'0',NULL,600,NULL,1,NULL,'max_swap',NULL,0),(225,'5589263f7d3b09fc438072151775d525',0,0,99,'','U','','0','',600,'',1,'','guar_config','',0),(226,'68356d303afdb525eedec02d67f183e2',0,0,99,'','U','','0','',600,'',1,'','guar_used','',0),(227,'2f0bee4f639f19bd22086e56c85545f6',0,0,99,'','U','','0','',600,'',1,'','total_used','',0),(228,'8454647f05457ae5f71d4062449dc3bd',0,0,99,'','U','','0','',600,'',1,'','pending','',0),(229,'35a130053be550595c339854b42d443e',0,0,99,'','U','','0','',600,'',1,'','running','',0),(230,'e8b0d75a8a3b536f1069787aea73bd27',0,0,100,'','U','','0','',600,'',1,'','guar_config','',0),(231,'d7058ec15e08ba731d3207c411e2e1da',0,0,100,'','U','','0','',600,'',1,'','guar_used','',0),(232,'f362f05f490a94203d82a1dd19e6c196',0,0,100,'','U','','0','',600,'',1,'','total_res','',0),(233,'8bc1ca9cdbd9b4523b278502adaede97',0,0,100,'','U','','0','',600,'',1,'','free_res','',0),(234,'dd6769287167b8d5b3013feb9f442d27',0,0,100,'','U','','0','',600,'',1,'','pending','',0),(235,'a4c39d0751edc93abe39eea76063354d',0,0,100,'','U','','0','',600,'',1,'','running','',0),(236,'daa732243f7ac0d7ae406b7ff55dfb04',0,0,101,'','1000000','','0','',600,'',1,'','pjob_bsubTime','',0),(237,'7a85d19ca3bcca603ad66ecdee112d6e',0,0,101,'','1000000','','0','',600,'',1,'','pjob_doneTime','',0),(238,'d618783b8fdf68c17fffd762bb4fee91',0,0,101,'','1000000','','0','',600,'',1,'','pjob_seenTime','',0),(239,'689de668d37175fc9cb38c1a1db4c7c5',0,0,101,'','1000000','','0','',600,'',1,'','pjob_runTime','',0),(240,'a63ba9504e408b73a0117f3299bc5817',0,0,101,'','1000000','','0','',600,'',1,'','pjob_seenDoneTime','',0),(241,'30898a1bdc337e564db32fcca5b20d86',0,0,101,'','1000000','','0','',600,'',1,'','pjob_startTime','',0),(242,'2756cebfbf4604fd1b61eb3dcfd03f48',0,0,102,'','U','','0','',600,'',1,'','priority','',0),(243,'7caeed7de6fd00df15a24234cea9427c',0,0,103,'','U','','0','',600,'',1,'','started','',0),(244,'ac004989d6f1c19a75cfe899bb737202',0,0,104,'','U','','0','',600,'',1,'','share','',0),(245,'4035a50644e37a0bebd8dedae28f022a',0,0,105,'','U','','0','',600,'',1,'','run_time','',0),(246,'2c4b80daa096c03480b82308742916fb',0,0,105,'','U','','0','',600,'',1,'','cpu_time','',0),(247,'885271eebaa8018d5405db02bafd9df2',0,0,106,'','U','','0','',600,'',1,'','run_jobs','',0),(248,'5a3dfbc432077ff62e43d8aea4ec5995',0,0,107,'','U','','0','',600,'',1,'','run_slots','',0),(249,'a0ee079bc9a446a81a791ad304e6dd73',0,0,108,'','U','','0','',600,'',1,'','pend_jobs','',0),(250,'91cf5dd0c0776931ee02adeede3e7545',0,0,109,'','U','','0','',600,'',1,'','pend_slots','',0),(251,'34f50c820092ea0fecba25b4b94a7946',0,0,110,'','U','','0','',600,'',1,'','wrls_noise','',0),(252,'830b811d1834e5ba0e2af93bd92db057',0,0,111,'','U','','0','',600,'',1,'','wrls_signal','',0),(253,'2f1b016a2465eef3f7369f6313cd4a94',0,0,112,'','1000000','','0','',600,'',2,'','wrls_transmits','',0),(254,'28ffcecaf8b50e49f676f2d4a822685d',0,0,113,'','1000000','','0','',600,'',2,'','wrls_retransmits','',0),(255,'9464c91bcff47f23085ae5adae6ab987',0,0,114,'','U','','0','',600,'',1,'','users','',0),(256,'50ccbe193c6c7fc29fb9f726cd6c48ee',0,0,115,'','U','','0','',600,'',1,'','proc','',0),(257,'f7fc3e802831391ccd92c05b680da27c',0,0,116,'','U','','0','',600,'',1,'','ssCpuSystem','',0),(258,'93d64a9d12a9929013cd9e970a5d333c',0,0,117,'','U','','0','',600,'',1,'','ssCpuUser','',0),(259,'3d13e790d0eedbeaa9601dcd8c49be31',0,0,118,'','U','','0','',600,'',1,'','ssCpuIdle','',0),(260,'6f3c1f1706df1e20976bd5d616f63d1d',0,0,119,'','U','','0','',600,'',1,'','ssSysInterrupts','',0),(261,'4faab1acdeb03e2bad23d3b80cf9455f',0,0,120,'','U','','0','',600,'',1,'','ssSysContext','',0),(262,'0ee6bb54957f6795a5369a29f818d860',0,0,121,'','U','','0','',600,'',1,'','hdd_used','',0),(263,'165a0da5f461561c85d092dfe96b9551',0,0,121,'','U','','0','',600,'',1,'','hdd_total','',0),(264,'9825aaf7c0bdf1554c5b4b86680ac2c0',0,0,122,'','U','','0','',600,'',1,'','cpu','',0),(265,'9e402c0f29131ef7139c20bd500b4e8a',0,0,123,'','10000000','','0','',600,'',2,'','cache_checks','',0),(266,'46717dfe3c8c030d8b5ec0874f9dbdca',0,0,124,'','1000000','','0','',600,'',2,'','cache_hits','',0),(267,'289311d10336941d33d9a1c48a7b11ee',0,0,125,'','10000000','','0','',600,'',2,'','fs_reads','',0),(268,'02216f036cca04655ee2f67fedb6f4f0',0,0,126,'','10000000','','0','',600,'',2,'','fs_writes','',0),(269,'ddb6e74d34d2f1969ce85f809dbac23d',0,0,127,'','U','','0','',600,'',1,'','total_logins','',0),(270,'7a88a60729af62561812c43bde61dfc1',0,0,128,'','U','','0','',600,'',1,'','open_files','',0),(271,'62a56dc76fe4cd8566a31b5df0274cc3',0,0,129,'','U','','0','',600,'',1,'','vol_total','',0),(272,'2e366ab49d0e0238fb4e3141ea5a88c3',0,0,129,'','U','','0','',600,'',1,'','vol_free','',0),(273,'dceedc84718dd93a5affe4b190bca810',0,0,129,'','U','','0','',600,'',1,'','vol_freeable','',0),(274,'93330503f1cf67db00d8fe636035e545',0,0,130,'','U','','0','',600,'',1,'','dir_total','',0),(275,'6b0fe4aa6aaf22ef9cfbbe96d87fa0d7',0,0,130,'','U','','0','',600,'',1,'','dir_used','',0),(276,'07492e5cace6d74e7db3cb1fc005a3f3',0,0,131,'','U','','0','',600,'',1,'','cpu','',0),(277,'cc1622e7fa1f195fa240adb90f2a3037',0,0,132,'','U','','U','',600,'',3,'','Com_delete','',140),(278,'7edcb46a9d8350861867cf1fcb183119',0,0,132,'','U','','U','',600,'',3,'','Com_insert','',141),(279,'3a3d73d6eadbb019187914119f8fe2fb',0,0,132,'','U','','U','',600,'',3,'','Com_insert_select','',142),(280,'a8637eabd6817b58ffd1bf62c7e66e19',0,0,132,'','U','','U','',600,'',3,'','Com_truncate','',143),(281,'2ee2553fb7a82ae5294bf2ef11239159',0,0,132,'','U','','U','',600,'',3,'','Com_update','',144),(282,'3b69141aec21dad852bc6cd79ff0b624',0,0,132,'','U','','U','',600,'',3,'','Com_update_multi','',145),(283,'7bd438f37586d37aea1d8cc8b2542f88',0,0,133,'','U','','U','',600,'',3,'','Handler_commit','',149),(284,'5a65a05cc948ac00ec3c71d5516a6131',0,0,133,'','U','','U','',600,'',3,'','Handler_delete','',150),(285,'09df5dcfbba4948bc21bb76ba9cb332f',0,0,133,'','U','','U','',600,'',3,'','Handler_discover','',151),(286,'f3fccb60e612c52c7000fc0c6f742a73',0,0,133,'','U','','U','',600,'',3,'','Handler_rollback','',152),(287,'68c66057d398f47099825de483234b6c',0,0,133,'','U','','U','',600,'',3,'','Handler_update','',153),(288,'b481b78f6b4dc9609063c4610f38d947',0,0,133,'','U','','U','',600,'',3,'','Handler_write','',154),(289,'848d6adfaae49b701334c757837c69a8',0,0,134,'','U','','U','',600,'',3,'','Com_select','',158),(290,'28bbd5fdf757431a15719306edec6d5c',0,0,134,'','U','','U','',600,'',3,'','Select_full_join','',159),(291,'ab230c5c0b916db29e3ffadaf9a0a8c0',0,0,134,'','U','','U','',600,'',3,'','Selectfullrangejoin','',160),(292,'fd4dad000330b96473ec8e72b6bcde8b',0,0,134,'','U','','U','',600,'',3,'','Select_range','',161),(293,'e6cd08ad909dfd79431aa6e0b1c17754',0,0,134,'','U','','U','',600,'',3,'','Select_range_check','',162),(294,'a41bd5bb906f0ed6470024a08a692454',0,0,134,'','U','','U','',600,'',3,'','Select_scan','',163),(295,'e001abf58fe058d15e885e6303c5134e',0,0,135,'','U','','U','',600,'',3,'','Handler_read_first','',167),(296,'558d068193b60b9de2be428f2963322e',0,0,135,'','U','','U','',600,'',3,'','Handler_read_key','',168),(297,'20ac9c35e99e59105092801f766139e2',0,0,135,'','U','','U','',600,'',3,'','Handler_read_next','',169),(298,'5c0e29767a43c5959c7a40fc5f675b92',0,0,135,'','U','','U','',600,'',3,'','Handler_read_prev','',170),(299,'2e2a65312f296b98e484ba9dcb73a4f8',0,0,135,'','U','','U','',600,'',3,'','Handler_read_rnd','',171),(300,'8420b87b28932145ee86e8cc61218638',0,0,135,'','U','','U','',600,'',3,'','Handlerreadrndnext','',172),(301,'bf33ff87da2af0d65a90a6f91d5164c8',0,0,136,'','U','','U','',600,'',3,'','Key_read_requests','',176),(302,'3967c9daa1c87d38419700826103f37b',0,0,136,'','U','','U','',600,'',3,'','Key_reads','',177),(303,'3053bd727e3cb3c57a9f3231b87d2d12',0,0,136,'','U','','U','',600,'',3,'','Key_write_requests','',178),(304,'f2b90de62421e3061f5ca82ca2ad8f32',0,0,136,'','U','','U','',600,'',3,'','Key_writes','',179),(305,'a89227a8112b67b131ae47a7967d800c',0,0,137,'','0','','1','',600,'',1,'','Qcache_free_blocks','',183),(306,'54795bf10d028682a9a1316d4aaabe05',0,0,137,'','0','','1','',600,'',1,'','Qcache_free_memory','',184),(307,'912b9e7087252ca9908829792b34f11f',0,0,137,'','U','','U','',600,'',3,'','Qcache_hits','',185),(308,'6db5f0666141b3f21d08266be3257607',0,0,137,'','U','','U','',600,'',3,'','Qcache_inserts','',186),(309,'2a90e2bfc80b4a2cff92edc7139e0136',0,0,137,'','U','','U','',600,'',3,'','Qcachelowmemprunes','',187),(310,'8c043b0f9ce56ce2d78f7fce9c418c3b',0,0,137,'','U','','U','',600,'',3,'','Qcache_not_cached','',188),(311,'f4805d399c9214143c57d23e376ff314',0,0,137,'','0','','1','',600,'',1,'','Qcachequeriesincach','',189),(312,'17627255ed14a85277308907131a02d1',0,0,137,'','0','','1','',600,'',1,'','Qcache_total_blocks','',190),(313,'c786fb8f3015e1049d96f27f64329675',0,0,138,'','U','','U','',600,'',3,'','Questions','',194),(314,'57fff95818cb0dcfe6c9b346643d30f9',0,0,138,'','U','','U','',600,'',3,'','Bytes_received','',195),(315,'6ba10c273f0b15cddb420984cd3778c4',0,0,138,'','U','','U','',600,'',3,'','Bytes_sent','',196),(316,'b506840f6f74c9b683cca065c9d3137c',0,0,138,'','U','','U','',600,'',3,'','Connections','',197),(317,'b299f487b958ab19d4afc560afda9bd9',0,0,138,'','0','','1','',600,'',1,'','Max_used_connection','',198),(318,'2816d7aea979e05254fdd31534aad6b1',0,0,139,'','U','','U','',600,'',3,'','Sort_merge_passes','',202),(319,'82357fce26b80343d9b9c7e17522499d',0,0,139,'','U','','U','',600,'',3,'','Sort_range','',203),(320,'d2e6db4f80e9da7d4d6f214feef22b53',0,0,139,'','U','','U','',600,'',3,'','Sort_rows','',204),(321,'ab610191a0652453e9ae403057a96344',0,0,139,'','U','','U','',600,'',3,'','Sort_scan','',205),(322,'bb6193faacaf14525e243c824ba2ac28',0,0,140,'','U','','U','',600,'',3,'','Table_locks_immedia','',208),(323,'964af825b5a7e29b2645c20fbd0f58c0',0,0,140,'','U','','U','',600,'',3,'','Table_locks_waited','',210),(324,'0995f155f7a6e3a696ab1f166c27ce3b',0,0,140,'','U','','U','',600,'',3,'','Slow_launch_threads','',211),(325,'1bebd60d171740e4e831080eaf45d9ee',0,0,140,'','U','','U','',600,'',3,'','Slow_queries','',212),(326,'09a2b0e39cb5e6d13c53bbb5fc753809',0,0,141,'','U','','U','',600,'',3,'','Createdtmpdisktable','',216),(327,'e82bffd5b961c16294afc0def7b130bd',0,0,141,'','U','','U','',600,'',3,'','Created_tmp_files','',217),(328,'4022cb4b63f253bae4c5b5bba332dd29',0,0,141,'','U','','U','',600,'',3,'','Created_tmp_tables','',218),(329,'2ef75836f73330ee0c4b99877477ace8',0,0,142,'','0','','1','',600,'',1,'','Threads_cached','',222),(330,'5146ace9a7d4ad6248e76d757a238bda',0,0,142,'','0','','1','',600,'',1,'','Threads_connected','',223),(331,'83cf30cc056c5187d86ca5da2ff4e733',0,0,142,'','U','','U','',600,'',3,'','Threads_created','',224),(332,'d586e1435f20a85a29ac94de73edcdcc',0,0,142,'','0','','1','',600,'',1,'','Threads_running','',225),(333,'8e727ce5b0d22bfa28821da5ce6c40c2',0,0,142,'','U','','U','',600,'',3,'','Aborted_clients','',226),(334,'d9615352b999d289b0d6de1de7f2f9e1',0,0,142,'','U','','U','',600,'',3,'','Aborted_connects','',227),(335,'7dd258e86254765e228a3069fbdb86b1',0,0,143,'','U','','U','',600,'',3,'','select','',234),(336,'6a1e04e8ead1fd32ea209c0609928bfb',0,0,143,'','U','','U','',600,'',3,'','insert','',233),(337,'ea8ff4140f74cfd02d52f21f52741155',0,0,143,'','U','','U','',600,'',3,'','update','',235),(338,'4072ece18565cab96d0dfcb5bcb2640b',0,0,143,'','U','','U','',600,'',3,'','change_db','',231),(339,'35e9e24bcf0e5460424b47be8c59e7ab',0,0,143,'','U','','U','',600,'',3,'','delete','',232),(340,'8883a24fdcfad2476bd5bd8061f0dee8',0,0,144,'','U','','U','',600,'',3,'','read_key','',241),(341,'2e278c2a5d57217bb787be40232da352',0,0,144,'','U','','U','',600,'',3,'','read_next','',242),(342,'a7a01b733e697f755a5d199852545df3',0,0,144,'','U','','U','',600,'',3,'','delete','',239),(343,'8ace1fe5afe615b7f93d77215189bd9a',0,0,144,'','U','','U','',600,'',3,'','read_first','',240),(344,'1b7b1c8c03a80d361cf3d92f961b957b',0,0,144,'','U','','U','',600,'',3,'','read_prev','',243),(345,'ea0954b57e124eb7ccef0bec780c3ea5',0,0,144,'','U','','U','',600,'',3,'','read_rnd','',244),(346,'af6f807aac100b5a9d0fe1788a097af8',0,0,144,'','U','','U','',600,'',3,'','read_rnd_next','',245),(347,'42364f79f6dc801375ddfbdddacd9022',0,0,144,'','U','','U','',600,'',3,'','update','',246),(348,'8ce30fb1002e640de56a2d05e24fd5f5',0,0,144,'','U','','U','',600,'',3,'','write','',247),(349,'5abd5eaf93309e78257d0dcb2343cc6f',0,0,145,'','U','','0','',600,'',1,'','loadavg_1','',0),(350,'515a522746163dc5fe5f5ea32cc9f61b',0,0,146,'','U','','0','',600,'',1,'','loadavg_5','',0),(351,'d331ab6cbaf90cb4ada9decaf8f3dafb',0,0,147,'','U','','0','',600,'',1,'','loadavg_15','',0),(352,'5faffe347a7c04959e974fa8ec7e3e75',0,0,148,'','U','','U','',600,'',3,'','rows_read','',254),(353,'85b5fcd456ded2471ce0fd968504dd4d',0,0,148,'','U','','U','',600,'',3,'','rows_updated','',252),(354,'4e15ab4b88e7f4277a0fd09421b54021',0,0,148,'','U','','U','',600,'',3,'','rows_deleted','',253),(355,'c6c49d558b40965cb95baf34d5e85d6f',0,0,148,'','U','','U','',600,'',3,'','rows_inserted','',251),(356,'ce4cfe97b982adbbdcd20a2562ef646d',0,0,149,'','U','','0','',600,'',1,'','free_pages','',262),(357,'c316c36fb3aa827f3184b0842347d0ae',0,0,149,'','U','','0','',600,'',1,'','hit_rate','',265),(358,'aa08f28a55bf07569fcf531a596b7a68',0,0,149,'','U','','0','',600,'',1,'','modified_pages','',264),(359,'5dfc827ccf05cdddd24dc6d1c3d54fbe',0,0,149,'','U','','0','',600,'',1,'','pool_size','',261),(360,'4a179d7ecb54a976ec17516b4ee119fb',0,0,149,'','U','','0','',600,'',1,'','database_pages','',263),(361,'ac7ad0a029a5591d95087e5ebbc3d6ba',0,0,150,'','U','','U','',600,'',3,'','os_waits','',271),(362,'d9192cd3c5583232599240794cf4778b',0,0,150,'','U','','U','',600,'',3,'','spin_waits','',269),(363,'1a4ad353a9d1e7112980bae82dca12ff',0,0,150,'','U','','U','',600,'',3,'','spin_rounds','',270),(364,'099f12855ac73c5a3fd8a785ad474195',0,0,151,'','U','','U','',600,'',3,'','insbuffer_merged','',259),(365,'e5ea4016e1b1927d50354ae7c8795a96',0,0,151,'','U','','U','',600,'',3,'','insbuffer_merges','',260),(366,'97452c906bb36e2825c85e8523542314',0,0,151,'','U','','U','',600,'',3,'','insbuffer_inserts','',258),(367,'65d91b021e9feba571cca553b067fc5b',0,0,152,'','U','','U','',600,'',3,'','file_writes','',277),(368,'a26ea7d40a84023ef6608e4a93298e22',0,0,152,'','U','','U','',600,'',3,'','log_writes','',272),(369,'1a08d6e555688c557fdae8d250ff1898',0,0,152,'','U','','U','',600,'',3,'','fsyncs','',273),(370,'1facc66bbce9faa4fb4b07f2ed351eed',0,0,152,'','U','','U','',600,'',3,'','reads','',276),(371,'f38dcb92df0707b4eb422659517ae2e5',0,0,153,'','U','','0','',600,'',1,'','pendJobs','',281),(372,'224b83ea73f55f8a861bcf4c9bea0472',0,0,154,'on','U','','0','',600,'on',1,'','snmp_oid','',0),(373,'962fd1994fe9cae87fb36436bdb8a742',0,0,155,'','U','','0','',600,'',1,'','ping','',30),(374,'7a8dd1111a8624369906bf2cd6ea9ca9',0,0,156,'','U','','0','',600,'',1,'','total_users','',0),(375,'a360fd8b3abc668569212a63cf2cb518',0,0,157,'','U','','0','',600,'',1,'','ReadExecLogPosDiff','',288),(376,'c5a05a85104fcdca5eac99cead66aed2',0,0,157,'','U','','0','',600,'',1,'','BinlogCacheUse','',286),(377,'b0b8d0e9a2b2902c2cbbffde23c38b86',0,0,157,'','U','','0','',600,'',1,'','BinlogCacheDiskUse','',285),(378,'6eb4a6f87e0393f9d57c751fdd036a7f',0,0,157,'','U','','0','',600,'',1,'','SecondsBehindMaster','',287),(379,'239d98c6de5ee13ede20a3ecb1aef422',0,0,158,'','U','','0','',600,'',1,'','acumuse','',0),(380,'683e8834671148416f9ad6ef0bebac0b',0,0,158,'','U','','0','',600,'',1,'','scaledacum','',0),(381,'a24dd89b97c4731a8fd7955c66a45b5b',0,0,159,'','U','','0','',600,'',1,'','inuse','',0),(382,'0bbe4a29e4e3366098e3b183b231696a',0,0,159,'','U','','0','',600,'',1,'','reserve','',0),(383,'b2c6855eca3b4bbbc9670c17bc0f610c',0,0,159,'','U','','0','',600,'',1,'','need','',0),(384,'94fbeb235efef5336ad42c521373ff3d',0,0,159,'','U','','0','',600,'',1,'','free','',0),(385,'6cdd61f74a1c26f442ec10880b1b6243',0,0,160,'','U','','0','',600,'',1,'','featAvail','',0),(386,'ccee484176ce7f87b2f1779d88fdc0a2',0,0,160,'','U','','0','',600,'',1,'','featQueued','',0),(387,'8c26f5d3ad8a0395b4eb532580ad7b40',0,0,160,'','U','','0','',600,'',1,'','totalOthers','',0),(388,'254d0ef2bbc520e288427742c0efb47b',0,0,160,'','U','','0','',600,'',1,'','totalReserve','',0),(389,'2efa84ffe91d878aa30edd703faf205d',0,0,160,'','U','','0','',600,'',1,'','totalNeed','',0),(390,'9048cb5b4da6e73e8c3d49a61fc7c5d1',0,0,160,'','U','','0','',600,'',1,'','totalInUse','',0),(391,'24e557c1b996b1547f8f418f23293cf7',0,0,160,'','U','','0','',600,'',1,'','totalFree','',0),(392,'db0e96f75788db5ef728ec2fbe40481b',0,0,161,'','U','','0','',600,'',1,'','non_lsf_use','',0),(393,'bdfc8709e4ce8c3279f5c8d04310a0bb',0,0,161,'','U','','0','',600,'',1,'','lsf_free','',0),(394,'f9ce555ba8ea8202d1c609c0158bd6b2',0,0,161,'','U','','0','',600,'',1,'','lsf_use','',0),(395,'3ffb580c1a90319558ffbc4be9ef6fc2',0,0,161,'','U','','0','',600,'',1,'','total','',0),(396,'9f217f7c9d63a9903d5d5ce28c3ac4e3',0,0,162,'','U','','0','',600,'',1,'','others','',0),(397,'88e6a1a6b16196fe247196a3bef02181',0,0,162,'','U','','0','',600,'',1,'','free','',0),(398,'ec810a2b6f8c5ac406cf3edae06cfa00',0,0,162,'','U','','0','',600,'',1,'','reserve','',0),(399,'64483cbf58720cce25b93b32d82026e0',0,0,162,'','U','','0','',600,'',1,'','inuse','',0),(400,'4242530fb8310dd728073a32daddca2a',0,0,162,'','U','','0','',600,'',1,'','queued','',0),(401,'e518da5de564d8f4e3caf4d87aee2fc3',0,0,163,'','U','','0','',600,'',1,'','free','',0),(402,'1be63a27247eb7d1bca747f4961710b9',0,0,163,'','U','','0','',600,'',1,'','reserve','',0),(403,'a28f87411ef93e58efee804bb4242a08',0,0,163,'','U','','0','',600,'',1,'','inUse','',0),(404,'3642f0dfdd205d743e3b6877d441ba4a',0,0,163,'','U','','0','',600,'',1,'','own','',0),(405,'052a20340c175197070c22f3fcb58b40',0,0,164,'','U','','0','',600,'',1,'','demand','',0),(406,'e1a1ccf2b863a6d6ba716bb46d2dd4fb',0,0,165,'','110','','0','',600,'',1,'','share','',0),(407,'2eaf7780ec52fd5ea06dfa56eb9738c7',0,0,166,'','U','','0','',600,'',1,'','sum_total','',0),(408,'874101f93ee000a10538957960eca0de',0,0,166,'','U','','0','',600,'',1,'','sum_used','',0),(409,'6584d432ceaae8a18fac87303effe626',0,0,166,'','U','','0','',600,'',1,'','sum_queued','',0),(410,'f4f30affffd0bc5d7142bbd43e471d42',0,0,166,'','U','','0','',600,'',1,'','proj_quota','',0),(411,'a09e846414be29855a2997d46c45e069',0,0,166,'','U','','0','',600,'',1,'','proj_use','',0),(412,'736696a6b76e7c52be31c6f3275e2ab2',0,0,166,'','U','','0','',600,'',1,'','proj_duse','',0),(413,'15715c8b20d30910e2e51cbe827416b8',0,0,167,NULL,'U',NULL,'0',NULL,600,NULL,1,NULL,'inuse',NULL,0),(414,'6942fd820538aad71d431daf43836525',0,0,167,NULL,'U',NULL,'0',NULL,600,NULL,1,NULL,'reserve',NULL,0),(415,'742fb94395de10046bdb59a12a14713c',0,0,167,'','U','','0','',600,'',1,'','demand','',0),(416,'cbdbfa5ea95ce2b3d6d994cff7e49529',0,0,167,NULL,'U',NULL,'0',NULL,600,NULL,1,NULL,'free',NULL,0),(417,'ebdf9473539b9d434a815b0b0ecddf3e',0,0,168,'','U','','0','',600,'',1,'','alloc','',0),(418,'975e93187633e4982ae6d7f092f4a32a',0,0,168,'','U','','0','',600,'',1,'','inuse','',0),(419,'eb35f5bd1f6e61af7032c81335b73bc7',0,0,168,'','U','','0','',600,'',1,'','reserve','',0),(420,'8a3835b04cb5f3a164dd2566be50d89e',0,0,168,'','U','','0','',600,'',1,'','over','',0),(421,'65882541fd39cc5aaa7cc8a83a5b6cdb',0,0,168,'','U','','0','',600,'',1,'','free','',0),(422,'013d51c30cefa9823c5a7fcd940a0ba7',0,0,168,'','U','','0','',600,'',1,'','peak','',0),(423,'f2fefa25e3efb4a8649b035f3a6a0a61',0,0,168,'','U','','0','',600,'',1,'','share','',0),(424,'9ee4f16c02343c5cc8204fe4d4e65e5f',0,0,169,NULL,'U',NULL,'0',NULL,600,NULL,1,NULL,'alloc',NULL,0),(425,'57038bfb071d6491c6a4226d11ca233a',0,0,169,NULL,'U',NULL,'0',NULL,600,NULL,1,NULL,'share',NULL,0),(426,'4da2eb56cdc0dae8730f72120ed28acf',0,0,169,'','U','','0','',600,'',1,'','demand','',0),(427,'9783eb38457b471cff954e797268933d',0,0,170,'','U','','0','',600,'',1,'','size','',0),(428,'cf899141ed6a151b9f214c77adad76fa',0,0,171,'','U','','0','',600,'',1,'','files','',0),(429,'7afcb66955d9ad1e71551607338b7ad0',0,0,172,'','U','','0','',600,'',1,'','size','',0),(430,'b1e1453087a8f7527a79272b18eeaf5e',0,0,173,'','U','','0','',600,'',1,'','files','',0),(431,'f26fb05530a366fc11d12eea88ab042f',0,0,173,'','U','','0','',600,'',1,'','directories','',0),(432,'906791d6d15f4036776f86705d36f1ce',0,0,174,NULL,'U',NULL,'0',NULL,600,NULL,1,NULL,'files',NULL,0),(433,'63273ac8314d1147a01665522093a57c',0,0,174,'','U','','0','',600,'',1,'','directories','',0),(434,'b9bae0b939e549d643f7b1610bbf1bbf',0,0,175,'','U','','0','',600,'',1,'','size','',0),(435,'336f9f5dd0da118e8485e689e3e30006',0,0,176,'','U','','0','',600,'',1,'','users','',0),(436,'4c7db5a3c4e069db519741ba521a633d',0,0,177,'','U','','0','',600,'',1,'','size','',0),(437,'6adfbfd6874946e762ea0200ce219f1b',0,0,178,'','U','','0','',600,'',1,'','files','',0),(438,'0dd108ee8dc9681ad3af1e10cca283ea',0,0,179,'','U','','0','',600,'',1,'','size','',0),(439,'9eff920ca00661a8a8073949c7dd7402',0,0,180,'','U','','0','',600,'',1,'','files','',0),(440,'0026cbca91db20417934ded9038f1e40',0,0,181,'','U','','0','',600,'',1,'','directories','',0),(441,'3b8459f398daf143193b6675879d6eea',0,0,181,'','U','','0','',600,'',1,'','files','',0),(442,'8619c10ce201421802ffed8895cc8dea',0,0,182,'','U','','0','',600,'',1,'','size','',0),(443,'83085c406264f221a68eefc32c81141e',0,0,183,'','U','','0','',600,'',1,'','users','',0),(444,'8600af33f78af77b3238f1d925fb2cfe',0,0,184,'','U','','0','',600,'',1,'','blocks','',0),(445,'a13cd68ff05c7f12f265bfabd2f6b6b1',0,0,184,'','U','','0','',600,'',1,'','used','',0),(446,'560834cf80b66c38b2e8de9e5b042bfb',0,0,185,'','U','','0','',600,'',1,'','percent','',0),(447,'97b1b7b2d2d875449d7dcda68a0fc0d8',0,0,186,NULL,'U',NULL,'0',NULL,600,NULL,1,NULL,'current',NULL,297),(448,'14b1deff3c69a50cf27307e03cf775f7',0,0,186,'','U','','0','',600,'',1,'','avg','',298),(449,'76a4dc93c8e823082bea8e894e7d04b9',0,0,187,NULL,'U',NULL,'0',NULL,600,NULL,1,NULL,'current',NULL,297),(450,'9f9911b9e01376811db7d3888c4caf9e',0,0,187,'','U','','0','',600,'',1,'','avg','',298),(451,'96b1d662f758a11633bde0f240dc990e',0,0,188,NULL,'U',NULL,'0',NULL,600,NULL,1,NULL,'current',NULL,297),(452,'f217fbb902f444d0d136985a313d7ad3',0,0,188,'','U','','0','',600,'',1,'','avg','',298),(453,'6d6a2ed36e9a64cdf68154394a9e1551',0,0,189,NULL,'U',NULL,'0',NULL,600,NULL,1,NULL,'current',NULL,297),(454,'5f91dd30713c42a1ec30f21a12484e10',0,0,189,'','U','','0','',600,'',1,'','avg','',298),(455,'25626d04f7edf82be6ccae9bff252b9a',0,0,190,NULL,'U',NULL,'0',NULL,600,NULL,1,NULL,'current',NULL,297),(456,'7ec6e8fb1fa691c5c9e86f99332a0d90',0,0,190,'','U','','0','',600,'',1,'','avg','',298),(457,'e62c58a798da127a86ad753c4de514f0',0,0,191,NULL,'U',NULL,'0',NULL,600,NULL,1,NULL,'current',NULL,297),(458,'043d10a4e8157688d9d23af4980530d8',0,0,191,'','U','','0','',600,'',1,'','avg','',298),(459,'ce328391f197485555f4a4c2db9fcad1',0,0,192,NULL,'U',NULL,'0',NULL,600,NULL,1,NULL,'current',NULL,297),(460,'f260aea1c53dcb74c797f6cc05972af3',0,0,192,'','U','','0','',600,'',1,'','avg','',298),(461,'e67541a235e5fee9b31a1f503aa3d01e',0,0,193,NULL,'U',NULL,'0',NULL,600,NULL,1,NULL,'current',NULL,297),(462,'26d7e6de0cc4a09318363547f1f87127',0,0,193,'','U','','0','',600,'',1,'','avg','',298),(463,'80ca07823a3cbdf96ef0c7f657584049',0,0,194,NULL,'U',NULL,'0',NULL,600,NULL,1,NULL,'current',NULL,297),(464,'6c1d61eb04efd572f42aa4e31de9a044',0,0,194,'','U','','0','',600,'',1,'','avg','',298),(465,'5a918339dfe0e2a9fb2c1a346325ade0',0,0,195,'','U','','0','',600,'',1,'','current','',297),(466,'0cc9efcff5030b35df3ee31de09c64d0',0,0,195,'','U','','0','',600,'',1,'','avg','',298),(467,'1c64fa48c098fb5843ba10b3e3fed349',0,0,196,'','U','','0','',600,'',1,'','total','',301),(468,'39f0bc38403794af3bee33fb0289c737',0,0,196,'','U','','0','',600,'',1,'','used','',302),(469,'53f8421824fa747d6252c0b647ef8999',0,0,196,'','U','','0','',600,'',1,'','free','',303),(470,'6921e91fecdb398848fd1446c2414d7a',0,0,197,NULL,'U',NULL,'0',NULL,600,NULL,1,NULL,'current',NULL,297),(471,'ead9fdedc58330561a7b86c8367663a5',0,0,197,'','U','','0','',600,'',1,'','avg','',298),(472,'5dc5e043eb461b052c41fef82545811d',0,0,198,'','U','','0','',600,'',1,'','ut','',0),(473,'f9e1eda8bf4ef517d0c74ad11152f135',0,0,199,'','U','','0','',600,'',1,'','memSlotUtil','',308),(474,'8907a49ea8e54d5116e9e5148aa9f40a',0,0,199,'','U','','0','',600,'',1,'','slotUtil','',309),(475,'85405480044c2a923d37de4ae70cd7db',0,0,199,'','100','','0','',600,'',1,'','cpuUtil','',310),(476,'0e804cde429005a5f522d27517343c00',0,0,200,NULL,'U',NULL,'0',NULL,600,NULL,1,NULL,'memSlotUtil',NULL,0),(477,'e9df6ff52faafbe26b1bcaca847cf2b5',0,0,200,NULL,'U',NULL,'0',NULL,600,NULL,1,NULL,'slotUtil',NULL,0),(478,'78badfe92c02f643378a72bebad9bd1a',0,0,200,'','U','','0','',600,'',1,'','cpuUtil','',0),(479,'244d6abfa622e1b3247cf288cdbd7980',0,0,201,'','U','','0','',600,'',1,'','usage','',313),(480,'a972dc50f98513bb2dae7c257628fd1d',0,0,202,'','U','','0','',600,'',1,'','host_tmp_pct','',320),(481,'9e15e828812da20d5880dd8a25ee1905',0,0,203,'','U','','0','',600,'',1,'','host_vartmp_pct','',321),(482,'a00ccea56c5fafff475cbbc5f993db47',0,0,204,'','U','','0','',600,'',1,'','host_status','',325),(483,'54fbd44b058316519a09643cd172f037',0,0,205,'','U','','0','',600,'',1,'','queue_free_slots','',330),(484,'3ce348ec400a64c7d24b0f23a46b4823',0,0,206,'','U','','0','',600,'',1,'','host_eff_r15m','',333),(485,'669abe017a46f84b3407502b1364cd78',0,0,207,'','U','','0','',600,'',1,'','host_mem_pct','',336),(486,'3fa816e6c8e9f6f7433728faca547716',0,0,208,'','U','','0','',600,'',1,'','host_swp_pct','',339),(487,'6bfb758767e113317c81309b5b147691',0,0,209,'','U','','0','',600,'',1,'','host_idle_jobs','',341),(488,'13ed6e4a82fb11e4ad98589850102fef',0,0,210,'','U','','0','',600,'',1,'','pend_jobs','',345),(489,'93e897bb618f462f4b732c241495087d',0,0,211,'','U','','0','',600,'',1,'','memSlotUtil','',0),(490,'300dcb7e417630d158b3b485cf1069c8',0,0,211,'','U','','0','',600,'',1,'','slotUtil','',0),(491,'0f39111b25f1f3c6950ee67595eb48dd',0,0,211,'','U','','0','',600,'',1,'','cpuUtil','',0),(492,'b51724ea8b29a9525c1ad72d7d46c8dd',0,0,211,'','U','','0','',600,'',1,'','memUsed','',0),(493,'a005211054564280299dc214008c7e27',0,0,211,'','U','','0','',600,'',1,'','memReserved','',0),(494,'64ef704c7bea212350c892a57ce5ea15',0,0,211,'','U','','0','',600,'',1,'','memSelected','',0),(495,'305056650da93dfae6d775b5b4a18c03',0,0,212,'','U','','0',NULL,600,'',1,'','current','',297),(496,'b9a0ea7d3f57e5b9f4c38740b7051ebb',0,0,212,'','U','','0','',600,'',1,'','avg','',298),(497,'e53597a9131010f82bc2b23ed815857d',0,0,213,'','U','','0',NULL,600,'',1,'','total','',351),(498,'7df6243c022b61cf8286415971b1aa38',0,0,213,'','U','','0',NULL,600,'',1,'','current','',350),(499,'67e12c9959a200c3c4ce0eb2d144cfc4',0,0,214,'','U','','0',NULL,600,'',1,'','total','',351),(500,'a69b28e91747b8430becf0f9b28bc311',0,0,214,'','U','','0',NULL,600,'',1,'','current','',350),(501,'5945f5e7ac4612881a2af43ebab03801',0,0,215,'','U','','0',NULL,600,'',1,'','gpu_mtotal','',0),(502,'cb426511fab8f50f9717889a556642de',0,0,215,'','U','','0',NULL,600,'',1,'','gpu_mused','',0),(503,'39ff00bdae25c4bd32e05e87f40bdd91',0,0,216,'','U','','0',NULL,600,'',1,'','pstatus','',0),(504,'e43fe34c23d9263c98cb9be196cec2be',0,0,217,'','U','','0',NULL,600,'',1,'','gpu_ut','',0),(505,'e7c93f157bb039084ba14f3e22b60579',0,0,217,'','U','','0',NULL,600,'',1,'','gpu_mut','',0),(506,'6deaad69543e75b988cb700eb858b0dd',0,0,218,'','U','','0',NULL,600,'',1,'','gpu_temp','',0),(507,'8c3e5c21823315a9c20d1ac344d86782',0,0,219,'','U','','0',NULL,600,'',1,'','numJobs','',0),(508,'900b645b4cf0d02cbd3ff2af2a5eb580',0,0,219,'','U','','0',NULL,600,'',1,'','numRun','',0),(509,'b317ba3e0a46edd88589a95ac29edd8a',0,0,219,'','U','','0',NULL,600,'',1,'','numSUSP','',0),(510,'0952efa9473096d492cfdcbfa642f1e0',0,0,219,'','U','','0',NULL,600,'',1,'','numRSV','',0);
/*!40000 ALTER TABLE `data_template_rrd` ENABLE KEYS */;
UNLOCK TABLES;

--
-- Table structure for table `disku_applications`
--

DROP TABLE IF EXISTS `disku_applications`;
/*!40101 SET @saved_cs_client     = @@character_set_client */;
/*!40101 SET character_set_client = utf8 */;
CREATE TABLE `disku_applications` (
  `id` int(10) unsigned NOT NULL AUTO_INCREMENT,
  `application` varchar(40) NOT NULL DEFAULT '',
  `vendor` varchar(40) NOT NULL DEFAULT '',
  PRIMARY KEY (`id`),
  KEY `application` (`application`),
  KEY `vendor` (`vendor`)
) ENGINE=MyISAM DEFAULT CHARSET=latin1 COMMENT='Stored Applications Used in Disk Monitoring';
/*!40101 SET character_set_client = @saved_cs_client */;

--
-- Table structure for table `disku_directory_totals`
--

DROP TABLE IF EXISTS `disku_directory_totals`;
/*!40101 SET @saved_cs_client     = @@character_set_client */;
/*!40101 SET character_set_client = utf8 */;
CREATE TABLE `disku_directory_totals` (
  `poller_id` int(10) unsigned NOT NULL,
  `path_id` int(10) unsigned NOT NULL,
  `dirName` varchar(512) NOT NULL,
  `group` varchar(40) NOT NULL,
  `groupid` int(10) unsigned NOT NULL,
  `files` bigint(20) unsigned NOT NULL,
  `size` double NOT NULL,
  `size0to6` double DEFAULT NULL,
  `size6to12` double DEFAULT NULL,
  `size12plus` double DEFAULT NULL,
  `delme` tinyint(3) unsigned DEFAULT 0,
  PRIMARY KEY (`poller_id`,`path_id`,`dirName`(191),`groupid`),
  KEY `delme` (`delme`)
) ENGINE=MyISAM DEFAULT CHARSET=latin1 COMMENT='Totals Directory Use by Group';
/*!40101 SET character_set_client = @saved_cs_client */;

--
-- Table structure for table `disku_directory_totals_history`
--

DROP TABLE IF EXISTS `disku_directory_totals_history`;
/*!40101 SET @saved_cs_client     = @@character_set_client */;
/*!40101 SET character_set_client = utf8 */;
CREATE TABLE `disku_directory_totals_history` (
  `poller_id` int(10) unsigned NOT NULL AUTO_INCREMENT,
  `path_id` int(10) unsigned NOT NULL,
  `dirName` varchar(512) NOT NULL,
  `group` varchar(40) NOT NULL,
  `groupid` int(10) unsigned NOT NULL,
  `files` bigint(20) unsigned NOT NULL,
  `size` double NOT NULL,
  `size0to6` double DEFAULT NULL,
  `size6to12` double DEFAULT NULL,
  `size12plus` double DEFAULT NULL,
  `intervalEnd` timestamp NOT NULL DEFAULT '0000-00-00 00:00:00',
  PRIMARY KEY (`poller_id`,`path_id`,`dirName`(191),`groupid`,`intervalEnd`)
) ENGINE=MyISAM DEFAULT CHARSET=latin1 COMMENT='Totals Directory Use by Group';
/*!40101 SET character_set_client = @saved_cs_client */;

--
-- Table structure for table `disku_extension_monitors`
--

DROP TABLE IF EXISTS `disku_extension_monitors`;
/*!40101 SET @saved_cs_client     = @@character_set_client */;
/*!40101 SET character_set_client = utf8 */;
CREATE TABLE `disku_extension_monitors` (
  `id` int(10) unsigned NOT NULL AUTO_INCREMENT,
  `rid` int(10) unsigned NOT NULL DEFAULT 0,
  `extension` varchar(20) NOT NULL DEFAULT '',
  `application_id` int(10) unsigned NOT NULL DEFAULT 0,
  `notes` varchar(255) NOT NULL DEFAULT '',
  PRIMARY KEY (`id`),
  UNIQUE KEY `app_ext_contraint` (`application_id`,`extension`),
  KEY `ext` (`extension`),
  KEY `rid` (`rid`)
) ENGINE=MyISAM DEFAULT CHARSET=latin1 COMMENT='Holds the List of Applications Extensions to Monitor/Graph';
/*!40101 SET character_set_client = @saved_cs_client */;

--
-- Table structure for table `disku_extension_registry`
--

DROP TABLE IF EXISTS `disku_extension_registry`;
/*!40101 SET @saved_cs_client     = @@character_set_client */;
/*!40101 SET character_set_client = utf8 */;
CREATE TABLE `disku_extension_registry` (
  `id` int(10) unsigned NOT NULL AUTO_INCREMENT,
  `extension` varchar(20) NOT NULL DEFAULT '',
  `notes` varchar(255) DEFAULT '',
  `monitor` char(3) NOT NULL DEFAULT 'on',
  PRIMARY KEY (`id`),
  UNIQUE KEY `ext_contraint` (`extension`),
  KEY `ext` (`extension`)
) ENGINE=MyISAM DEFAULT CHARSET=latin1;
/*!40101 SET character_set_client = @saved_cs_client */;

--
-- Dumping data for table `disku_extension_registry`
--

LOCK TABLES `disku_extension_registry` WRITE;
/*!40000 ALTER TABLE `disku_extension_registry` DISABLE KEYS */;
INSERT INTO `disku_extension_registry` VALUES (1,'$$$','Temporary file',''),(2,'001','FAX',''),(3,'1','A Unix nroff source file.',''),(4,'1st','Text Readme',''),(5,'2gr','A file that allows Windows to display text and graphics in standard mode- 286 or 386 computer',''),(6,'301','Fax',''),(7,'386','Swap file; enables computer running in enhanced mode to use Windows with virtual memory',''),(8,'3ds','Graphics (3D Studio)',''),(9,'3gr','A file that allows Windows to display text and graphics in standard mode- 386, 486, or Pentium computer',''),(10,'411','Sony Mavica Data file',''),(11,'4th','Forth (language) source code',''),(12,'8','A86 assembler source code file',''),(13,'8med','Amiga OcatMed music',''),(14,'8svx','Amiga 8-bit sound',''),(15,'669','669 MOD Music',''),(16,'906','Calcomp plotter',''),(17,'!im','Multimedia image file.',''),(18,'_ad','Multimedia audio file.',''),(19,'_au','Multimedia audio file.',''),(20,'_im','Multimedia image file.',''),(21,'a','Assembly Source Code',''),(24,'a3l','MacroMedia Authorware Windows Library',''),(25,'a4m','Unpackaged Authorware MacIntosh file',''),(26,'a4p','Authorware file packaged without runtime',''),(27,'a4w','Unpackaged Authorware Windows file',''),(28,'aam','Authorware (Adobe) file',''),(29,'aas','Authorware (Adobe) file',''),(30,'ab8','Datafile (ABStat)',''),(31,'aba','Address Book file (Palm)',''),(32,'abf','Adobe Binary Format',''),(33,'abk','AutoBackup (Corel Draw)',''),(34,'abm','PhotoPlus Album File',''),(35,'abr','Brush (Adobe Photoshop)',''),(36,'abs','MPEG sound file',''),(37,'acd','Sonic Foundry Acid sound file',''),(38,'ace','a compression file format for winace',''),(39,'acf','Agent Character File (Microsoft)',''),(40,'acl','Keyboard accelerator, Corel Draw',''),(41,'acm','Windows system directory file',''),(42,'acmv','Drivers for compressing or decompressing audio files, OS/2',''),(43,'ad','After Dark Screen Saver',''),(44,'ada','Ada source file',''),(45,'add','Adapter Driver (OS/2)',''),(46,'adi','Graphics (AutoCAD)',''),(47,'adm','AfterDark MultiModule',''),(48,'adn','Add-in (Lotus 1-2-3)',''),(49,'adr','AfterDark Randomizer',''),(50,'ads','Specification file type, Ada language',''),(51,'afi','Truevisiion bitmap graphic',''),(52,'afm','Adobe Font Metrics (Type 1)',''),(53,'ag4','Access G4',''),(54,'ai','PostScript',''),(56,'aif','Audio Interchange File Format or AIFF Sound',''),(57,'aifc','AIFF Sound Compressed',''),(58,'aiff','AIFF Sound',''),(59,'air','Adobe AIR Rich Internet applications',''),(61,'al','ALAW Sound',''),(62,'all','Arts and Letters Library',''),(64,'alt','Menu file (WordPerfect Win)',''),(65,'ana','underground text format; anarchy genre',''),(66,'ani','Animation',''),(68,'ans','ANSI text, graphics',''),(69,'apd','Aldus Printer Description',''),(70,'api','Application Program Interface',''),(71,'app','MacroMedia Authorware package',''),(74,'arc','Compressed file using PKARC',''),(75,'arj','A PC compressed format found on European sites',''),(76,'arr','Amber ARR Image',''),(77,'art','First Publisher',''),(79,'as','ActionScript Source File',''),(80,'asc','ASCII text file',''),(81,'asci','ASCII Text',''),(82,'ascii','ASCII Text',''),(83,'ascx','ASP.NET user control file (Microsoft)',''),(84,'asd','Autosave file (Word for Windows)',''),(85,'asf','Windows Media (Active Streaming File)',''),(87,'asi','Assembler include file',''),(88,'asm','Assembly language source',''),(89,'asmx','.NET Web Service file (Microsoft)',''),(90,'asp','Active Server Page (Microsoft)',''),(91,'aspx','ASP.NET file (Microsoft)',''),(92,'ast','Assistant file (Claris Works)',''),(93,'asx','Windows Media File',''),(94,'atm','Adobe Type Manager',''),(95,'au','A sound file format used on Sun Microsystems or other UNIX computers',''),(96,'avi','Audio Video Interleaved (AVI movie)',''),(97,'avs','Intel video capture format',''),(98,'b64','Base 64, encoding format used by the MIME.',''),(99,'bad','Bad file (Oracle)',''),(100,'bak','Backup file',''),(101,'bar','UNIX BAR Archive',''),(102,'bas','BASIC source file',''),(103,'bat','Batch job (MS-DOS)',''),(104,'bay','DOS batch file',''),(105,'bbs','Bulletin Board System',''),(106,'bcp','Borland C++ makefile',''),(107,'bcw','Borland C++ environment settings',''),(108,'bfc','Briefcase document (Windows)',''),(109,'bfm','Font metrics - UNIX',''),(110,'bga','OS/2 Bitmap',''),(111,'bib','Bibliography (ASCII)',''),(113,'bin','Driver',''),(115,'binary','Untyped Binary Data',''),(116,'bk','Backup file',''),(118,'bk!','Backup file (WordPerfect Windows)',''),(119,'bk$','Backup file',''),(120,'bkf','Backup file (Microsoft)',''),(121,'blk','Temporary file (WordPerfect Windows)',''),(122,'bm','Bitmap graphics file',''),(123,'bmp','Windows Bitmap',''),(124,'bnk','Sim City game file',''),(125,'boo','BOO Encoded File',''),(126,'brx','Browse Index (multimedia CD-ROMs)',''),(127,'bst','BibTex Style',''),(128,'btm','Batch file (Norton Utilities)',''),(129,'bup','Backup file',''),(130,'buy','Movie datafile',''),(131,'bw','SGI Image',''),(132,'c','C Source file',''),(133,'c++','C++ source',''),(134,'c00','Ventura Print file',''),(135,'ca','Cache data (root domain server)',''),(136,'cab','Microsoft compressed format',''),(137,'cal','Calendar or CALS',''),(139,'cap','Caption (Ventura Publisher)',''),(140,'cas','Comma-delimted ASCII file',''),(141,'cbl','Cobol source file',''),(142,'cbt','Computer-Based Training; a tutorial file',''),(143,'cc','C++ source code file',''),(144,'cch','Corel chart',''),(145,'ccm','Lotus cc:Mail',''),(146,'cct','Director Shockwave file (Macromedia)',''),(147,'cda','CD Audio track',''),(148,'cdr','Vector graphics file (Corel Draw)',''),(149,'cdt','Corel Draw Data',''),(150,'cdx','Visual FoxPro database index',''),(151,'cel','Graphics (Autodesk Animator)',''),(152,'cfb','Comptons multimedia encyclopedia',''),(153,'cfg','Configuration file',''),(154,'cfl','Corel Flow',''),(155,'cfm','ColdFusion Markup language',''),(156,'cgi','Common Gateway Interface (script)',''),(157,'cgm','Graphics Meta file',''),(158,'ch','Clipper Header file',''),(159,'chd','Font Description',''),(160,'chk','Checkdisk (CHKDSK) Recovered file',''),(162,'chl','Configuration History Log',''),(163,'chp','Chapter file (Ventura)',''),(164,'chr','ASCII character file (MegaZeux)',''),(165,'cif','Chapter Information File (Ventura)',''),(166,'cim','Sim City file',''),(167,'cit','Intergraph scanned image',''),(168,'ckb','Keyboard mapping (Borland C++)',''),(169,'cl','Common LISP source file',''),(170,'class','CodeWarrior Class',''),(172,'clp','Windows Clipboard',''),(174,'cls','C++ class definition file',''),(175,'cmd','file of commands, OS/2 batch file',''),(176,'cmf','Corel MetaFile',''),(179,'cmk','Card (Card Shop Plus)',''),(180,'cmp','LEAD Technologies graphics',''),(181,'cmv','Apple Viewer file',''),(185,'cnc','general program data',''),(186,'cnf','Configuration file',''),(187,'cnq','Compuworks Design Shop',''),(188,'cnv','data conversion support (Word for Windows)',''),(190,'cob','COBOL source code',''),(191,'cod','Program compiled code (FORTRAN)',''),(192,'col','Spreadsheet (Microsoft Multiplan)',''),(193,'com','Command file, excutable, smaller version of .EXE (DOS)',''),(194,'conf','Configuration file',''),(195,'cp','C++ Source file',''),(196,'cpe','Fax Cover document',''),(197,'cpl','Code Page (DOS)',''),(199,'cpp','C++ Source file',''),(200,'cpr','Knowledge Access graphics',''),(201,'cpt','Compact Pro compressed file',''),(202,'cpx','Corel Presentation Exchange compressed file',''),(203,'cpz','COMPOZ Music text file',''),(204,'crd','Windows Cardfile',''),(205,'crp','Encrypted database (dBASE IV)',''),(206,'crs','Conversion Resource (WordPerfect)',''),(207,'crt','Digital Certificate',''),(209,'csc','Corel Script',''),(210,'csm','Precompiled headers (Borland C++)',''),(211,'css','Cascading Style Sheet, Cascading StyleSheets',''),(212,'csv','Comma Separated Values text file (ASCII)',''),(214,'ct','Scitex-CT',''),(215,'ctl','Control file',''),(216,'cty','City file (SimCity)',''),(217,'ctx','Ciphertext file (PGP-RSA)',''),(218,'cuf','C Utilities Form (definition)',''),(219,'cul','Windows cursor library',''),(220,'cur','Windows cursor image',''),(221,'cut','Dr. Halo graphics',''),(222,'cv','Microsoft CodeView',''),(223,'cvp','Cover page (WinFax)',''),(224,'cvs','Canvas graphics file',''),(225,'cwk','Claris Works',''),(226,'cws','Claris Works Template',''),(227,'cxx','C++ source file (Zortech)',''),(228,'dat','Data file',''),(229,'db','Database file',''),(230,'dbc','Visual FoxPro database',''),(231,'dbf','Database file',''),(233,'dbg','Symbolic debugging info (C/C++)',''),(234,'dbk','Database backup',''),(235,'dbm','Datafile',''),(236,'dbo','Compiled Program (dBase IV)',''),(237,'dbs','Database (SQL Windows)',''),(239,'dbt','Database Text',''),(242,'dbw','DataBoss Windows file',''),(243,'dbx','DATABEAM graphics',''),(244,'dca','IBM text',''),(245,'dcf','Disk image file',''),(246,'dcp','Data CodePage (OS2)',''),(247,'dcr','Shockwave file',''),(248,'dcs','Color Separation (CMYK) EPS',''),(250,'dct','Database Dictionary',''),(252,'dcx','Bitmap graphics',''),(254,'dd','DiskDoubler compressed file',''),(255,'ddb','Bitmap graphics',''),(256,'ddi','Disk Doubler Image file',''),(258,'ddp','Device Driver Profile (OS2)',''),(259,'deb','Debug script (DOS)',''),(260,'def','Definition (C++)',''),(261,'dem','Demonstration',''),(262,'der','Certificate',''),(263,'dev','Device driver file',''),(264,'dfv','Printing form (Word)',''),(265,'dg','Autotrol graphics',''),(266,'dgn','Intergraph graphics',''),(267,'dgs','Diagnostics',''),(268,'dht','Datafile',''),(269,'dia','Diagraph graphics',''),(270,'dib','Device-independent bitmap graphics',''),(271,'dic','Dictionary (MS Word Custom Dictionary)',''),(272,'dif','Database (VisiCalc)',''),(274,'dip','Graphics',''),(275,'dir','Directory file (VAX)',''),(278,'dis','Distribution file (VAX)',''),(280,'diz','BBS Descriptive file',''),(281,'dkb','Raytraced graphics',''),(282,'dld','Data (Lotus 1-2-3)',''),(283,'dl','DL Animation',''),(284,'dll','Dynamic Link Library (Windows DLL)',''),(286,'dls','Disklock Setup (Norton)',''),(287,'dmg','Disk Image (Mac OS X)',''),(288,'dmo','Demo',''),(289,'dmp','Dump file',''),(290,'dms','Compressed file archive (Diskmasher/Amiga)',''),(291,'dng','Digital negative format (open standard)',''),(292,'doc','Document (ASCII or MS Word)',''),(293,'dos','Network driver',''),(295,'dot','Word for Windows Template',''),(297,'dox','MultiMate document',''),(298,'doz','Description Out Zip',''),(299,'dp','Calendar (Daily Planner)',''),(300,'dpi','Dots Per Inch (graphics)',''),(301,'dpr','Delphi project file (C++)',''),(302,'dqy','Excel Database Query',''),(303,'drs','Display Resource (WordPerfect)',''),(304,'drv','Device driver (printer)',''),(305,'drw','Graphics file (Micrografx)',''),(306,'ds4','Designer graphics, version 4',''),(307,'dsc','Discard file (Oracle)',''),(308,'dsd','Database (DataShaper)',''),(309,'dsk','Project desktop file (Borland C++)',''),(310,'dsf','Designer graphics, version 6',''),(311,'dsm','Digital Sound Module',''),(312,'dsn','Design',''),(313,'dsr','Driver Resource (WordPerfect)',''),(314,'dss','Sound file (Digital Soup)',''),(315,'dsw','Desktop Settings (Borland C++)',''),(316,'dta','Data file',''),(317,'dtd','Document Type Definition (SGML)',''),(318,'dtf','Database file (PFS)',''),(319,'dv','DV Video',''),(320,'dvc','Data (Lotus 1-2-3)',''),(321,'dvi','TeX DVI document',''),(324,'dvp','Device Paramater file (AutoCAD)',''),(325,'dw2','Drawing (DesignCAD)',''),(326,'dwc','Compressed file archive (DWC)',''),(327,'dwf','Drawing Web Format (Autodesk Whip! Viewer and Volo View)',''),(328,'dwg','Drawing file (AutoCAD)',''),(329,'dx','Text file (DEC)',''),(331,'dxf','Drawing Interchange File Format (AutoCAD 3D)',''),(332,'dxr','Shockwave Movie',''),(333,'dyn','Data (Lotus 1-2-3)',''),(334,'ebj','Error checking object file',''),(335,'ed5','EDMICS graphics',''),(336,'edt','Default Settings (VAX editor)',''),(337,'eeb','Equation Editor button bar (WordPerfect Windows)',''),(338,'efx','Fax (Everex)',''),(339,'ega','Display font (Ventura Publisher)',''),(340,'el','Elisp source file (Emacs lisp)',''),(341,'elc','Compiled Elisp code (Emacs lisp)',''),(342,'elm','Microsoft Theme',''),(343,'emf','Enhanced Metafile',''),(345,'eml','Electronic Mail (Outlook Express)',''),(346,'ems','Enhanced Menu System Config (PC Tools)',''),(347,'emu','Terminal emulation data',''),(348,'enc','Encoded file (UUENCODE)',''),(350,'end','Arrow-head definition file (CorelDRAW)',''),(351,'env','Environment file (WordPerfect Windows)',''),(352,'eps','Encapsulated PostScript (vector graphics)',''),(354,'epsf','Encapsulated PostScript File',''),(355,'eqn','Equation (WordPerfect Windows)',''),(356,'err','Error Messge/Log',''),(357,'esh','Extended Shell batch file',''),(358,'esi','Esri plot file',''),(359,'etx','SEText',''),(360,'evt','Event log',''),(361,'evy','Document (WordPerfect Envoy)',''),(362,'exe','Executable file (MS-DOS)',''),(363,'ext','Extension file (Norton)',''),(364,'f','Fortran source file',''),(365,'f01','Fax',''),(366,'f06-16','Screen text font, 6-16 pixels (DOS)',''),(367,'f77','Fortran 77 source file',''),(368,'f96','Frecom FAX96',''),(369,'faq','Frequently asked questions',''),(370,'fax','Fax file (raster graphics)',''),(371,'fc','Dictionary (Harvard Graphics)',''),(372,'fd','Fortran Declaration file (Microsoft)',''),(373,'fdf','Acrobat Forms Data Format',''),(374,'fdx','Force Index',''),(375,'ffl','Fast Find File (Microsoft)',''),(376,'fh3-4','Freehand 3-4 (vector graphics)',''),(377,'fi','Fortran Interface file',''),(378,'fif','Fractal Image format',''),(379,'fil','Files list object file (dBASE)',''),(381,'fit','File Index Table (WindowsNT)',''),(383,'fix','Patch file',''),(384,'fky','Macro file (FoxPro)',''),(385,'flc','Animation file (Autodesk, FLIC)',''),(386,'fld','Thumbnail folder (Hijaak)',''),(387,'fli','Animation file (Autodesk)',''),(388,'flo','Micrografx FlowCharter',''),(389,'flr','Live3D',''),(390,'flt','Filter (graphic conversion)',''),(391,'fm','Framemaker',''),(393,'fm3','Spreadsheet (Lotus 1-2-3 v3)',''),(395,'fmb','File Manager Button bar (WordPerfect Windows)',''),(396,'fmk','Fortran Makefile',''),(397,'fmo','Compiled format file (dBASE)',''),(398,'fmt','Format (dBASE)',''),(400,'fnc','Frogans Network Certificate',''),(401,'fnt','Font file',''),(402,'fo1-02','Font file (Borland)',''),(403,'fog','Fontographer font',''),(404,'fon','Bitmapped Font (Windows)',''),(406,'for','FORTRAN source code',''),(407,'fot','Windows TrueType font',''),(408,'fox','FoxBase',''),(409,'fp','FileMaker Pro',''),(410,'fp1','Flying Pigs',''),(411,'fp3-5','FileMaker v3-5',''),(412,'fpc','FoxPro Catalog',''),(413,'fpt','FoxPro Memo',''),(414,'fpx','FlashPix bitmap',''),(415,'frf','Font (FontMonger)',''),(416,'frm','Report form file (dBASE, VisualBasic)',''),(417,'frs','WordPerfect Graphics Driver',''),(418,'frt','Report memo (FoxPro)',''),(419,'frx','Report (FoxPro)',''),(420,'fsl','Form (Paradox)',''),(421,'fsx','Data (Lotus 1-2-3)',''),(422,'ftm','Font (Micrografx)',''),(423,'fts','Flexible Image Transport',''),(424,'fw','Database (Framework)',''),(425,'fxp','Compiled format (FoxPro)',''),(426,'fxs','Fax Transmit Format (WinFax)',''),(427,'g4','GTX RasterCAD',''),(428,'gbl','Global definitions',''),(429,'gc1','Lisp Source code',''),(430,'gca','GOCA graphics',''),(431,'gcd','Graphics file',''),(432,'gcf','Graphing Calculator file',''),(433,'gdf','Dictionary file',''),(434,'ged','Arts & Letters graphics',''),(436,'gem','GEM Metafile',''),(438,'gen','Compiled template (dBASE)',''),(440,'gep','Geode',''),(441,'geo','VideoScope',''),(442,'gib','Graph-in-the-Box Chart',''),(443,'gif','Graphics Interchange Format bitmap (CompuServe)',''),(444,'giw','Presentation (Graph-in-the-Box)',''),(445,'gl','GL Animation',''),(446,'gly','Glossary',''),(447,'gp3','CCITT compressed Group 3-4 TIFF file',''),(448,'gph','.Graph (Lotus 1-2-3)',''),(449,'gr2','.Screen driver (Windows 3.x)',''),(450,'gra','Microsoft Graph',''),(451,'grn','Ms-DOS Shell Monitor file',''),(452,'grf','Graphic file (Micrografx)',''),(453,'grp','Group definition (Windows)',''),(455,'gs1','Presentation',''),(456,'gsd','Vector graphics (Professional Draw)',''),(457,'gsw','GraphShow Worksheet',''),(458,'gx1','Show Partner graphics',''),(459,'gxl','Graphics Library',''),(460,'gz','Unix file compuressed by GZIP',''),(461,'h','C Header',''),(463,'h++','Header - C++',''),(464,'ha','HA Compressed file',''),(465,'hac','underground text format; hacking genre',''),(466,'hcom','SoundEdit Sound ex SOX',''),(467,'hdf','Hierarchical Data File',''),(469,'hdr','Datafile',''),(471,'hdw','Harvard Draw Vector graphics',''),(472,'hdx','Help index (AutoCAD - Zortech C++)',''),(473,'hed','HighEdit document',''),(474,'hel','Microsoft Hellbender game file',''),(475,'hex','Hex dump',''),(476,'hfi','HP font info',''),(477,'hgl','HP Graphics Language',''),(478,'hh','C++ header',''),(479,'hhh','Precompiled header',''),(480,'hhp','Help Information',''),(481,'hlb','Help Library (VAX)',''),(482,'hlp','Help file (Windows)',''),(483,'hlx','Hyper link extension',''),(484,'hof','Hall Of Fame (game scores)',''),(485,'hp','C Include file',''),(486,'hpf','HP LaserJet fonts',''),(487,'hpg','HPGL plotter file vector graphics (AutoCad,Harvard. Graphics)',''),(488,'hpgl','HP GL/2',''),(489,'hpi','Font information file',''),(490,'hpj','Help Project (Visual Basic)',''),(491,'hpk','HPACK compressed file',''),(492,'hpl','HP Graphics',''),(493,'hpm','Emm text (HP NewWave)',''),(494,'hpp','C++ header file',''),(496,'hqx','BinHexed Compressed Macintosh file.',''),(497,'hrf','Graphics file',''),(498,'hsi','Graphics file (Handmade Software)',''),(499,'hst','History file',''),(501,'ht','HyperTerminal',''),(502,'htm','HyperText',''),(504,'html','Hypertext Markup Language',''),(505,'htx','Hypertext file',''),(506,'hum','underground text format; humor genre',''),(507,'hwd','Presentation file (Hollywood)',''),(508,'hwp','Hangul Word Processor',''),(509,'hxx','C++ header file',''),(510,'hy1-2','Hyphenation algorithms (Ventura)',''),(511,'hyc','Hyphenation (WordPerfect)',''),(512,'hyp','Hyphenation dictionary',''),(514,'i','Intermediate file (C++)',''),(515,'i3','Modula 3 Interface',''),(516,'iax','Bitmap graphics (IBM)',''),(517,'ic1-3','Atari Image',''),(518,'ica','Bitmap graphics (Image Object Content Architecture)',''),(519,'icb','Targa bitmap graphics',''),(520,'icl','Icon Library',''),(521,'icm','Image Colour Matching',''),(522,'icn','Icon source file',''),(523,'ico','Icon file (Windows)',''),(524,'icon','Sun icon and cursor',''),(525,'id','Disk identification file',''),(526,'idd','Instrument Definition (MIDI)',''),(527,'ide','Integrated Development Environment configuration',''),(529,'idw','Vector graphics',''),(530,'idx','Index',''),(531,'ief','IEF Image',''),(532,'ifd','Form (JetForm)',''),(533,'iff','Interchange File Format (Amiga Image)',''),(535,'ifo','Graphics objects (ImageForge)',''),(536,'ifs','System file (OS/2)',''),(537,'igf','Inset Systems graphics (Hijaak)',''),(538,'iif','Interchange File (QuickBooks)',''),(539,'il','Icon library',''),(540,'ilbm','Amiga ILBM Image',''),(541,'im8','Raster graphics (Sun)',''),(542,'ima','Vector graphics (Mirage)',''),(544,'image','DiskCopy Disk Image (Macintosh)',''),(545,'img','ImageForge/IconForge file',''),(551,'imp','Spreadsheet (Lotus)',''),(552,'imq','Image Presentation',''),(553,'in3','Input device driver (Harvard Graphics)',''),(554,'inc','Include file',''),(555,'ind','Index (dBASE)',''),(556,'indd','Adobe InDesign Document',''),(557,'indt','Adobe InDesign template file',''),(558,'inf','Information file',''),(562,'ini','Initialization file',''),(564,'ink','Pantone reference file (CorelDRAW)',''),(565,'ins','Data (WordPerfect)',''),(567,'int','Borland Interface',''),(568,'inx','Index (Foxbase)',''),(569,'iob','Imagine file',''),(570,'ioc','Organizational chart',''),(571,'ipl','Pantone Spot reference palette',''),(572,'irs','Resource (WordPerfect)',''),(573,'isd','Spell checker dictionary',''),(574,'iso','ISO-9660 table',''),(575,'isu','Netscape file',''),(576,'it','MOD music file format',''),(577,'itl','iTools Commands',''),(578,'iw','Idlewild screensaver',''),(579,'iwa','Text file (IBM)',''),(580,'iwp','Text file (Wang)',''),(581,'ix','Index file (FrameMaker)',''),(582,'jar','Java classes',''),(583,'jax','Graphics',''),(584,'jav','Java source file',''),(585,'java','Java source code',''),(586,'jbx','Project file',''),(587,'jet','Fax (JetFax)',''),(588,'jff','JFIF, JPEG File Interchange Format',''),(589,'jfif','JFIF Image',''),(590,'jif','JPEG image format',''),(591,'jpe','JPEG bitmap file',''),(592,'jpeg','JPEG (Joint Photographic Experts Group)',''),(593,'jpg','JPEG image file',''),(594,'jpp','x-java-print',''),(595,'js','JavaScript',''),(596,'jtf','JPEG bitmap file',''),(597,'kar','MIDI Sound',''),(598,'kdc','Kodak Photo-Enhancer',''),(599,'kfx','Kofax',''),(600,'lar','Liquid Registration',''),(601,'lasso','Lasso web format file (Blue World Communications).',''),(602,'latex','Latex',''),(603,'lav','Liquid Voucher',''),(605,'lbl','Label description (dBASE)',''),(606,'lbm','Deluxe Paint graphics file',''),(608,'ldb','Lock file (Microsoft Access)',''),(609,'leg','Legacy document',''),(610,'lha','PC/Amiga compression format',''),(612,'lhs','Literate Haskell source file',''),(613,'lhx','LHA compression file',''),(614,'lib','Library',''),(615,'lic','License file (usually shareware)',''),(616,'log','Log of installations or usage',''),(617,'lst','List',''),(618,'ltf','Frogans Short-cut',''),(619,'lwp','Lotus Word Pro',''),(620,'lzh','LHArc Archive',''),(621,'lzs','PC/Amiga compression format',''),(622,'m1a','MPEG-1 audiostream',''),(623,'m1s','MPEG-1 systemstream',''),(624,'m1v','MPEG-1 IPB videostream',''),(625,'m15','MPEG videostream',''),(626,'m2','Modula 2 Source Code',''),(627,'m2v','MPEG-2 IPB videostream',''),(628,'m3','Modula 3 Source Code',''),(629,'m3u','MP3 PlayLists',''),(630,'m75','MPEG file',''),(631,'mac','Mac Paint (PICT picture)',''),(632,'maf','Microsoft Access Form',''),(633,'mak','Makefile (VisualBasic, etc)',''),(634,'mam','Microsoft Access Macro',''),(635,'map','Map - linkage editor',''),(636,'maq','Microsoft Access Query',''),(637,'mar','Microsoft Access Report',''),(638,'mat','Microsoft Access Table',''),(639,'max','Paperport scanner-generated image file',''),(640,'mbx','Message Base (Eudora)',''),(641,'mcs','MathCAD format',''),(642,'mcw','Microsoft Word for Macintosh',''),(643,'mdb','Database file (MS Access)',''),(644,'mdf','Microsoft SQL server database file',''),(645,'mdx','Multi-index',''),(646,'me','READ.ME text file',''),(647,'med','Amiga MED Sound',''),(648,'met','Metafile format',''),(649,'meu','DOS shell menu',''),(650,'mf','MetaFont document',''),(651,'mff','MIDI file format',''),(652,'mgf','Micrografx Draw Font',''),(653,'mi','Miscellaneous',''),(654,'mic','Microsoft Image Composer',''),(655,'mid','MIDI digitized music file',''),(656,'mif','FrameMaker MIF',''),(657,'miff','ImageMagick file format',''),(658,'mil','Group 4',''),(659,'ml','ML Source',''),(660,'mime','Multipurpose Internet Mail Extension (Message)',''),(661,'mix','Microsoft PictureIt!',''),(663,'mme','Mime encoded file',''),(664,'mmf','Microsoft Mail File',''),(665,'mmm','Macromind animation',''),(666,'mod','MOD Music file format',''),(667,'mol','MDL Molfile',''),(668,'mov','Movie file (Apple QuickTime)',''),(669,'moov','Movie file (Apple QuickTime)',''),(670,'moz','Mozilla Netscape cache file',''),(671,'mp2','MPEG-1 audiostream; MPEG-1 Layer 2',''),(672,'mp3','Sound file; MPEG-1 Layer 3',''),(673,'mpa','MPEG-1 audiostream',''),(674,'mpe','MPEG Movie file',''),(675,'mpeg','MPEG Movie (Moving Pictures Experts Group)',''),(676,'mpeg4','MPEG Movie (high quality, esp for wireless)',''),(677,'mpg','Encoded MPEG file',''),(678,'mpkg','meta package, a group of .pkg files',''),(679,'mpm','MPEG file',''),(680,'mpnt','Macintosh MacPaint',''),(681,'mpp','Microsoft Project project file',''),(682,'mpt','Microsoft Project template file',''),(683,'mpv','MPEG file',''),(684,'mpx','Microsoft Project export file',''),(685,'mrk','Markup (Informative Graphics)',''),(686,'msg','Message file',''),(687,'msi','Microsoft Installer file',''),(688,'msn','Microsoft Network document',''),(689,'msp','Microsoft Paint',''),(690,'mtm','MultiMOD Music',''),(691,'mus','Music file',''),(692,'mvb','Microsoft Multimedia Viewer',''),(693,'mw','MacWrite II document',''),(694,'mwii','MacWrite II document',''),(695,'mxi','Extension Information',''),(696,'mxp','Extension Package',''),(697,'mys','Myst saved game file',''),(698,'ndx','Index file (dBASE)',''),(699,'neo','Atari NeoChrome',''),(700,'netopia','Application Netopia',''),(701,'net','Network file',''),(702,'nfo','Info Text',''),(703,'ng','Norton Guides',''),(704,'nlm','NLM program (NetWare)',''),(705,'note','WordPerfect Help document',''),(706,'nsl','Network Services',''),(707,'nsp','Application x-nvo',''),(708,'nst','MOD Music',''),(709,'ntf','Notes Template File (Lotus Notes)',''),(710,'oab','Outlook Address Book (Microsoft)',''),(711,'oaz','OAZ Fax',''),(712,'obd','Microsoft Office Binder',''),(713,'obj','Object (DOS/Windows)',''),(714,'ocx','Object Linking and Embedding (OLE)',''),(715,'oda','ODA document',''),(716,'oga','audio files Xiph.Org',''),(717,'ogx','Ogg Vorbis Multiplex Profile (audio) Xiph.Org',''),(718,'okt','Oktalyser MOD Music',''),(719,'olb','OLE Object Library',''),(720,'old','a file that is now obsolete replaced by an upgraded or modified file.',''),(721,'ole','OLE object (Object Linking and Embedding)',''),(722,'onx','Onyx Graphics Postershop',''),(723,'ori','Original',''),(724,'otf','OpenType Font',''),(725,'out','Output file',''),(726,'ovl','Program overlay file (DOS/Windows)',''),(727,'ovr','Overlay module',''),(728,'p','Pascal source code file',''),(729,'p10','Tektronix Plot10',''),(730,'pac','Atari STAD Image',''),(731,'pab','Personal Address Book (Microsoft Outlook)',''),(732,'pak','Quake game data',''),(734,'pal','Paintbrush palette',''),(735,'pan','Printer-specific file',''),(736,'pas','Pascal program file',''),(737,'pat','Pattern (Corel Draw)',''),(739,'pb1','Document (First Publisher)',''),(740,'pba','Powerbasic BASIC source code',''),(741,'pbd','PowerBuilder runtime/compiled file',''),(742,'pbi','Powerbasic include file',''),(743,'pbl','Powerbasic library',''),(745,'pbk','Microsoft Phonebook',''),(746,'pbm','Portable Bitmap',''),(747,'pbo','Profiler Binary Output',''),(748,'pbt','Profiler Binary Table',''),(749,'pc1-2-3','Atari Degas Image',''),(750,'pcd','Bitmap graphics file (Photo CD format)',''),(751,'pcl','HP LaserJet',''),(752,'pcm','HP LaserJet cartridge information',''),(753,'pcs','PICS animation',''),(754,'pct ','Apple Macintosh QuickDraw/PICT bitmap graphics format',''),(756,'pcw','PC Write',''),(757,'pcx','PC Paintbrush',''),(759,'pdb','Palm database',''),(760,'pdd','Photo Deluxe Document (Adobe)',''),(761,'pdf','Portable Document Format (Acrobat)',''),(762,'pdg','PrintShop Deluxe',''),(763,'pdv','PC Paintbrush printer driver',''),(764,'pfa','Type 1 font (ASCII)',''),(765,'pfb','Type 1 font (encrypted)',''),(766,'pfm','Postscript Font Metrics; Windows Type 1 font metrics',''),(767,'pgl','HPGL 7475A plotter (vector graphics)',''),(768,'pgm','Portable Gray Map (bitmap)',''),(769,'phtml','HTML document with preprocessing instructions (PPIs)',''),(770,'pic','Picture file (Macintosh PICT)',''),(771,'pict','Picture file (Macintosh PICT)',''),(772,'pif','Program Informaton file',''),(773,'pit','PackIt (Mac compression)',''),(774,'pix','Inset Systems graphics',''),(775,'pjx','Project file (Visual FoxPro)',''),(776,'pkg','AppleLink Package compression format',''),(777,'pl','Perl Source Code',''),(778,'plt','Plotter drawing, HP GL/2',''),(779,'pm','Bitmap From XV',''),(781,'pm3-4-5','Page Layout file (PageMaker v3,v4,v5)',''),(782,'png','Portable Network Graphic (bitmap)',''),(784,'pntg','MacPaint Graphic',''),(785,'pov','Persistence Of Vision raytracer',''),(786,'ppa','PowerPoint Add-in (Microsoft)',''),(787,'ppd','Printer Description File',''),(789,'ppm','Portable Pixelmap',''),(790,'ppp','PagePlus document',''),(791,'pps','PowerPoint Slideshow',''),(792,'ppt','PowerPoint Presentation',''),(793,'ppx','PagePlus template',''),(794,'prc','Palm Resource Code (Application)',''),(795,'prd','Printer driver file (MS Word)',''),(796,'prg','Procedure or program file',''),(797,'prj','Project file',''),(798,'prn','Printer Output file (temporary)',''),(800,'prs','Printer file (WordPerfect)',''),(801,'prt','Formatted text',''),(802,'ps','PostScript (Page description file)',''),(803,'psd','Photoshop file',''),(804,'pst','MS Outlook personal folder',''),(805,'pt4-5','PageMaker Template',''),(806,'pub','Publication (Ventura, MS)',''),(807,'pwd','Pocket Word document (Microsoft)',''),(808,'pwz','PowerPoint Wizard (Microsoft)',''),(809,'pxl','Pocket Excel (Microsoft)',''),(810,'pxr','Pixar Image',''),(811,'qbw','QuickBooks - Windows',''),(812,'qbb','QuickBooks backup file',''),(813,'qdk','Quarterdeck Qemm',''),(814,'qdv','QDV Image',''),(815,'qlb','Quick Library',''),(816,'qlc','ATM font information',''),(817,'qry','Microsoft Query',''),(818,'qt','QuickTime movie',''),(819,'qtm','QuickTime movie',''),(820,'qxd','QuarkXPress document',''),(821,'qxl','QuarkXPress Library file',''),(822,'qxt','QuarkXPress Template',''),(823,'r8l','LaserJet landscape font',''),(824,'r8p','LaserJet portrait font',''),(825,'ra','RealAudio Player - sound or multimedia file',''),(826,'ram','RealAudio Player',''),(827,'rm','RealAudio Player',''),(828,'rar','WinRAR compressed file',''),(829,'ras','Raster graphics (Sun)',''),(830,'raw','Raw Image file (bitmap)',''),(831,'rc','run commands (Unix)',''),(832,'readme','Text Readme',''),(833,'rec','Windows Recorder macro file',''),(834,'reg','Registration file',''),(835,'rep','Report file',''),(836,'rft','RFT-DCA -  Revisable-Form Text (RFT), part of IBM\'s Document Content Architecture (DCA)',''),(837,'rgb','RGB image (SGI- Silicon Graphics) -  Red Green Blue',''),(838,'rgba','RGB image (SGI)',''),(839,'ria','Alpharel Group IV raster graphics',''),(840,'rib','Renderman 3D Data',''),(841,'ric','Roch FaxNet',''),(842,'rif','Painter bitmap',''),(843,'riff','Resource Interchange File Format (graphic/multimedia)',''),(844,'rla','Wavefront raster image',''),(845,'rlc','CAD Overlay ESP (Image Systems)',''),(846,'rle','Run Length Encoded (compressed bitmap file)',''),(847,'rmi','RIFF MIDI file',''),(848,'rme','Text Readme',''),(849,'rmp','Niku Portfolio Manager',''),(850,'rnd','AutoShade format',''),(851,'rnl','GTX Runlength raster graphics',''),(852,'rpl','Replica file',''),(853,'rpt','Report file',''),(854,'rsc','Resource file',''),(855,'rsrc','Resource file',''),(856,'rtf','Rich Text Format',''),(857,'rtx','Rich Text Format',''),(858,'rwv','Niku Portfolio Manage',''),(859,'s','Assembly language file (Unix)',''),(860,'s3m','ScreamTracker 3 MOD music file',''),(861,'sam','AmiPro file',''),(863,'sav','Saved file (games etc)',''),(864,'sbp','IBM Storyboard graphics',''),(865,'sc','Source Code (Paradox)',''),(866,'scc','MSX Picture',''),(867,'scg','ColoRIX',''),(868,'sci','ColoRIX',''),(869,'scp','ColoRIX',''),(870,'scr','ColoRIX',''),(871,'scm','ScreenCam Movie',''),(876,'scrn','StartupScreen Format Graphic',''),(877,'sct','Screen Capture Text (Lotus)',''),(878,'scu','ColoRIX',''),(879,'sdl','SmartDraw Library',''),(880,'sea','Self-Extracting Archive (Stuffit or Compact Pro)',''),(881,'seg','Segment (of a compressed file saved in segments)',''),(882,'sep','TIFF bitmap',''),(883,'set','Setup parameters',''),(884,'sf','IRCAM Sound',''),(885,'sf2','SoundBank file',''),(886,'sfl','LaserJet landscape font',''),(887,'sgi ',' SGI Image;  Silicon Graphics IRIS Graphic File (Silicon Graphics, Inc.)',''),(888,'sfp','LaserJet portrait font',''),(889,'sfs','PCL 5 scalable font',''),(890,'sha','UNIX shell archive',''),(891,'shar','UNIX shell archive',''),(892,'shp','Printmaster Icon Library',''),(893,'shtml','HTML file with embedded server-side includes (SSI)',''),(894,'si','SoftImage image file',''),(895,'sig','Signature file',''),(896,'sit','StuffIt Archive (Macintosh)',''),(897,'sithqx','BinHexed StuffIt Archive (Macintosh)',''),(898,'six','SIXEL Image',''),(899,'sld','Slide format file (AutoCAD)',''),(900,'slk','Symbolic Link (SYLK) spreadsheet',''),(901,'smi','self-mounting Disk Copy compressed image',''),(902,'snd','Sound file',''),(903,'snm','Netscape mail',''),(904,'spc','Atari Spectrum 512',''),(905,'spd','Speedo scalable font',''),(906,'spl','FutureSplash Player file',''),(907,'sqb','SyQuest Backup',''),(908,'sr','Sun Raster Image',''),(909,'src','Used with .INI files for configuration settings',''),(910,'sty','Style sheet file (Ventura)',''),(911,'sun','Sun Raster Image',''),(912,'sup','Startup Screen',''),(913,'svx','Amiga 8SVX IFF sound',''),(914,'swd','Schoolwide Database file',''),(915,'swf','Shockwave Flash file',''),(916,'swp','Swap - temporary file',''),(917,'syd','Sysedit backup file',''),(918,'syk','SYLK spreadsheet format',''),(919,'sylk','SYLK spreadsheet format',''),(920,'sys','System file',''),(921,'tal','Adobe Type Align',''),(922,'tar','Tape ARchive (UNIX)',''),(923,'tar.gz','Combined filename extension for a file that has been archived using tar and then gzipped.',''),(924,'tar.z','Combined filename extension for a file that has been archived using tar and then zipped.',''),(925,'targa','Truevision Archive',''),(926,'taz','Compressed Tape Archive',''),(928,'tbk','Asymetrix Toolbook',''),(929,'tdf','Typeface definition (Speedo)',''),(930,'tex','TeX or LaTex document',''),(931,'texi','TeX document',''),(932,'texinf','TeX document',''),(933,'text','ASCII Text',''),(934,'tfm','Font metrics (Intellifont)',''),(935,'tga','TARGA graphics file',''),(937,'tgz','Gnu ZIPped Taped Archive (same as .tar.z and .tar.gz)',''),(938,'thn','Thumbnail',''),(939,'tif','Tagged Image File format (graphics)',''),(940,'tiff','Tagged Image File Format (graphics)',''),(941,'tlb','OLE Type Library',''),(942,'tmp','Temporary file',''),(943,'tny','Atari TINY Bitmap',''),(944,'toc','Table Of Contents file',''),(945,'tps','Topspeed data file',''),(946,'trm','Terminal settings',''),(947,'tsv','Tab Separated Values File',''),(948,'ttc','TrueType Compressed -font file',''),(949,'ttf','TrueType Font file',''),(950,'tx8','8-bit MS-DOS text file',''),(951,'txt','ASCII Text file',''),(952,'ul','law Sound',''),(953,'url','URL Bookmark',''),(954,'usb','Universal Serial Bus',''),(955,'usl','LaserJet landscape font',''),(956,'usp','LaserJet portrait font',''),(957,'uu','UUEncode compressed file',''),(958,'uud','UUEncode file',''),(959,'uue','UUEncode file',''),(960,'vbp','Visual Basic Project',''),(961,'vbs','Visual Basic Script',''),(962,'vbx','Visual Basic Extension',''),(963,'vcd','Video CD (Compact Disc)',''),(964,'vda','Targa bitmap',''),(965,'vff','DESR VFF Greyscale Image',''),(966,'vga','OS/2 Bitmap',''),(967,'vgr','Chapter file (Ventura)',''),(968,'vid','Multimedia image file',''),(969,'vir','Underground text format; virus genre',''),(970,'viff','Khoros Visualization image file',''),(971,'vlb','Ventura Library',''),(972,'voc','Sound file',''),(973,'vp','Ventura Publisher file',''),(974,'vsd','Microsoft Visio Drawing',''),(975,'vst','Targa bitmap',''),(976,'vue','Relational View (dBASE)',''),(977,'vxd','Virtual Device Driver',''),(978,'w51','WordPerfect PC 5.1 document',''),(979,'wab','Windows Address Book',''),(980,'wav','Windows WAV Sound file',''),(981,'wbk','Microsoft Word Backup',''),(982,'wdb','Microsoft Works Database',''),(983,'wid','Ventura width table',''),(984,'win','Windows backup file',''),(985,'wiz','Microsoft Word Wizard',''),(986,'wk1','Lotus 1-2-3, up to 2.01',''),(987,'wk4','Lotus 1-2-3 version 4',''),(988,'wkq','Quattro spreadsheet',''),(989,'wks','Spreadsheet (Lotus 1-2-3, MS Works)',''),(990,'wlr','VRML file',''),(991,'wmf','Windows Metafile',''),(992,'wp','WordPerfect PC document',''),(993,'wp4-6','WordPerfect PC document',''),(994,'wpd','WordPerfect Document',''),(996,'wpg','WordPerfect Graphic',''),(997,'wpm','WordPerfect Macro',''),(998,'wps','Word processor file (MS Works)',''),(999,'wpt','WordPerfect Template',''),(1000,'wri','MSWrite Windows file',''),(1001,'wrk','Symphony spreadsheet',''),(1002,'ws1-7','WordStar for Windows 1-7',''),(1003,'wve','PSION Sound',''),(1004,'wvl','Wavelet compressed bitmap',''),(1005,'x','AVS X image file',''),(1006,'x10-11','X-Windows Dump',''),(1007,'xar','Corel Xara drawing',''),(1008,'xbm','X-Windows Bitmap',''),(1009,'xfx','JetFax',''),(1010,'xif','Xerox Image Format',''),(1011,'xl','Excel Spreadsheet',''),(1012,'xlc','Excel Chart',''),(1013,'xlk','Excel backup',''),(1014,'xlm','Excel macro',''),(1015,'xls','Excel Spreadsheet',''),(1016,'xlt','Excel Template',''),(1017,'xlw','Excel Workspace',''),(1018,'xm','FastTracker MOD music format',''),(1019,'xpm','X-Windows Pixelmap',''),(1020,'xwd','X-Windows Dump',''),(1021,'xwo','X-Windows System window dump image',''),(1022,'xxe','Xxencoded file',''),(1023,'yal','Arts & Letters click art',''),(1024,'z','UNIX Compress Archive',''),(1026,'zip','PZIP (PC ZIP) compressed archive file',''),(1027,'zoo','Zoo Archive',''),(1028,'zts','Z-Term Script',''),(1031,'aac','Advanced Audio Coding (Mac)',''),(1032,'abc','A Program\'s Master Index',''),(1044,'ajax','Asynchronous JavaScript And XML',''),(1045,'alb','JASC Image Commander',''),(1047,'ann','Windows help annotations',''),(1052,'asa','ASP info',''),(1053,'asax','ASP.NET file',''),(1063,'att','AT&T Group IV fax',''),(1066,'axd','Actrix drawing',''),(1072,'bm1','Apogee BioMenace file',''),(1073,'bml','Bookmark library (SyncURL)',''),(1075,'bmk','Windows help bookmarks',''),(1076,'bms','BlackMagic script',''),(1077,'brk','Brooktrout fax',''),(1078,'bs1','Apogee Blake Stone file',''),(1086,'ccb','Visual Basic animated button',''),(1095,'ch3','Harvard Graphics chart',''),(1100,'ck?','iD/Apogee Commander Keen ?',''),(1108,'cmx','Corel clip art',''),(1110,'cnt','Windows help contents',''),(1112,'cpd','Fax cover document',''),(1114,'cpi','DOS code page',''),(1129,'cv5','Canvas 5 vector/bitmap',''),(1137,'dcm','DICOM medical image',''),(1147,'disco','Publishing and Discovering Web Services',''),(1148,'dlg','Dialogue script',''),(1151,'docx','Document (MS Word 2008)',''),(1170,'fh3','Freehand 3',''),(1176,'fmv','FrameMaker raster & vector graphics',''),(1188,'ftg','Windows help file links',''),(1191,'gal','Corel Multimedia Manager album',''),(1196,'gfi','Genigraphics presentation link',''),(1197,'gfx','Genigraphics presentation link',''),(1198,'gid','Windows help global index',''),(1200,'gim','Genigraphics presentation link',''),(1201,'gix','Genigraphics presentation link',''),(1202,'gna','Genigraphics presentation link',''),(1203,'gnx','Genigraphics presentation link',''),(1204,'gp4','CALS Group IV - ITU Group IV',''),(1208,'gwx','Genigraphics presentation link',''),(1209,'gwz','Genigraphics presentation link',''),(1211,'gx2','Show Partner bitmap',''),(1229,'idc','Internet Database Connector',''),(1245,'jt','JT Fax',''),(1249,'kye','Kye game program data',''),(1254,'lit','Microsoft Reader file',''),(1256,'lnk','Windows 9x/NT shortcut',''),(1257,'lqt','Liquid Audio',''),(1258,'lsn','Topic list (CDE)',''),(1260,'lv','LaserView Group IV',''),(1268,'mb1','Apogee Moster Bash file',''),(1273,'mel','Maya script',''),(1288,'mp2v','MPEG file',''),(1300,'m3d','Corel Motion 3-D',''),(1301,'nap','NAPLPS format',''),(1302,'nav','Eudora script file',''),(1307,'ntz','InVircible antivirus blueprint',''),(1308,'o','UNIX machine language',''),(1313,'obz','Microsoft Office wizard',''),(1314,'oeb','Open eBook publication',''),(1317,'opf','Open package file',''),(1318,'org','Organizer file',''),(1322,'ozm','Sharp Organizer memo bank',''),(1323,'ozp','Sharp Organizer telephone bank',''),(1344,'pdw','HiJaak vector graphics',''),(1356,'pin','Epic Pinball data',''),(1362,'pmx','PageMaker document (x=ver.)',''),(1363,'pml','PageMaker library',''),(1366,'pp4','Picture Publisher 4',''),(1373,'pre','Lotus Freelance',''),(1382,'psr','Powersoft report',''),(1383,'ptx','PageMaker template (x=ver.)',''),(1386,'puz','Across puzzle',''),(1387,'pvk','Private Key',''),(1388,'pwl','Windows password list',''),(1402,'res','Programming resource',''),(1408,'rix','RIX virtual screen',''),(1411,'rlf','RichLink compiled format',''),(1414,'rmm','Real Media file',''),(1420,'rv','Real Video file',''),(1422,'sat','ACIS 3-D model',''),(1426,'sc?','ColoRIX raster (?=res.)',''),(1427,'sc2','Microsoft Schedule+ 7',''),(1428,'scd','Microsoft Schedule+ 7',''),(1429,'sch','Microsoft Schedule+ 1',''),(1439,'sdr','SmartDraw vector graphics',''),(1440,'sdt','SmartDraw template',''),(1446,'shb','Corel Show',''),(1447,'shg','Segmented HyperGraphic (imagemap Windows help)',''),(1448,'shs','OLE2 package (can contain executables)',''),(1449,'shw','Corel Show',''),(1459,'sy3','Harvard Graphics symbol',''),(1460,'syl','SYLK format (spreadsheets)',''),(1473,'torrent','bittorrent',''),(1483,'vcf','vCard file',''),(1487,'vox','Voxware compressed audio',''),(1493,'wax','WMA metafile (location of WMA file)',''),(1494,'wb?','Quattro Pro spreadsheet (?=version)',''),(1496,'wbt','WinBatch file',''),(1497,'wcm','WordPerfect macro',''),(1499,'wgp','Wild Board games data',''),(1501,'wif','Wavelet image',''),(1505,'wk3','Lotus ver. 3.x & Windows',''),(1508,'wma','Windows Media Audio (ASF file)',''),(1510,'wmv','Windows Media video (ASF file)',''),(1513,'wp?','WordPerfect document (?=version)',''),(1517,'wq?','Quattro Pro for DOS (?=version)',''),(1521,'wrl','VRML page',''),(1522,'ws?','WordStar for Windows (?=version)',''),(1523,'wsd','WordStar 2000 document',''),(1524,'wsh','Windows Scrip Host properties',''),(1526,'wvx','WMV metafile (location of WMV file)',''),(1530,'xla','Excel add-in',''),(1531,'xlb','Excel toolbar',''),(1533,'xld','Excel dialogue',''),(1539,'xml','XML file',''),(1541,'xsd','XML schema',''),(1543,'xy?','XyWrite document (?=version)',''),(1544,'xyw','XyWrite for Windows document','');
/*!40000 ALTER TABLE `disku_extension_registry` ENABLE KEYS */;
UNLOCK TABLES;

--
-- Table structure for table `disku_extension_totals`
--

DROP TABLE IF EXISTS `disku_extension_totals`;
/*!40101 SET @saved_cs_client     = @@character_set_client */;
/*!40101 SET character_set_client = utf8 */;
CREATE TABLE `disku_extension_totals` (
  `poller_id` int(10) unsigned NOT NULL DEFAULT 0,
  `path_id` int(10) unsigned NOT NULL DEFAULT 0,
  `extension` varchar(20) NOT NULL DEFAULT '',
  `userid` int(10) unsigned NOT NULL DEFAULT 0,
  `files` bigint(20) unsigned NOT NULL DEFAULT 0,
  `size` double NOT NULL DEFAULT 0,
  `size0to6` double DEFAULT NULL,
  `size6to12` double DEFAULT NULL,
  `size12plus` double DEFAULT NULL,
  `delme` tinyint(3) unsigned DEFAULT 0,
  PRIMARY KEY (`extension`,`userid`,`path_id`,`poller_id`) USING BTREE,
  KEY `delme` (`delme`),
  KEY `userid` (`userid`)
) ENGINE=MyISAM DEFAULT CHARSET=latin1 COMMENT='Holds disk utilization information by extension';
/*!40101 SET character_set_client = @saved_cs_client */;

--
-- Table structure for table `disku_extension_totals_history`
--

DROP TABLE IF EXISTS `disku_extension_totals_history`;
/*!40101 SET @saved_cs_client     = @@character_set_client */;
/*!40101 SET character_set_client = utf8 */;
CREATE TABLE `disku_extension_totals_history` (
  `poller_id` int(10) unsigned NOT NULL DEFAULT 0,
  `path_id` int(10) unsigned NOT NULL DEFAULT 0,
  `extension` varchar(20) NOT NULL DEFAULT '',
  `userid` int(10) unsigned NOT NULL DEFAULT 0,
  `files` bigint(20) unsigned NOT NULL DEFAULT 0,
  `size` double NOT NULL DEFAULT 0,
  `size0to6` double DEFAULT NULL,
  `size6to12` double DEFAULT NULL,
  `size12plus` double DEFAULT NULL,
  `intervalEnd` timestamp NOT NULL DEFAULT '0000-00-00 00:00:00',
  PRIMARY KEY (`extension`,`userid`,`poller_id`,`path_id`) USING BTREE,
  KEY `intervalEnd` (`intervalEnd`)
) ENGINE=MyISAM DEFAULT CHARSET=latin1 COMMENT='Holds disk utilization information history by extension';
/*!40101 SET character_set_client = @saved_cs_client */;

--
-- Table structure for table `disku_extension_totals_simple`
--

DROP TABLE IF EXISTS `disku_extension_totals_simple`;
/*!40101 SET @saved_cs_client     = @@character_set_client */;
/*!40101 SET character_set_client = utf8 */;
CREATE TABLE `disku_extension_totals_simple` (
  `extension` varchar(20) NOT NULL DEFAULT '',
  `users` int(10) unsigned NOT NULL DEFAULT 0,
  `files` bigint(20) unsigned NOT NULL DEFAULT 0,
  `size` double NOT NULL DEFAULT 0,
  `size0to6` double DEFAULT NULL,
  `size6to12` double DEFAULT NULL,
  `size12plus` double DEFAULT NULL,
  `delme` tinyint(3) unsigned DEFAULT 0,
  PRIMARY KEY (`extension`),
  KEY `delme` (`delme`)
) ENGINE=MyISAM DEFAULT CHARSET=latin1 COMMENT='Disk utilization information by extension';
/*!40101 SET character_set_client = @saved_cs_client */;

--
-- Table structure for table `disku_files_raw`
--

DROP TABLE IF EXISTS `disku_files_raw`;
/*!40101 SET @saved_cs_client     = @@character_set_client */;
/*!40101 SET character_set_client = utf8 */;
CREATE TABLE `disku_files_raw` (
  `poller_id` int(10) unsigned NOT NULL DEFAULT 0,
  `path_id` int(10) unsigned NOT NULL DEFAULT 0,
  `thread_id` int(10) unsigned NOT NULL DEFAULT 0,
  `device` int(10) unsigned NOT NULL DEFAULT 0,
  `inode` bigint(20) unsigned NOT NULL DEFAULT 0,
  `fileType` char(2) DEFAULT NULL,
  `dirName` varchar(4096) DEFAULT '',
  `fileName` varchar(256) DEFAULT '',
  `fileSize` bigint(20) unsigned NOT NULL DEFAULT 0,
  `accTime` timestamp NOT NULL DEFAULT '0000-00-00 00:00:00',
  `statTime` timestamp NOT NULL DEFAULT '0000-00-00 00:00:00',
  `modTime` timestamp NOT NULL DEFAULT '0000-00-00 00:00:00',
  `user` varchar(20) NOT NULL DEFAULT '',
  `userid` int(10) unsigned NOT NULL DEFAULT 0,
  `group` varchar(40) NOT NULL DEFAULT '',
  `groupid` int(10) unsigned NOT NULL DEFAULT 0,
  `perms` varchar(12) NOT NULL,
  `extension` varchar(20) NOT NULL DEFAULT '',
  `lastUpdated` timestamp NOT NULL DEFAULT current_timestamp() ON UPDATE current_timestamp(),
  PRIMARY KEY (`poller_id`,`path_id`,`device`,`inode`),
  KEY `groupid` (`groupid`),
  KEY `userid` (`userid`),
  KEY `dirName` (`dirName`(191)),
  KEY `fileType` (`fileType`),
  KEY `ext` (`extension`),
  KEY `lastUpdated` (`lastUpdated`)
) ENGINE=MyISAM DEFAULT CHARSET=latin1 COMMENT='File System Information';
/*!40101 SET character_set_client = @saved_cs_client */;

--
-- Table structure for table `disku_groups`
--

DROP TABLE IF EXISTS `disku_groups`;
/*!40101 SET @saved_cs_client     = @@character_set_client */;
/*!40101 SET character_set_client = utf8 */;
CREATE TABLE `disku_groups` (
  `domain` varchar(20) NOT NULL DEFAULT '',
  `name` varchar(64) NOT NULL DEFAULT '',
  `groupid` int(10) unsigned NOT NULL DEFAULT 0,
  `firstSeen` timestamp NOT NULL DEFAULT '0000-00-00 00:00:00',
  `lastSeen` timestamp NOT NULL DEFAULT current_timestamp() ON UPDATE current_timestamp(),
  PRIMARY KEY (`domain`,`name`,`groupid`)
) ENGINE=MyISAM DEFAULT CHARSET=latin1 COMMENT='Holds registry of all know Groups';
/*!40101 SET character_set_client = @saved_cs_client */;

--
-- Table structure for table `disku_groups_members`
--

DROP TABLE IF EXISTS `disku_groups_members`;
/*!40101 SET @saved_cs_client     = @@character_set_client */;
/*!40101 SET character_set_client = utf8 */;
CREATE TABLE `disku_groups_members` (
  `groupid` int(10) unsigned NOT NULL DEFAULT 0,
  `userid` int(10) NOT NULL DEFAULT -1,
  `user` varchar(20) NOT NULL DEFAULT '',
  PRIMARY KEY (`groupid`,`user`),
  KEY `userid` (`userid`)
) ENGINE=MyISAM DEFAULT CHARSET=latin1 COMMENT='Holds User Group Mappings';
/*!40101 SET character_set_client = @saved_cs_client */;

--
-- Table structure for table `disku_groups_totals`
--

DROP TABLE IF EXISTS `disku_groups_totals`;
/*!40101 SET @saved_cs_client     = @@character_set_client */;
/*!40101 SET character_set_client = utf8 */;
CREATE TABLE `disku_groups_totals` (
  `poller_id` int(10) unsigned NOT NULL DEFAULT 0,
  `path_id` int(10) unsigned NOT NULL DEFAULT 0,
  `groupid` int(10) unsigned NOT NULL DEFAULT 0,
  `group` varchar(20) NOT NULL,
  `files` bigint(20) unsigned NOT NULL,
  `size` double NOT NULL,
  `size0to6` double DEFAULT NULL,
  `size6to12` double DEFAULT NULL,
  `size12plus` double DEFAULT NULL,
  `directories` bigint(20) unsigned NOT NULL,
  `delme` tinyint(3) unsigned DEFAULT 0,
  PRIMARY KEY (`poller_id`,`path_id`,`groupid`) USING BTREE,
  KEY `delme` (`delme`),
  KEY `group` (`group`)
) ENGINE=MyISAM DEFAULT CHARSET=latin1 COMMENT='This Table will Track Disk Utilization by Group';
/*!40101 SET character_set_client = @saved_cs_client */;

--
-- Table structure for table `disku_groups_totals_history`
--

DROP TABLE IF EXISTS `disku_groups_totals_history`;
/*!40101 SET @saved_cs_client     = @@character_set_client */;
/*!40101 SET character_set_client = utf8 */;
CREATE TABLE `disku_groups_totals_history` (
  `poller_id` int(10) unsigned NOT NULL DEFAULT 0,
  `path_id` int(10) unsigned NOT NULL DEFAULT 0,
  `groupid` int(10) unsigned NOT NULL DEFAULT 0,
  `group` varchar(20) NOT NULL,
  `files` bigint(20) unsigned NOT NULL,
  `size` double NOT NULL,
  `size0to6` double DEFAULT NULL,
  `size6to12` double DEFAULT NULL,
  `size12plus` double DEFAULT NULL,
  `intervalEnd` timestamp NOT NULL DEFAULT '0000-00-00 00:00:00',
  `directories` bigint(20) unsigned NOT NULL,
  PRIMARY KEY (`poller_id`,`path_id`,`groupid`) USING BTREE,
  KEY `group` (`group`),
  KEY `intervalEnd` (`intervalEnd`)
) ENGINE=MyISAM DEFAULT CHARSET=latin1 COMMENT='This Table will Track Disk Utilization by Group';
/*!40101 SET character_set_client = @saved_cs_client */;

--
-- Table structure for table `disku_managers`
--

DROP TABLE IF EXISTS `disku_managers`;
/*!40101 SET @saved_cs_client     = @@character_set_client */;
/*!40101 SET character_set_client = utf8 */;
CREATE TABLE `disku_managers` (
  `user` varchar(20) NOT NULL,
  `createDate` timestamp NOT NULL DEFAULT '0000-00-00 00:00:00',
  `createdBy` varchar(20) NOT NULL,
  `lastChange` timestamp NOT NULL DEFAULT current_timestamp() ON UPDATE current_timestamp(),
  PRIMARY KEY (`user`)
) ENGINE=MyISAM DEFAULT CHARSET=latin1 COMMENT='Identified Personnel that have certain administrative rights';
/*!40101 SET character_set_client = @saved_cs_client */;

--
-- Table structure for table `disku_managers_group`
--

DROP TABLE IF EXISTS `disku_managers_group`;
/*!40101 SET @saved_cs_client     = @@character_set_client */;
/*!40101 SET character_set_client = utf8 */;
CREATE TABLE `disku_managers_group` (
  `groupid` int(10) unsigned NOT NULL,
  `user` varchar(20) NOT NULL,
  `hasQuota` tinyint(3) unsigned NOT NULL,
  `hasDelete` tinyint(3) unsigned NOT NULL,
  `hasMove` tinyint(3) unsigned NOT NULL,
  `hasCopy` tinyint(3) unsigned NOT NULL,
  `hasAuthorize` tinyint(3) unsigned NOT NULL,
  `createDate` timestamp NOT NULL DEFAULT current_timestamp() ON UPDATE current_timestamp(),
  `createdBy` varchar(20) NOT NULL,
  `lastChange` timestamp NOT NULL DEFAULT '0000-00-00 00:00:00',
  PRIMARY KEY (`groupid`,`user`)
) ENGINE=MyISAM DEFAULT CHARSET=latin1 COMMENT='disku_group_managers';
/*!40101 SET character_set_client = @saved_cs_client */;

--
-- Table structure for table `disku_pollers`
--

DROP TABLE IF EXISTS `disku_pollers`;
/*!40101 SET @saved_cs_client     = @@character_set_client */;
/*!40101 SET character_set_client = utf8 */;
CREATE TABLE `disku_pollers` (
  `id` int(10) unsigned NOT NULL AUTO_INCREMENT,
  `hostname` varchar(64) NOT NULL DEFAULT '',
  `location` varchar(40) DEFAULT NULL,
  `disabled` char(3) DEFAULT '',
  `df_collect_flag` char(3) DEFAULT '',
  `cacti_host` int(10) unsigned NOT NULL DEFAULT 0,
  `last_started` timestamp NOT NULL DEFAULT '0000-00-00 00:00:00',
  `last_ended` timestamp NOT NULL DEFAULT '0000-00-00 00:00:00',
  `frequency` int(10) unsigned DEFAULT 0,
  `dayOfWeek` int(10) unsigned DEFAULT 6,
  `timeOfDay` int(10) unsigned DEFAULT 0,
  `min_time` double DEFAULT 9999999999,
  `max_time` double DEFAULT 0,
  `cur_time` double DEFAULT 0,
  `avg_time` double DEFAULT 0,
  `total_polls` int(10) unsigned NOT NULL DEFAULT 0,
  PRIMARY KEY (`id`)
) ENGINE=MyISAM DEFAULT CHARSET=latin1 COMMENT='Defines collection frequencies for this poller';
/*!40101 SET character_set_client = @saved_cs_client */;

--
-- Table structure for table `disku_pollers_filesystems`
--

DROP TABLE IF EXISTS `disku_pollers_filesystems`;
/*!40101 SET @saved_cs_client     = @@character_set_client */;
/*!40101 SET character_set_client = utf8 */;
CREATE TABLE `disku_pollers_filesystems` (
  `poller_id` int(10) unsigned NOT NULL DEFAULT 0,
  `device` varchar(255) NOT NULL DEFAULT '',
  `blocks` bigint(20) unsigned NOT NULL DEFAULT 0,
  `used` bigint(20) unsigned NOT NULL DEFAULT 0,
  `available` bigint(20) unsigned NOT NULL DEFAULT 0,
  `percentUsed` int(10) unsigned NOT NULL DEFAULT 0,
  `mountPoint` varchar(128) NOT NULL DEFAULT '',
  `present` tinyint(4) NOT NULL DEFAULT 1,
  PRIMARY KEY (`poller_id`,`mountPoint`)
) ENGINE=MyISAM DEFAULT CHARSET=latin1 COMMENT='Holds all known files systems per poller';
/*!40101 SET character_set_client = @saved_cs_client */;

--
-- Table structure for table `disku_pollers_paths`
--

DROP TABLE IF EXISTS `disku_pollers_paths`;
/*!40101 SET @saved_cs_client     = @@character_set_client */;
/*!40101 SET character_set_client = utf8 */;
CREATE TABLE `disku_pollers_paths` (
  `id` int(10) unsigned NOT NULL AUTO_INCREMENT,
  `poller_id` int(10) unsigned NOT NULL DEFAULT 0,
  `name` varchar(40) NOT NULL DEFAULT '',
  `description` varchar(128) NOT NULL DEFAULT '',
  `tagname` varchar(20) NOT NULL DEFAULT '',
  `path` varchar(128) DEFAULT '',
  `disabled` char(3) DEFAULT '',
  `depth` int(10) unsigned NOT NULL DEFAULT 2,
  `threads` int(10) unsigned NOT NULL DEFAULT 5,
  `last_started` timestamp NOT NULL DEFAULT '0000-00-00 00:00:00',
  `last_ended` timestamp NOT NULL DEFAULT '0000-00-00 00:00:00',
  `min_time` double DEFAULT 9999999999,
  `max_time` double DEFAULT 0,
  `cur_time` double DEFAULT 0,
  `avg_time` double DEFAULT 0,
  `total_polls` int(10) unsigned NOT NULL DEFAULT 0,
  PRIMARY KEY (`id`),
  UNIQUE KEY `pollerid_path_contraint` (`poller_id`,`path`)
) ENGINE=MyISAM DEFAULT CHARSET=latin1 COMMENT='Defined paths to be scanned';
/*!40101 SET character_set_client = @saved_cs_client */;

--
-- Table structure for table `disku_pollers_threads`
--

DROP TABLE IF EXISTS `disku_pollers_threads`;
/*!40101 SET @saved_cs_client     = @@character_set_client */;
/*!40101 SET character_set_client = utf8 */;
CREATE TABLE `disku_pollers_threads` (
  `id` int(10) unsigned NOT NULL AUTO_INCREMENT,
  `poller_id` int(10) unsigned NOT NULL DEFAULT 0,
  `path_id` int(10) unsigned NOT NULL DEFAULT 0,
  `pid` int(10) unsigned NOT NULL DEFAULT 0,
  `status` varchar(20) DEFAULT '',
  `depth` int(10) NOT NULL DEFAULT 0,
  `dir` varchar(255) NOT NULL DEFAULT '',
  `start_time` timestamp NOT NULL DEFAULT current_timestamp(),
  PRIMARY KEY (`id`)
) ENGINE=MEMORY DEFAULT CHARSET=latin1 COMMENT='Stores temporary running process information';
/*!40101 SET character_set_client = @saved_cs_client */;

--
-- Table structure for table `disku_processes`
--

DROP TABLE IF EXISTS `disku_processes`;
/*!40101 SET @saved_cs_client     = @@character_set_client */;
/*!40101 SET character_set_client = utf8 */;
CREATE TABLE `disku_processes` (
  `pid` int(10) unsigned NOT NULL DEFAULT 0,
  `taskname` varchar(20) NOT NULL DEFAULT '0',
  `taskid` int(10) unsigned NOT NULL DEFAULT 0,
  `heartbeat` timestamp NOT NULL DEFAULT '0000-00-00 00:00:00',
  PRIMARY KEY (`taskname`,`taskid`)
) ENGINE=MEMORY DEFAULT CHARSET=latin1 COMMENT='Stored Client Processes in Disku Plugin';
/*!40101 SET character_set_client = @saved_cs_client */;

--
-- Table structure for table `disku_users`
--

DROP TABLE IF EXISTS `disku_users`;
/*!40101 SET @saved_cs_client     = @@character_set_client */;
/*!40101 SET character_set_client = utf8 */;
CREATE TABLE `disku_users` (
  `domain` varchar(20) NOT NULL DEFAULT '',
  `user` varchar(20) NOT NULL DEFAULT '',
  `userid` int(10) unsigned NOT NULL DEFAULT 0,
  `groupid` int(10) NOT NULL DEFAULT -1,
  `name` varchar(60) NOT NULL DEFAULT '',
  `path` varchar(40) NOT NULL DEFAULT '',
  `shell` varchar(20) NOT NULL DEFAULT '',
  `firstSeen` timestamp NOT NULL DEFAULT '0000-00-00 00:00:00',
  `lastSeen` timestamp NOT NULL DEFAULT current_timestamp() ON UPDATE current_timestamp(),
  PRIMARY KEY (`domain`,`user`,`userid`)
) ENGINE=MyISAM DEFAULT CHARSET=latin1 COMMENT='Stores all users in all known domains';
/*!40101 SET character_set_client = @saved_cs_client */;

--
-- Table structure for table `disku_users_totals`
--

DROP TABLE IF EXISTS `disku_users_totals`;
/*!40101 SET @saved_cs_client     = @@character_set_client */;
/*!40101 SET character_set_client = utf8 */;
CREATE TABLE `disku_users_totals` (
  `poller_id` int(10) unsigned NOT NULL DEFAULT 0,
  `path_id` int(10) unsigned NOT NULL DEFAULT 0,
  `userid` int(10) unsigned NOT NULL DEFAULT 0,
  `user` varchar(20) NOT NULL,
  `files` bigint(20) unsigned NOT NULL,
  `size` double NOT NULL,
  `size0to6` double DEFAULT NULL,
  `size6to12` double DEFAULT NULL,
  `size12plus` double DEFAULT NULL,
  `directories` bigint(20) unsigned NOT NULL,
  `delme` tinyint(3) unsigned DEFAULT 0,
  PRIMARY KEY (`poller_id`,`path_id`,`userid`) USING BTREE,
  KEY `delme` (`delme`),
  KEY `user` (`user`)
) ENGINE=MyISAM DEFAULT CHARSET=latin1 COMMENT='This Table will Track Disk Utilization by User';
/*!40101 SET character_set_client = @saved_cs_client */;

--
-- Table structure for table `disku_users_totals_history`
--

DROP TABLE IF EXISTS `disku_users_totals_history`;
/*!40101 SET @saved_cs_client     = @@character_set_client */;
/*!40101 SET character_set_client = utf8 */;
CREATE TABLE `disku_users_totals_history` (
  `poller_id` int(10) unsigned NOT NULL DEFAULT 0,
  `path_id` int(10) unsigned NOT NULL DEFAULT 0,
  `userid` int(10) unsigned NOT NULL DEFAULT 0,
  `user` varchar(20) NOT NULL,
  `files` bigint(20) unsigned NOT NULL,
  `size` double NOT NULL,
  `size0to6` double DEFAULT NULL,
  `size6to12` double DEFAULT NULL,
  `size12plus` double DEFAULT NULL,
  `intervalEnd` timestamp NOT NULL DEFAULT '0000-00-00 00:00:00',
  `directories` bigint(20) unsigned NOT NULL,
  PRIMARY KEY (`poller_id`,`path_id`,`userid`) USING BTREE,
  KEY `user` (`user`),
  KEY `intervalEnd` (`intervalEnd`)
) ENGINE=MyISAM DEFAULT CHARSET=latin1 COMMENT='This Table will Track Disk Utilization History by User';
/*!40101 SET character_set_client = @saved_cs_client */;

--
-- Table structure for table `external_links`
--

DROP TABLE IF EXISTS `external_links`;
/*!40101 SET @saved_cs_client     = @@character_set_client */;
/*!40101 SET character_set_client = utf8 */;
CREATE TABLE `external_links` (
  `id` int(10) unsigned NOT NULL AUTO_INCREMENT,
  `sortorder` int(10) unsigned NOT NULL DEFAULT 0,
  `enabled` char(2) DEFAULT 'on',
  `contentfile` varchar(255) NOT NULL DEFAULT '',
  `title` varchar(20) NOT NULL DEFAULT '',
  `style` varchar(10) NOT NULL DEFAULT '',
  `extendedstyle` varchar(50) NOT NULL DEFAULT '',
  `refresh` int(10) unsigned DEFAULT NULL,
  PRIMARY KEY (`id`)
) ENGINE=InnoDB COMMENT='Contains external links that are embedded into Cacti';
/*!40101 SET character_set_client = @saved_cs_client */;

--
-- Table structure for table `graph_local`
--

DROP TABLE IF EXISTS `graph_local`;
/*!40101 SET @saved_cs_client     = @@character_set_client */;
/*!40101 SET character_set_client = utf8 */;
CREATE TABLE `graph_local` (
  `id` int(10) unsigned NOT NULL AUTO_INCREMENT,
  `graph_template_id` mediumint(8) unsigned NOT NULL DEFAULT 0,
  `host_id` mediumint(8) unsigned NOT NULL DEFAULT 0,
  `snmp_query_id` mediumint(8) NOT NULL DEFAULT 0,
  `snmp_query_graph_id` mediumint(8) NOT NULL DEFAULT 0,
  `snmp_index` varchar(255) NOT NULL DEFAULT '',
  PRIMARY KEY (`id`),
  KEY `host_id` (`host_id`),
  KEY `graph_template_id` (`graph_template_id`),
  KEY `snmp_query_id` (`snmp_query_id`),
  KEY `snmp_query_graph_id` (`snmp_query_graph_id`),
  KEY `snmp_index` (`snmp_index`)
) ENGINE=InnoDB ROW_FORMAT=DYNAMIC COMMENT='Creates a relationship for each item in a custom graph.';
/*!40101 SET character_set_client = @saved_cs_client */;

--
-- Dumping data for table `graph_local`
--

LOCK TABLES `graph_local` WRITE;
/*!40000 ALTER TABLE `graph_local` DISABLE KEYS */;
INSERT INTO `graph_local` VALUES (1,4,1,0,0,''),(2,2,1,0,0,''),(3,3,1,0,0,''),(4,1,1,0,0,'');
/*!40000 ALTER TABLE `graph_local` ENABLE KEYS */;
UNLOCK TABLES;

--
-- Table structure for table `graph_template_input`
--

DROP TABLE IF EXISTS `graph_template_input`;
/*!40101 SET @saved_cs_client     = @@character_set_client */;
/*!40101 SET character_set_client = utf8 */;
CREATE TABLE `graph_template_input` (
  `id` mediumint(8) unsigned NOT NULL AUTO_INCREMENT,
  `hash` varchar(32) NOT NULL DEFAULT '',
  `graph_template_id` mediumint(8) unsigned NOT NULL DEFAULT 0,
  `name` varchar(255) NOT NULL DEFAULT '',
  `description` text DEFAULT NULL,
  `column_name` varchar(50) NOT NULL DEFAULT '',
  PRIMARY KEY (`id`)
) ENGINE=InnoDB COMMENT='Stores the names for graph item input groups.';
/*!40101 SET character_set_client = @saved_cs_client */;

--
-- Dumping data for table `graph_template_input`
--

LOCK TABLES `graph_template_input` WRITE;
/*!40000 ALTER TABLE `graph_template_input` DISABLE KEYS */;
INSERT INTO `graph_template_input` VALUES (1,'592cedd465877bc61ab549df688b0b2a',1,'Processes Data Source','','task_item_id'),(2,'1d51dbabb200fcea5c4b157129a75410',1,'Legend Color','','color_id'),(3,'8cb8ed3378abec21a1819ea52dfee6a3',2,'1 Minute Data Source','','task_item_id'),(4,'5dfcaf9fd771deb8c5430bce1562e371',2,'5 Minute Data Source','','task_item_id'),(5,'6f3cc610315ee58bc8e0b1f272466324',2,'15 Minute Data Source','','task_item_id'),(6,'b457a982bf46c6760e6ef5f5d06d41fb',3,'Logged in Users Data Source','','task_item_id'),(7,'bd4a57adf93c884815b25a8036b67f98',3,'Legend Color','','color_id'),(8,'6273c71cdb7ed4ac525cdbcf6180918c',4,'Free Data Source','','task_item_id'),(9,'5e62dbea1db699f1bda04c5863e7864d',4,'Swap Data Source','','task_item_id'),(10,'940beb0f0344e37f4c6cdfc17d2060bc',5,'Available Disk Space Data Source','','task_item_id'),(11,'7b0674dd447a9badf0d11bec688028a8',5,'Used Disk Space Data Source','','task_item_id'),(12,'2600aa2b55802194593075079b3ff217',6,'Data Source [Hosts]','','task_item_id'),(13,'6dab3c8fa41460ad4391286f9bd57396',6,'Data Source [HostsPerProcess]','','task_item_id'),(14,'c0860da34323e413a419e9afc09fc359',6,'Data Source [DataSources]','','task_item_id'),(15,'8927c4521a78f76a09a3dff2f825be80',6,'Data Source [RRDsProcessed]','','task_item_id'),(16,'c5899df96c5713ee315a4e6a27660dda',7,'Data Source [DataSources]','','task_item_id'),(17,'9d362433ec375a491de940183fa9d6d3',7,'Data Source [RRDsProcessed]','','task_item_id'),(18,'3dd310f294b9108e75f658df722410f0',8,'Data Source [time]','','task_item_id'),(19,'3ed026d0c63841377b1de73e7be58202',8,'Data Source [rrdupdates]','','task_item_id'),(20,'81e327aec9e80992517e3f3a5020ce15',9,'Data Source [snmp]','','task_item_id'),(21,'dc9c886f6822c6244c5ae0f219e5f0d2',9,'Data Source [script]','','task_item_id'),(22,'740743098b09bcd7f7d3dbc7a29b1e9e',9,'Data Source [script_server]','','task_item_id'),(23,'39824d646b1d533011c21ead3c4c58fe',10,'Data Source [time]','','task_item_id'),(24,'2c4fbc040922b3d831918eef776e506b',10,'Data Source [hosts]','','task_item_id'),(25,'c32f1661bb8f11c543f6ea9a74f9caef',11,'Data Source [Time]','','task_item_id'),(26,'79efb0416dd656a19afeacbbae491397',11,'Data Source [Processes]','','task_item_id'),(27,'5106a9bdddc0fa459a7da4867ecb9e3e',11,'Data Source [Threads]','','task_item_id'),(28,'7761849322e2853790244cbd6e809d9b',12,'Data Source [boost_peak_memory]','','task_item_id'),(29,'bb9d83a02261583bc1f92d9e66ea705d',13,'CPU Usage Data Source','','task_item_id'),(30,'51196222ed37b44236d9958116028980',13,'Legend Color','','color_id'),(31,'e9d4191277fdfd7d54171f153da57fb0',14,'Inbound Data Source','','task_item_id'),(32,'7b361722a11a03238ee8ab7ce44a1037',14,'Outbound Data Source','','task_item_id'),(33,'fa83cd3a3b4271b644cb6459ea8c35dc',15,'Discards In Data Source','','task_item_id'),(34,'7946e8ee1e38a65462b85e31a15e35e5',15,'Errors In Data Source','','task_item_id'),(35,'e5acdd5368137c408d56ecf55b0e077c',15,'Discards Out Data Source','','task_item_id'),(36,'a028e586e5fae667127c655fe0ac67f0',15,'Errors Out Data Source','','task_item_id'),(37,'00ae916640272f5aca54d73ae34c326b',16,'Unicast Packets Out Data Source','','task_item_id'),(38,'1bc1652f82488ebfb7242c65d2ffa9c7',16,'Unicast Packets In Data Source','','task_item_id'),(39,'e3177d0e56278de320db203f32fb803d',17,'Non-Unicast Packets In Data Source','','task_item_id'),(40,'4f20fba2839764707f1c3373648c5fef',17,'Non-Unicast Packets Out Data Source','','task_item_id'),(41,'2764a4f142ba9fd95872106a1b43541e',18,'Inbound Data Source','','task_item_id'),(42,'f73f7ddc1f4349356908122093dbfca2',18,'Outbound Data Source','','task_item_id'),(43,'562726cccdb67d5c6941e9e826ef4ef5',19,'Inbound Data Source','','task_item_id'),(44,'82426afec226f8189c8928e7f083f80f',19,'Outbound Data Source','','task_item_id'),(45,'69a23877302e7d142f254b208c58b596',20,'Inbound Data Source','','task_item_id'),(46,'f28013abf8e5813870df0f4111a5e695',20,'Outbound Data Source','','task_item_id'),(47,'8644b933b6a09dde6c32ff24655eeb9a',21,'Outbound Data Source','','task_item_id'),(48,'49c4b4800f3e638a6f6bb681919aea80',21,'Inbound Data Source','','task_item_id'),(49,'a719ccb4d6b334a00f9ff9bb7ca00df7',22,'Data Source [avail]','','task_item_id'),(50,'53899068da877a0e507061c4cb4d1fc9',22,'Data Source [runtime]','','task_item_id'),(51,'dc198dbbfb6ae0b278ee1fc4369a8d63',23,'Data Source [inuse]','','task_item_id'),(52,'4373994f6aa7bf148ab5b5c827b1027d',23,'Data Source [maxavail]','','task_item_id'),(53,'b1dfdc720c99186aea1e25a9c6434b1c',23,'Data Source [queued]','','task_item_id'),(54,'695620274d4e1429c74ac55548797d6b',23,'Data Source [reserved]','','task_item_id'),(55,'0b1f5d88a151d5bcdfa64a0e5838102f',24,'Data Source [denied]','','task_item_id'),(56,'1e1f59538bc6019de9c0e3377f8cbcf0',24,'Data Source [queued]','','task_item_id'),(57,'39932b58d5dd38baae53bda60c6e1ec6',24,'Data Source [inuse]','','task_item_id'),(58,'22735fb0fe460a2590e3fd95b773af8b',24,'Data Source [maxavail]','','task_item_id'),(59,'34b180c86da06f1a684f7f611a9b0881',25,'Data Source [denied]','','task_item_id'),(60,'41af26f74151fad82813b9e0944ea873',25,'Data Source [queued]','','task_item_id'),(61,'a6aebc4b3a3216767be7e231752989ed',25,'Data Source [inuse]','','task_item_id'),(62,'413f9892019bb81815140b709d6d7eea',25,'Data Source [maxavail]','','task_item_id'),(63,'846aaf8c2a45030e22a9615ed5245429',26,'Data Source [inuse]','','task_item_id'),(64,'b75605ec6a3d843c982306f00ed5c302',26,'Data Source [queued]','','task_item_id'),(65,'ee1a514afd281fe5c3bf10dd5de0a255',26,'Data Source [denied]','','task_item_id'),(66,'c76c3227001c8cdf4673f938c070d082',26,'Data Source [maxavail]','','task_item_id'),(67,'19ae4ff617bbb66e574987b36a61f3d2',27,'Data Source [denied]','','task_item_id'),(68,'f1556ec44123f948e8eac691ecd62619',27,'Data Source [queued]','','task_item_id'),(69,'a96c7233a20ba30627d158fb3adebac6',27,'Data Source [inuse]','','task_item_id'),(70,'e30d36fca989c73f7c91c09871c18607',27,'Data Source [maxavail]','','task_item_id'),(71,'2eb78ac81051c7ed3ba02f1a1ececc93',28,'Data Source [avgTime]','','task_item_id'),(72,'4ad81b9b139e9de2352da1fd6a90dee7',28,'Data Source [curTime]','','task_item_id'),(73,'7f59e475d3cf6d9bdf1c115c8bd05a92',28,'Data Source [maxTime]','','task_item_id'),(74,'00aa36c0d8aabfebcdc6881cb55b296a',29,'Data Source [inuse]','','task_item_id'),(75,'ec17e13d63845883497eb275b57488e8',29,'Data Source [maxavail]','','task_item_id'),(76,'3fd38f9d8210636f60378399b7311d13',29,'Data Source [queued]','','task_item_id'),(77,'6e7941c3d3b9e7100037ae660fa51655',29,'Data Source [reserved]','','task_item_id'),(78,'4d52e112a836d4c9d451f56602682606',30,'System CPU Data Source','','task_item_id'),(79,'f0310b066cc919d2f898b8d1ebf3b518',30,'User CPU Data Source','','task_item_id'),(80,'d9eb6b9eb3d7dd44fd14fdefb4096b54',30,'Nice CPU Data Source','','task_item_id'),(81,'d7cdb63500c576e0f9f354de42c6cf3a',31,'1 Minute Data Source','','task_item_id'),(82,'a23152f5ec02e7762ca27608c0d89f6c',31,'5 Minute Data Source','','task_item_id'),(83,'2cc5d1818da577fba15115aa18f64d85',31,'15 Minute Data Source','','task_item_id'),(84,'f45def7cad112b450667aa67262258cb',32,'Memory Free Data Source','','task_item_id'),(85,'f8c361a8c8b7ad80e8be03ba7ea5d0d6',32,'Memory Buffers Data Source','','task_item_id'),(86,'e0b395be8db4f7b938d16df7ae70065f',32,'Cache Memory Data Source','','task_item_id'),(87,'b3a73f5b107b918fe173b97bae8a2477',33,'Data Source [res_jobs]','','task_item_id'),(88,'ba99b21772fb8f17b6b56e0a6f427ca6',33,'Data Source [usr_susp_jobs]','','task_item_id'),(89,'9e2a72cd085afe21c8962a5fdbd1900d',33,'Data Source [sys_susp_jobs]','','task_item_id'),(90,'d4d3c97f2133418ef141c93f7de0c9bf',33,'Data Source [run_jobs]','','task_item_id'),(91,'0f5c97e8f79d6fc1d0c7e7dcb2ee3b81',33,'Data Source [max_jobs]','','task_item_id'),(92,'8bb61c562260683917acd8a627e224e2',34,'Data Source [r15m]','','task_item_id'),(93,'e96078fe7e9d4dfe13d2035193f08cc7',34,'Data Source [r1m]','','task_item_id'),(94,'4d6d9cc547baf03251a40ba4a8e1ce76',34,'Data Source [r15s]','','task_item_id'),(95,'c0352cf5c7eb17ef38114f2d711361d1',35,'Data Source [pg]','','task_item_id'),(96,'6266935e16bf08522cf2963e7e2db600',35,'Data Source [io]','','task_item_id'),(97,'125975d420d4e7da5da9c196cbc9ff3b',36,'Data Source [swp]','','task_item_id'),(98,'65275d83b51e6c4d51a5011192512640',36,'Data Source [mem]','','task_item_id'),(99,'7dbbb7ee75f1d390b291ad70560d97d0',37,'Data Source [ut]','','task_item_id'),(100,'d22a2a8cfcdb6b1ae54e00bbcc29c5e8',38,'Data Source [mem]','','task_item_id'),(101,'6178396fb4aa74815513cb3fb8d4aaef',38,'Data Source [swp]','','task_item_id'),(102,'7b64e0036a4c6d295c161c02792852bb',38,'Data Source [res]','','task_item_id'),(103,'b33eb27833614056e06ee5952c3e0724',39,'Available Disk Space Data Source','','task_item_id'),(104,'ef8799e63ee00e8904bcc4228015784a',39,'Used Disk Space Data Source','','task_item_id'),(105,'055f11b5cb7fc63407ae6435c371271b',40,'Data Source [done]','','task_item_id'),(106,'e402a7ae5559a297e2f4830603c64da0',40,'Data Source [exited]','','task_item_id'),(107,'0e494bd4dd30b92a3f18f0ff09030ab0',40,'Data Source [started]','','task_item_id'),(108,'421e5d3a64724b9f3372150aae333840',41,'Data Source [pending]','','task_item_id'),(109,'7269d28dcca6e4b6ed03e5b4d59f8f39',42,'Data Source [efficiency]','','task_item_id'),(110,'3b2c6cd821f1ab416e3a33601622c4d3',43,'Data Source [capacity]','','task_item_id'),(111,'c33eca2300d9f8a69ea4ee0bccb23018',43,'Data Source [load]','','task_item_id'),(112,'1e07cb4dc00a86c43c2addd7616e26bc',44,'Data Source [Runtime]','','task_item_id'),(113,'c839f9b10421f550b5c4e639f6b8afb5',44,'Data Source [MBDtime]','','task_item_id'),(114,'b8e071f3aa8a63f673fe8a3c2f2a3a66',44,'Data Source [MBDppMax]','','task_item_id'),(115,'592238ea9e9b6bf14fe27612a8c0f1c4',44,'Data Source [Pending]','','task_item_id'),(116,'1b87e8b4cb4cfb2e68e47399ac6df26e',44,'Data Source [Running]','','task_item_id'),(117,'caa435231c33b00518c6965151f8d545',44,'Data Source [Done]','','task_item_id'),(118,'f6d1944adf721505e256e28db3a325b2',45,'Data Source [lim]','','task_item_id'),(119,'dfa91371672deed8038a535aa64bcbee',45,'Data Source [lsb]','','task_item_id'),(120,'213fab2094866628dc5783a7f0cfde1b',46,'Data Source [numStaticClients]','','task_item_id'),(121,'ed802074facf3b97daaf45bbbf988cba',46,'Data Source [numFloatClients]','','task_item_id'),(122,'cc3281ab24e3912d089c94106984cc5e',47,'Data Source [lsload_runtime]','','task_item_id'),(123,'faefb73849c481b8a69a72f67ed3616a',48,'Data Source [lshosts_runtime]','','task_item_id'),(124,'c610b5b0061cbc2ce25636eaf0e92771',48,'Data Source [bhosts_runtime]','','task_item_id'),(125,'a187e147c70d7f1c868b3f3f049c239d',49,'Data Source [busers_runtime]','','task_item_id'),(126,'862f97f8254b45a599779bc7c2d5961b',49,'Data Source [busergroups_runtime]','','task_item_id'),(127,'1923936549c8bb2318301304aba8bcbb',50,'Data Source [bqueues_runtime]','','task_item_id'),(128,'8d3bd520bcc0246639eb85914aa1b1c1',51,'Data Source [bparams_runtime]','','task_item_id'),(129,'d4ce38650d42753f1f687d12b03e7c38',52,'Data Source [bhostgroups_runtime]','','task_item_id'),(130,'2050527c050e789a35081022a3335ca5',53,'Data Source [barray_runtime]','','task_item_id'),(131,'5250c58dd402646dde503d20ae93fc4e',54,'Data Source [avgpend]','','task_item_id'),(132,'7fb1e117b654028667d80922511e6d2a',54,'Data Source [maxpend]','','task_item_id'),(133,'7557807598537008ea571e478cb31b06',55,'Data Source [ended]','','task_item_id'),(134,'9410179ffa95381176ef91d24aeca636',55,'Data Source [exited]','','task_item_id'),(135,'d0f5a453c5e8f6c77d886b49b4ee2255',55,'Data Source [pending]','','task_item_id'),(136,'b79d89b2e901f10c36d32bf77a81066a',55,'Data Source [running]','','task_item_id'),(137,'78b4b449bae6d0a47341b5329c204dc1',55,'Data Source [started]','','task_item_id'),(138,'dbdb7be366884bebf77062d74b298345',55,'Data Source [suspended]','','task_item_id'),(139,'8d869e6337e6e18bea1578ef643e0f63',55,'Data Source [submitted]','','task_item_id'),(140,'84a784903efcf0a0b26bd31d891b7802',56,'Data Source [avgdisp]','','task_item_id'),(141,'e420a81d58f43491a5648f9ea1619476',56,'Data Source [maxdisp]','','task_item_id'),(142,'65813c14b71504c9f3c73d3aad6d900d',57,'Data Source [users]','','task_item_id'),(143,'704a5c7cf5fe14bab6d95280e258424f',58,'Data Source [hdone]','','task_item_id'),(144,'a001d7ad5d9313340bade863de98124f',58,'Data Source [hexit]','','task_item_id'),(145,'339ec4e63d213b8091a9c06c4984269e',58,'Data Source [hstart]','','task_item_id'),(146,'30f8afed2d55943a76edc9b847af160b',59,'Data Source [numslots]','','task_item_id'),(147,'9a1cc5ffa86700d053b8a60c1d3be4f0',59,'Data Source [dedicatedSlots]','','task_item_id'),(148,'0a75b1b643c9db692b5704dbca91e120',59,'Data Source [openSharedSlots]','','task_item_id'),(149,'920c18eb38a658470b5a31295b9f633e',59,'Data Source [openDedicatedSlots]','','task_item_id'),(150,'3e0770a980e9a7167da60644878be110',59,'Data Source [sharedSlots]','','task_item_id'),(151,'9d2449b4eb3f1111c8cdfce770df1534',59,'Data Source [openSharedSlots]','','task_item_id'),(152,'2dce51d69ff06d73c82c43a0701586f5',60,'Data Source [pending]','','task_item_id'),(153,'dc29a720a04ca5afc51230443c0c2d10',61,'Data Source [running]','','task_item_id'),(154,'c4814f5b84bf41c48215bfcacc7047ed',62,'Data Source [slotUtil]','','task_item_id'),(155,'b103d9b2cbca01c7957ff07b8961b730',62,'Data Source [memSlotUtil]','','task_item_id'),(156,'64682912b4381e593dff3c36f17acb4b',62,'Data Source [cpuUtil]','','task_item_id'),(157,'17ff090593aa74c0d87b4b831340a700',63,'Data Source [pending]','','task_item_id'),(158,'28cd0fb497386c2af25015c14baf8363',63,'Data Source [running]','','task_item_id'),(159,'9b9aba91aeac3d3e6d0777d6e1bcb3ef',64,'Data Source [ut]','','task_item_id'),(160,'bf33bb361b85d7c434fbfe9a3c8eb2bb',65,'Data Source [io]','','task_item_id'),(161,'4a705941b6c093a38005af4bca9e4e4a',65,'Data Source [pg]','','task_item_id'),(162,'366e87936a34979a7f6d2672e09d86b8',66,'Data Source [capacity]','','task_item_id'),(163,'a2b8aae9f4682e6bea4802ee7f7941b7',66,'Data Source [load]','','task_item_id'),(164,'db13871540869c03d91299ed8bba5565',67,'Data Source [ok_slots]','','task_item_id'),(165,'5d4d0dc85174e6488cfa6b9deb662fbd',67,'Data Source [total_jobs]','','task_item_id'),(166,'6c53f5433da936315a2a2117d9b16cfb',68,'Data Source [numDONE]','','task_item_id'),(167,'441f72aab98fa18930f9db7bfa9ad8c3',68,'Data Source [numEXITED]','','task_item_id'),(168,'6305c77b886d18a4fb7da2de0954a973',69,'Data Source [numPEND]','','task_item_id'),(169,'6f9d3f484ae5a27c7e49f6b9f36fcf5c',70,'Data Source [numRUN]','','task_item_id'),(170,'c22ee0cad3e99a583dfd7983d8d8ae7f',71,'Data Source [mem]','','task_item_id'),(171,'737923848ed4c83978692516d3d4f4c2',71,'Data Source [swp]','','task_item_id'),(172,'eaa545f61061ae96247cda5936f9ad4c',71,'Data Source [maxmem]','','task_item_id'),(173,'c5edec42a747fcd297f9294db64ddbc1',72,'Data Source [avg_mem]','','task_item_id'),(174,'1aef98c9823087402eabecd7a0d6b2dd',72,'Data Source [max_mem]','','task_item_id'),(175,'562493b184a7edcdcdf7bde48f3da1cb',73,'Data Source [ok_slots]','','task_item_id'),(176,'438d05adb55480a7c1dfc64b7762ab17',73,'Data Source [closed_slots]','','task_item_id'),(177,'d9bfbbe7133f5c26b3dc3e19942f2624',73,'Data Source [out_slots]','','task_item_id'),(178,'af0550b73d83d4ab0ca1a2c6a743bc4a',73,'Data Source [total_slots]','','task_item_id'),(179,'32dc6baf55cf2eeb4da6d68ea98e2ec3',74,'Data Source [numPEND]','','task_item_id'),(180,'f1eace4f9ebabf8511482b06ed6d9255',74,'Data Source [numRUN]','','task_item_id'),(181,'8728742393789c6ab36a49dd33dd54fa',74,'Data Source [numRESERVE]','','task_item_id'),(182,'f07b1bae63e788c549562ec640d64680',74,'Data Source [numSSUSP]','','task_item_id'),(183,'405c7a9744eab6d554a4d4b78a28fc0c',74,'Data Source [numUSUSP]','','task_item_id'),(184,'64b0194972a523939d949a9c16d6f8d9',75,'Data Source [avg_mem]','','task_item_id'),(185,'e3b7fd27fad8aa9de03bae3e6640ae88',75,'Data Source [max_mem]','','task_item_id'),(186,'25d47e5bd79da3951c2e65c4802b0ad5',76,'Data Source [efficiency]','','task_item_id'),(187,'b7aa1ed3e655ab76613b36d8dd995c01',77,'Data Source [total_cpu]','','task_item_id'),(188,'9a3bb949da43dd617081e11305925ea8',78,'Data Source [numPEND]','','task_item_id'),(189,'67906bb1984f8b2af345301e6d701b13',78,'Data Source [numDONE]','','task_item_id'),(190,'36a6a10ef675a69a01ae20c336ec7ad8',78,'Data Source [numEXIT]','','task_item_id'),(191,'b6be83921cf825c6d4682866fb272a15',78,'Data Source [numSTARTED]','','task_item_id'),(192,'1bf1e54061e978faaffdc9db8032d635',78,'Data Source [numRUN]','','task_item_id'),(193,'1b78ad3436fe47f5538261bf5f056cc8',79,'Data Source [totalValue]','','task_item_id'),(194,'fc29552f3668815443087776f9154d69',79,'Data Source [reserveValue]','','task_item_id'),(195,'a427d5f4488528b40fda597972b1bb02',79,'Data Source [maxValue]','','task_item_id'),(196,'1c1355b4bf834774699b70468e8c851e',80,'Data Source [efficiency]','','task_item_id'),(197,'b0939122799b0547bdca6591b2e715d6',81,'Data Source [total_cpu]','','task_item_id'),(198,'14dd205bf674bf57263692f98d02d138',82,'Data Source [max_mem]','','task_item_id'),(199,'0e71b688e2a238128fdc554fd8ec2963',82,'Data Source [avg_mem]','','task_item_id'),(200,'d96f312b529b44b2f8dcef43f2649a73',83,'Data Source [avg_swap]','','task_item_id'),(201,'cc6bb4f41d378af4392a15de2b9bf544',83,'Data Source [max_swap]','','task_item_id'),(202,'ab30dde1a7222d6027a2138b34e2b178',84,'Data Source [numPEND]','','task_item_id'),(203,'35ee3faa636ca7e1869c9c6386586bb3',85,'Data Source [numRUN]','','task_item_id'),(204,'ca9a5aabe074973ccd51ee4b494c221a',86,'Data Source [pendJOBS]','','task_item_id'),(205,'50963e777ae6c1e740670b45813c044b',87,'Data Source [runJOBS]','','task_item_id'),(206,'ac88def9c1cbe70dc9bce5089eacf44f',88,'Data Source [efficiency]','','task_item_id'),(207,'e88ebc1bf46b5415ed3bfbe47562415a',89,'Data Source [avg_mem]','','task_item_id'),(208,'d6a7a8724a344c74aee1c5504ec0ccb3',89,'Data Source [max_mem]','','task_item_id'),(209,'16c421c8c3949db0f49e82ec0dd6fae8',90,'Data Source [numPEND]','','task_item_id'),(210,'dbe89ca18c1107d805d9c2ef2f90886b',91,'Data Source [numRUN]','','task_item_id'),(211,'75a45effce66ed1609640a2a4bea81a0',92,'Data Source [total_cpu]','','task_item_id'),(212,'96259dbee9f7e3c56e2fccca5dce2e83',93,'Data Source [avg_swap]','','task_item_id'),(213,'ae7de636484de3aaa11483630aef41e0',93,'Data Source [max_swap]','','task_item_id'),(214,'1a7a69d0b32d329ec4f8f17f8c6d33da',94,'Data Source [efficiency]','','task_item_id'),(215,'7cf1363f1d4207a2fbb21720564da6f6',95,'Data Source [max_mem]','','task_item_id'),(216,'fd49935e15965fbf0a716c0752fbeb5f',95,'Data Source [avg_mem]','','task_item_id'),(217,'8b7dfb09ea1309bd00ce2ae16db5b866',96,'Data Source [numPEND]','','task_item_id'),(218,'f4adb15a74fa52cd1e17e02da8522b1f',97,'Data Source [numRUN]','','task_item_id'),(219,'afb4acaba49837b2563f09038dfbf56a',98,'Data Source [total_cpu]','','task_item_id'),(220,'208eaf916a3c76fdaf05fc4b16018fd1',99,'Data Source [avg_swap]','','task_item_id'),(221,'c5fa2487a03cae4255e770e808fac447',99,'Data Source [max_swap]','','task_item_id'),(222,'ee3464444049183e9ee558250a1016e9',100,'Data Source [numRUN]','','task_item_id'),(223,'3b8356644178c13c2a640225780cbe41',101,'Data Source [efficiency]','','task_item_id'),(224,'eda89e0ea012d35ae168aa4d4d1623bb',102,'Data Source [max_mem]','','task_item_id'),(225,'7477b087d55a0a4458413b02fc56859f',102,'Data Source [avg_mem]','','task_item_id'),(226,'e9028dbd193b80e24e0656c85b7acb63',103,'Data Source [numPEND]','','task_item_id'),(227,'98cc956f51c1f3893c324250c2f9937a',104,'Data Source [total_cpu]','','task_item_id'),(228,'2b6300bedd58e2ce6bb1e0e531271308',105,'Data Source [avg_swap]','','task_item_id'),(229,'6cf9318ac4bf8ca5e40877049c740076',105,'Data Source [max_swap]','','task_item_id'),(230,'3c55a83262e7b10d5a1700ca08aa07ac',106,'Data Source [guar_config]','','task_item_id'),(231,'cb2993ec208886782c5b15202ce7e96c',106,'Data Source [guar_used]','','task_item_id'),(232,'57b537cbfbcb50df3783e768f6cc7b1e',106,'Data Source [total_used]','','task_item_id'),(233,'328a91784d35c8cef70a68c260a83b0b',106,'Data Source [pending]','','task_item_id'),(234,'da58e4d9536ff6066b933e6bb1837228',106,'Data Source [running]','','task_item_id'),(235,'3182c76d219f25c1a23572322ad0cbae',107,'Data Source [free_res]','','task_item_id'),(236,'b904f90ffdbaee1a2cf1c1782a0b5444',107,'Data Source [guar_config]','','task_item_id'),(237,'21b81053812c363e578d08dfcd13877c',107,'Data Source [total_res]','','task_item_id'),(238,'269ab55a1f143890c416caad1d1356bc',107,'Data Source [guar_used]','','task_item_id'),(239,'4f42d919a532df544b74588d621b6ced',107,'Data Source [pending]','','task_item_id'),(240,'1b1cf63e948478bef5308d9a7588062f',107,'Data Source [running]','','task_item_id'),(241,'49927bb62f743d7429e55b5dd2a082f2',108,'Data Source [pjob_bsubTime]','','task_item_id'),(242,'6c5ebd25711a15a57a88458214a22f76',108,'Data Source [pjob_doneTime]','','task_item_id'),(243,'d4bfd470888089efae901bcc33365bfb',108,'Data Source [pjob_seenTime]','','task_item_id'),(244,'f8fe28ac8d728089e1d6afb0948271bb',108,'Data Source [pjob_startTime]','','task_item_id'),(245,'fdcad18f37814f8fdeb8da6d0bde1a49',108,'Data Source [pjob_runTime]','','task_item_id'),(246,'f095cee99026bb26e50c35a8d78ba731',108,'Data Source [pjob_seenDoneTime]','','task_item_id'),(247,'17a39c3e67dfbc43c44459f5ffeeb2fb',109,'Data Source [priority]','','task_item_id'),(248,'400f12a8cc5d3efa39d8e10b855279e3',110,'Data Source [started]','','task_item_id'),(249,'f97fec5490edc655935d9e0a16a484e3',111,'Data Source [share]','','task_item_id'),(250,'71cbc83180b53df44126f9f754089135',112,'Data Source [run_time]','','task_item_id'),(251,'27d4fabe11695c8358f6aa7f23a92254',112,'Data Source [cpu_time]','','task_item_id'),(252,'7109a4f43e95366ea9130fd3c7241064',113,'Data Source [run_jobs]','','task_item_id'),(253,'44c4c6fee373feb12b3a2e0a80243eee',114,'Data Source [run_slots]','','task_item_id'),(254,'3010773e8683624f33f6743e69c3c2f5',115,'Data Source [pend_jobs]','','task_item_id'),(255,'995e212536bca97f2131c072e3a5360a',116,'Data Source [pend_slots]','','task_item_id'),(256,'2662ef4fbb0bf92317ffd42c7515af37',117,'Signal Level Data Source','','task_item_id'),(257,'a6edef6624c796d3a6055305e2e3d4bf',117,'Noise Level Data Source','','task_item_id'),(258,'b0e902db1875e392a9d7d69bfbb13515',117,'Signal Level Color','','color_id'),(259,'24632b1d4a561e937225d0a5fbe65e41',117,'Noise Level Color','','color_id'),(260,'6d078f1d58b70ad154a89eb80fe6ab75',118,'Transmissions Data Source','','task_item_id'),(261,'878241872dd81c68d78e6ff94871d97d',118,'Re-Transmissions Data Source','','task_item_id'),(262,'f8fcdc3a3f0e8ead33bd9751895a3462',118,'Transmissions Color','','color_id'),(263,'394ab4713a34198dddb5175aa40a2b4a',118,'Re-Transmissions Color','','color_id'),(264,'37d09fb7ce88ecec914728bdb20027f3',119,'Logged in Users Data Source','','task_item_id'),(265,'699bd7eff7ba0c3520db3692103a053d',119,'Legend Color','','color_id'),(266,'df905e159d13a5abed8a8a7710468831',120,'Processes Data Source','','task_item_id'),(267,'8ca9e3c65c080dbf74a59338d64b0c14',120,'Legend Color','','color_id'),(268,'41f360e2e5c7038bd6502495fc42064e',121,'Data Source [ssCpuIdle]','','task_item_id'),(269,'059853124cd1649493af05c24594bc8d',121,'Data Source [ssCpuUser]','','task_item_id'),(270,'e280d373dd8d0aecd1b26781ed7a5977',121,'Data Source [ssCpuSystem]','','task_item_id'),(271,'e147ef9f5bc72229fe46508904d1e820',122,'Data Source [ssSysInterrupts]','','task_item_id'),(272,'d57f74ec1b11fc2037d197417c7f187d',123,'Data Source [ssSysContext]','','task_item_id'),(273,'86bd8819d830a81d64267761e1fd8ec4',124,'Total Disk Space Data Source','','task_item_id'),(274,'6c8967850102202de166951e4411d426',124,'Used Disk Space Data Source','','task_item_id'),(275,'bdad718851a52b82eca0a310b0238450',125,'CPU Utilization Data Source','','task_item_id'),(276,'e7b578e12eb8a82627557b955fd6ebd4',125,'Legend Color','','color_id'),(277,'03d11dce695963be30bd744bd6cbac69',126,'Cache Hits Data Source','','task_item_id'),(278,'9cbc515234779af4bf6cdf71a81c556a',126,'Cache Checks Data Source','','task_item_id'),(279,'6e1cf7addc0cc419aa903552e3eedbea',127,'File System Reads Data Source','','task_item_id'),(280,'7ea2aa0656f7064d25a36135dd0e9082',127,'File System Writes Data Source','','task_item_id'),(281,'63480bca78a38435f24a5b5d5ed050d7',128,'Current Logins Data Source','','task_item_id'),(282,'69ad68fc53af03565aef501ed5f04744',129,'Open Files Data Source','','task_item_id'),(283,'fd26b0f437b75715d6dff983e7efa710',130,'Free Space Data Source','','task_item_id'),(284,'a463dd46862605c90ea60ccad74188db',130,'Total Space Data Source','','task_item_id'),(285,'9977dd7a41bcf0f0c02872b442c7492e',130,'Freeable Space Data Source','','task_item_id'),(286,'a7a69bbdf6890d6e6eaa7de16e815ec6',131,'Used Directory Entries Data Source','','task_item_id'),(287,'0072b613a33f1fae5ce3e5903dec8fdb',131,'Available Directory Entries Data Source','','task_item_id'),(288,'2c4d561ee8132a8dda6de1104336a6ec',132,'CPU Utilization Data Source','','task_item_id'),(289,'31fed1f9e139d4897d0460b10fb7be94',132,'Legend Color','','color_id'),(290,'ded080c756c376b6cccde7fad9b3a48a',133,'Data Source [Com_delete]','','task_item_id'),(291,'0650bdd6d5b1a4d08596ca41f0aed8cd',133,'Data Source [Com_insert]','','task_item_id'),(292,'8237927036ae4202af7e06fe31a3bfdc',133,'Data Source [Com_insert_select]','','task_item_id'),(293,'980a501882ec9beb284482db36059da0',133,'Data Source [Com_truncate]','','task_item_id'),(294,'50814938676f05978017e9c6bd83c849',133,'Data Source [Com_update]','','task_item_id'),(295,'cafaf3c2206b589c4590956ec1747fb6',133,'Data Source [Com_update_multi]','','task_item_id'),(296,'53e8a0be1adc05f9a4c83cc9c06f43e6',134,'Data Source [Handler_delete]','','task_item_id'),(297,'d8f73cab05ddc66800806c9dd0e79dd8',134,'Data Source [Handler_commit]','','task_item_id'),(298,'71dea44b0b209e126b25bb20c93321bb',134,'Data Source [Handler_discover]','','task_item_id'),(299,'2935dfe4f2f91d85515497e6f9a31ad1',134,'Data Source [Handler_rollback]','','task_item_id'),(300,'2d55859882858a513315412bee96faa4',134,'Data Source [Handler_update]','','task_item_id'),(301,'2c6de7e5ae52330d5042c662e2ec0181',134,'Data Source [Handler_write]','','task_item_id'),(302,'4c9ae78d82ef777863b2e496591b0037',135,'Data Source [Com_select]','','task_item_id'),(303,'3e1f6534e3fd620d99502f140668a6bb',135,'Data Source [Selectfullrangejoin]','','task_item_id'),(304,'41f898006f57b731edcbdb0ab374faec',135,'Data Source [Select_full_join]','','task_item_id'),(305,'99600e6d24defa5ef0c93d5201f79c40',135,'Data Source [Select_range]','','task_item_id'),(306,'a403f1823869e7364210c3cbfe18b5cd',135,'Data Source [Select_range_check]','','task_item_id'),(307,'bb0f22a18bf4e495b822027b083266ea',135,'Data Source [Select_scan]','','task_item_id'),(308,'7f82e59b806ac0101937e540e6b858ff',136,'Data Source [Handler_read_first]','','task_item_id'),(309,'4c1f70f33b1c14d834fef29b4277027d',136,'Data Source [Handler_read_key]','','task_item_id'),(310,'4191ac3e2dd80e8959f5f3e940602020',136,'Data Source [Handler_read_next]','','task_item_id'),(311,'6590ba75ff49cea1ff220ff2628ddbfb',136,'Data Source [Handler_read_prev]','','task_item_id'),(312,'62033a456893f88e98719af3c7a5a067',136,'Data Source [Handler_read_rnd]','','task_item_id'),(313,'3a33bed728030e25148261ca38dd227c',136,'Data Source [Handler_read_rnd_ne]','','task_item_id'),(314,'4cc6e9f4b847f8a675c73fdd76415a71',137,'Data Source [Key_reads]','','task_item_id'),(315,'2cf787999ceb863e6b495dd2325feef3',137,'Data Source [Key_read_requests]','','task_item_id'),(316,'36399150ac8beded296ad5b0817a5121',137,'Data Source [Key_writes]','','task_item_id'),(317,'fd5f4fca16ba531eabc4c57b80653d82',137,'Data Source [Key_write_requests]','','task_item_id'),(318,'8150629987908ee954d1ea56c63461c0',138,'Data Source [Qcachelowmemprunes]','','task_item_id'),(319,'77ba062088d5b4717bf0748401764e53',138,'Data Source [Qcachequeriesincach]','','task_item_id'),(320,'80fba21c03e2af3b5881d52a89cb9764',138,'Data Source [Qcache_free_blocks]','','task_item_id'),(321,'56bdb50bf4cf16cc135e2cad08661070',138,'Data Source [Qcache_free_memory]','','task_item_id'),(322,'1f8c057b618c85482ec9a12d97857b63',138,'Data Source [Qcache_hits]','','task_item_id'),(323,'bf2dbc830297f3d2997ae324f5385330',138,'Data Source [Qcache_inserts]','','task_item_id'),(324,'172303f4773e2016c5abfc2285bceefa',138,'Data Source [Qcache_not_cached]','','task_item_id'),(325,'e7eb92acd7b24648d70beb88fad87ac5',138,'Data Source [Qcache_total_blocks]','','task_item_id'),(326,'f62687a62b9c4396384a84399bc8423b',139,'Data Source [Connections]','','task_item_id'),(327,'dd277923ae227a56fbc146c69b2c5154',139,'Data Source [Bytes_received]','','task_item_id'),(328,'f07b0059b0db01ce570c7c872729595f',139,'Data Source [Bytes_sent]','','task_item_id'),(329,'7c1a02140049d2a50f04301a09baa202',139,'Data Source [Max_used_connection]','','task_item_id'),(330,'0dcdde3dfdee080fad26eda45fd08d72',139,'Data Source [Questions]','','task_item_id'),(331,'a19462d48521c4bb542915e22e3bdc21',140,'Data Source [Sort_merge_passes]','','task_item_id'),(332,'7c05be88d6414d9ba808874d5f087bcf',140,'Data Source [Sort_range]','','task_item_id'),(333,'8e2c366a781b4c2f4abf59b90ae3bf3f',140,'Data Source [Sort_rows]','','task_item_id'),(334,'810c6c8a5ad6ba4773ec5fe114536723',140,'Data Source [Sort_scan]','','task_item_id'),(335,'5e2aa76b9abc8c990c40765a3b54e689',141,'Data Source [Slow_launch_threads]','','task_item_id'),(336,'28e9e98d58e1833fdd7278ba6dcae35a',141,'Data Source [Slow_queries]','','task_item_id'),(337,'bdaf814432289ad7efe1f4225d492985',141,'Data Source [Table_locks_immedia]','','task_item_id'),(338,'b09a43fa6f1c21dadcd7f21c4cd01e73',141,'Data Source [Table_locks_waited]','','task_item_id'),(339,'5507ff5a13fb803bdca1277f1d4a30d3',142,'Data Source [Createdtmpdisktable]','','task_item_id'),(340,'fe6f24cd726cdda49c0b490f96c19e5e',142,'Data Source [Created_tmp_files]','','task_item_id'),(341,'c247881101220c4de60ac2399ac40810',142,'Data Source [Created_tmp_tables]','','task_item_id'),(342,'5e72934bbe1964f7f055685314afcb0e',143,'Data Source [Aborted_clients]','','task_item_id'),(343,'0c9891388be369952f8854425ee1d39b',143,'Data Source [Aborted_connects]','','task_item_id'),(344,'b64a64cb55b48fc7b81f5dfa4a754e02',143,'Data Source [Threads_cached]','','task_item_id'),(345,'6b6acc790b0533298a4398c711576728',143,'Data Source [Threads_connected]','','task_item_id'),(346,'0e491a5ceba0eebb12aca2a5f0ace52d',143,'Data Source [Threads_created]','','task_item_id'),(347,'8fc4354d7380c2aa4f01125cfc3bab09',143,'Data Source [Threads_running]','','task_item_id'),(348,'d7b3e6cf77eb608465a06b2dbfc6c198',144,'System CPU Data Source','','task_item_id'),(349,'581d76ea7811ccf807ca165f9ccb346a',144,'User CPU Data Source','','task_item_id'),(350,'c04a74a89ccd18413437d0762e570520',144,'Nice CPU Data Source','','task_item_id'),(351,'47125f191823931bb81121cdcb9d545e',145,'Data Source [change_db]','','task_item_id'),(352,'2466612e9b60a014b75e7d998a30813e',145,'Data Source [delete]','','task_item_id'),(353,'83723c779500d49833713bb23b56b0f3',145,'Data Source [insert]','','task_item_id'),(354,'5f41ca5092cded1da9a2f93bd767fc3d',145,'Data Source [select]','','task_item_id'),(355,'1086f288ef0a446cd8ea4dfd28900430',145,'Data Source [update]','','task_item_id'),(356,'26eec40f6c16c4e67e99ef84b584e102',146,'Data Source [read_next]','','task_item_id'),(357,'b80fd73c408b1fc7cf521c37f2bebb64',146,'Data Source [read_key]','','task_item_id'),(358,'d49e5eb50d554f8b628c21c483a0e38b',146,'Data Source [read_first]','','task_item_id'),(359,'9c8d7066da15a5c943a38ca2d3283b8c',146,'Data Source [read_prev]','','task_item_id'),(360,'0e4b29a6357703d75dfa1f98c07a9bc0',146,'Data Source [read_rnd]','','task_item_id'),(361,'0c9bd3a0e096c5b8df81d96d15185243',146,'Data Source [read_rnd_next]','','task_item_id'),(362,'a1fb995276b85cf42f3e218531d8f63c',146,'Data Source [delete]','','task_item_id'),(363,'82ed5b40a540457ba6fe7868925675c7',146,'Data Source [update]','','task_item_id'),(364,'8c2a459baa6c398875fb9fd0e3bf19ec',146,'Data Source [write]','','task_item_id'),(365,'5d3681dcdd2277578fc26cfcb4319cdf',147,'Data Source [loadavg_15]','','task_item_id'),(366,'c744b0d91604f89d5057e1fab3b6591b',147,'Data Source [loadavg_1]','','task_item_id'),(367,'65422f9d29558c55be9f442b00d44e61',147,'Data Source [loadavg_5]','','task_item_id'),(368,'2c36c17005a2ef00c855f4a92dc81502',148,'Data Source [rows_read]','','task_item_id'),(369,'a674542aaa92ff6a5c17732f7f5c8840',148,'Data Source [rows_deleted]','','task_item_id'),(370,'38f08bab58bc1f672d04b1b9aa5956e1',148,'Data Source [rows_inserted]','','task_item_id'),(371,'e67c13276784998536e738e9b721fbce',148,'Data Source [rows_updated]','','task_item_id'),(372,'5ce4672162dda3a2a2383324b7b5db50',149,'Data Source [database_pages]','','task_item_id'),(373,'1f8a0e7ee142ba6b6e51f26352800050',149,'Data Source [free_pages]','','task_item_id'),(374,'3ec14794fba13efef80c63839a33910b',149,'Data Source [modified_pages]','','task_item_id'),(375,'c1eb1bc2b23fa476e1653bca1211a4cf',149,'Data Source [pool_size]','','task_item_id'),(376,'7807e57c4df02d4c6b8a485661eaa2ea',149,'Data Source [hit_rate]','','task_item_id'),(377,'e25f8adf9524fd4275e7beac4c06c6c5',150,'Data Source [spin_rounds]','','task_item_id'),(378,'5b65c4c5aac1564f480f6a9cdf0d1c1b',150,'Data Source [os_waits]','','task_item_id'),(379,'881fbd5cf6204c9c77934c61d4fd88d9',150,'Data Source [spin_waits]','','task_item_id'),(380,'7d457c2ecac24384ac5b5c2bdf8c9378',151,'Data Source [insbuffer_merged]','','task_item_id'),(381,'8bd81ea86ae2169141660f487ef91b50',151,'Data Source [insbuffer_inserts]','','task_item_id'),(382,'2e3bfd4cb98058a4b0b40b16f7dc5fdf',151,'Data Source [insbuffer_merges]','','task_item_id'),(383,'f9414e98e9e9ce417634a4e80e050911',152,'Data Source [file_writes]','','task_item_id'),(384,'f8ea3968de2abe093fd7480e5d94491d',152,'Data Source [reads]','','task_item_id'),(385,'286267571bf27042ea7bc67d0df22b1d',152,'Data Source [log_writes]','','task_item_id'),(386,'41b3e28218e1ca93ba644b6c96e0162e',152,'Data Source [fsyncs]','','task_item_id'),(387,'fb24badbcb8bffe34ce2ef1a201fd89b',153,'Data Source [efficiency]','','task_item_id'),(388,'8d1e103b87e3103598e3db757dca4c46',154,'Data Source [max_mem]','','task_item_id'),(389,'da72086f154c1c17ab03043fe65f1f3b',154,'Data Source [avg_mem]','','task_item_id'),(390,'ca00a6125817db9f802ee718d920350e',155,'Data Source [numPEND]','','task_item_id'),(391,'5a0ed58148c9778719fa32da5f02e378',156,'Data Source [numRUN]','','task_item_id'),(392,'62ef19335cf2e2b21dd4cf9236176cce',157,'Data Source [total_cpu]','','task_item_id'),(393,'50348604afd777d7e4618477da6be3b3',158,'Data Source [avg_swap]','','task_item_id'),(394,'1c6dc3e981fb8987536d4c8ba8d19dd7',158,'Data Source [max_swap]','','task_item_id'),(395,'7583c79eb6b08586129cc59ea1ac4357',159,'Data Source [pendJOBS]','','task_item_id'),(396,'7f6477f50be55faa5e48bff3fdef9b35',160,'Data Source [runJOBS]','','task_item_id'),(397,'d9eb7e4ffcb413e69522c3898ae797d8',161,'Data Source [pendJobs]','','task_item_id'),(398,'2dca37011521501b9c2b705d080db750',162,'Data Source [snmp_oid]','','task_item_id'),(399,'b8d8ade5f5f3dd7b12f8cc56bbb4083e',162,'Legend Color','','color_id'),(400,'ac2355b4895c37e14df827f969f31c12',162,'Legend Text','','text_format'),(401,'433f328369f9569446ddc59555a63eb8',163,'Ping Host Data Source','','task_item_id'),(402,'a1a91c1514c65152d8cb73522ea9d4e6',163,'Legend Color','','color_id'),(403,'2fb4deb1448379b27ddc64e30e70dc42',163,'Legend Text','','text_format'),(404,'c2fd53f3eaabae1920e564e391505acb',164,'Data Source [accumuse]','','task_item_id'),(405,'fc8e26c4011ed85c58b449a4853b2c15',164,'Data Source [scaledaccum]','','task_item_id'),(406,'623067341f589a48cb38550540c273d3',165,'Data Source [inuse]','','task_item_id'),(407,'56ddec4e38bb2d8151263dd7596b73e1',165,'Data Source [reserve]','','task_item_id'),(408,'5bed73ec7783c219738292cdca6bd974',165,'Data Source [need]','','task_item_id'),(409,'bc3704de3d5b0e236cb4b3d711127fdf',165,'Data Source [free]','','task_item_id'),(410,'352fd84fb56e07a428214a5e4a5992ef',166,'Data Source [totalInUse]','','task_item_id'),(411,'272c363e290bb61cd133a6c5ecf63e73',166,'Data Source [totalReserve]','','task_item_id'),(412,'d0a224b231ca42bdc005288c49701280',166,'Data Source [totalOthers]','','task_item_id'),(413,'7fc11f907bd67c310d45d6111ae1327d',166,'Data Source [totalFree]','','task_item_id'),(414,'bf6f3779608e17dbdc4dca5b9acb1f6e',166,'Data Source [featAvail]','','task_item_id'),(415,'7b9e3d2d45b4b8df05ef6cebf891b750',166,'Data Source [totalNeed]','','task_item_id'),(416,'ff3d7c021af17cefac2aa55558d9cd99',166,'Data Source [featQueued]','','task_item_id'),(417,'72c0d8ce9b13e20f599327d40316f04c',167,'Data Source [total]','','task_item_id'),(418,'513debb42ad0515d83763e7acf0a0e8a',167,'Data Source [lsf_use]','','task_item_id'),(419,'00eea7868d45a38ad05b1b4939fd2c5f',167,'Data Source [lsf_free]','','task_item_id'),(420,'7219264987f3835d660a5061092895ee',167,'Data Source [non_lsf_use]','','task_item_id'),(421,'f909bebf0083f84d9bad25ab6003292f',168,'Data Source [free]','','task_item_id'),(422,'da47e3fed349a31deecb3283e88262b2',168,'Data Source [inuse]','','task_item_id'),(423,'357ea8ef71629700314d29c143991441',168,'Data Source [reserve]','','task_item_id'),(424,'4623ff1c589886d8fb7795747d706eb2',168,'Data Source [others]','','task_item_id'),(425,'4d62ccf8a9e5792a2d1d34faa20476bd',168,'Data Source [queued]','','task_item_id'),(426,'8c3b8188f75906c79f8d315b8ba8d1b8',169,'Data Source [own]','','task_item_id'),(427,'5ad96fcb68df344d6167683af83240ce',169,'Data Source [inUse]','','task_item_id'),(428,'da454d5e4c4488870f91707227334206',169,'Data Source [reserve]','','task_item_id'),(429,'1b495ca3cf3130af64adb3140078a615',169,'Data Source [free]','','task_item_id'),(430,'3911d389d6e0e0e3a7f36a3260eccd60',170,'Data Source [demand]','','task_item_id'),(431,'a55af88c7cec91af793b7de0ad678f95',171,'Data Source [share]','','task_item_id'),(432,'ad532934867a1083abd521043c0d3563',172,'Data Source [sum_total]','','task_item_id'),(433,'74450770586a325d02710fc03ef46580',172,'Data Source [sum_used]','','task_item_id'),(434,'0829c65c62ef345725c7cf93b883de80',172,'Data Source [proj_quota]','','task_item_id'),(435,'f6987eebc0cf62a4a3cd3fbab68e9265',172,'Data Source [proj_use]','','task_item_id'),(436,'ec7a18a1bd25ba4f1c959f5c9a820be0',172,'Data Source [proj_duse]','','task_item_id'),(437,'5e5cd66776470ce314d07e5882036f72',172,'Data Source [sum_queued]','','task_item_id'),(438,'147192c093e81e290593c7cb7902ae7a',173,'Data Source [inuse]','','task_item_id'),(439,'bad5e0c2b036b1ff1b14177e4fa8b5e7',173,'Data Source [reserve]','','task_item_id'),(440,'fb80b351052d0a9a00e1f8d14a4d55b1',173,'Data Source [demand]','','task_item_id'),(441,'fd2c121cf9ff1a5284186ca13aa5bcde',173,'Data Source [free]','','task_item_id'),(442,'4785e6d252e7303d6db530c3087a9d33',174,'Data Source [inuse]','','task_item_id'),(443,'7bc548acbce50941a400471864bb45fd',174,'Data Source [reserve]','','task_item_id'),(444,'49a653951e24a58a45b88cd4a218aa27',174,'Data Source [over]','','task_item_id'),(445,'43d555d7a5a31f155e8fa06efad85647',174,'Data Source [free]','','task_item_id'),(446,'955f3991dfa54e30e5b319289168ff05',174,'Data Source [peak]','','task_item_id'),(447,'c65b7d499e33bea2de4393aa2a308c6f',174,'Data Source [alloc]','','task_item_id'),(448,'b1a80f36f7c24627848e957a414fddec',174,'Data Source [share]','','task_item_id'),(449,'592779e4aad50080d5d6d92c81048f05',175,'Data Source [alloc]','','task_item_id'),(450,'0304b7716e3a62c69b0bb1786dd63718',175,'Data Source [demand]','','task_item_id'),(451,'8bfa30a5dae4e9fa0815b648a2b04177',175,'Data Source [share]','','task_item_id'),(452,'066c03d71671a50abe7b2a6de3abe125',176,'Data Source [size]','','task_item_id'),(453,'322f6c69b3194022d0623a0fa71c7884',177,'Data Source [files]','','task_item_id'),(454,'f678f337c5da5fe547e1cad8e1b2269e',178,'Data Source [size]','','task_item_id'),(455,'b2984aca0fcc377018b731bd6bcd2ca0',179,'Data Source [directories]','','task_item_id'),(456,'feaf3ae1b9b399299f79bf6ab6ca806f',179,'Data Source [files]','','task_item_id'),(457,'2a938a3118ea8240d7390ee15e65d1af',180,'Data Source [directories]','','task_item_id'),(458,'634990634ef8b135bc1ae9fa481a659e',180,'Data Source [files]','','task_item_id'),(459,'6eb3e3aa7e8903844c9c130bfd8cead9',181,'Data Source [size]','','task_item_id'),(460,'796efe03b7eecddacb34c10c52dd7b40',182,'Data Source [users]','','task_item_id'),(461,'df89cfb0eaf7122a7ebc7e5db4b15c64',183,'Data Source [size]','','task_item_id'),(462,'6555aa0c11433182933f16a5b028cb9b',184,'Data Source [files]','','task_item_id'),(463,'eefbe01c8db5ffeffe544784750a7d33',185,'Data Source [size]','','task_item_id'),(464,'0de5dd0aa3692c8db5a0ed0f1eb63f65',186,'Data Source [files]','','task_item_id'),(465,'e992ba4dcbbf805a476b9830af97f78c',187,'Data Source [directories]','','task_item_id'),(466,'0b4233c735d3bafcdb3cd95b5a6223cd',187,'Data Source [files]','','task_item_id'),(467,'3069955457aac99edccdb34b1796ad00',188,'Data Source [size]','','task_item_id'),(468,'a0dcdf3b9bda5d421f84172671734723',189,'Data Source [users]','','task_item_id'),(469,'d87cdd514ca58b6ca0c7f9ab67aa23b1',190,'Data Source [blocks]','','task_item_id'),(470,'a8245795aae398c98dfbcdbb8a6e2905',190,'Data Source [used]','','task_item_id'),(471,'e891f38417ac1a66adde90bb819f0d73',191,'Data Source [percent]','','task_item_id'),(472,'a87d620b188fdae6e03d77dc5f1fdffa',192,'Data Source [current]','','task_item_id'),(473,'2d8d02933585b48f368bb19b823d061e',192,'Data Source [avg]','','task_item_id'),(474,'87c24fc0cbdd363b768216cdf36eddfd',193,'Data Source [current]','','task_item_id'),(475,'52c20e9073a550faed2418d0d5b1124b',193,'Data Source [avg]','','task_item_id'),(476,'4c2f4dbf2b901dd543f1ba388a05eaae',194,'Data Source [current]','','task_item_id'),(477,'524ae1adb5e31eef067a03b4cc2dee64',194,'Data Source [avg]','','task_item_id'),(478,'334a2bd1273d216e00d4fe25535d4586',195,'Data Source [avg]','','task_item_id'),(479,'0455dc9bc2ab22a27089ba20b94c5764',195,'Data Source [current]','','task_item_id'),(480,'86ac183e9ca7094a552f04eec4418c90',196,'Data Source [current]','','task_item_id'),(481,'11e0185beef8ef7e6e4f6fda488e7b1a',196,'Data Source [avg]','','task_item_id'),(482,'533f246034087f79480a362af5883f65',197,'Data Source [current]','','task_item_id'),(483,'d128a9ad2af70d965ffe83ace61fca52',197,'Data Source [avg]','','task_item_id'),(484,'8c538f6b511f6cfdb57c016070eec020',198,'Data Source [avg]','','task_item_id'),(485,'2e074019f7b9cc23f498299f838054e6',198,'Data Source [current]','','task_item_id'),(486,'c9761687e4fc892567b4f6cb6507a4e1',199,'Data Source [avg]','','task_item_id'),(487,'2dfec7d5a1e3faa2ec041b852251787a',199,'Data Source [current]','','task_item_id'),(488,'d4dc9ca61045f7eb68d0e6e66f525921',200,'Data Source [current]','','task_item_id'),(489,'7474ccaf6b090dcace48b0a826085085',200,'Data Source [avg]','','task_item_id'),(490,'f127e42558c71748f8a9c99d8de47395',201,'Data Source [avg]','','task_item_id'),(491,'734892fcd02c3c56949410ab24f65ee5',201,'Data Source [current]','','task_item_id'),(492,'e32f4647c5cac95fc0da2e477f03b4e0',202,'Data Source [total]','','task_item_id'),(493,'615fd251a265e36d02bf72a9a5da3f5c',202,'Data Source [free]','','task_item_id'),(494,'47dd19016a8d47d259fece37196231d9',202,'Data Source [used]','','task_item_id'),(495,'6e4ee2aa29e331e072e48f36a7839950',203,'Data Source [current]','','task_item_id'),(496,'1992a60a6c847fba435d1775495bd50d',203,'Data Source [avg]','','task_item_id'),(497,'7130495e88c1f8841b89af4583bbca27',204,'Data Source [ut]','','task_item_id'),(498,'69e864bc9f58b53e1fc0706f0104d4d2',205,'Data Source [cpuUtil]','','task_item_id'),(499,'2f94abe5ddc88ab04d5c9d5b0bfab423',205,'Data Source [memSlotUtil]','','task_item_id'),(500,'1ab706eed4d88d1581ca88f69ddc0643',205,'Data Source [slotUtil]','','task_item_id'),(501,'663dabc993a4439713c5d0f8341427bb',206,'Data Source [memSlotUtil]','','task_item_id'),(502,'f59770e92dfcd06000dc4ac20d7975f7',206,'Data Source [cpuUtil]','','task_item_id'),(503,'ef5b9061eab13b45dea7843eb47bce09',206,'Data Source [slotUtil]','','task_item_id'),(504,'243babe126ed30dfad5c239d2badf1c1',207,'Data Source [usage]','','task_item_id'),(505,'c5c5ea96ac88a9c43ace422118b749cd',208,'Data Source [host_tmp_pct]','','task_item_id'),(506,'0a0699877cc44eb16e63b211ee9edf39',209,'Data Source [host_vartmp_pct]','','task_item_id'),(507,'42a74259f929a9a45403e5faf9bd264b',210,'Data Source [host_status]','','task_item_id'),(508,'c2d8d54e088125f17d61f4a89f60aff9',211,'Data Source [queue_free_slots]','','task_item_id'),(509,'0fe05d447792060806697e1ca9f65b05',212,'Data Source [host_eff_r15m]','','task_item_id'),(510,'0fcc97d0cf3b0de8ce4d9d93af45ba34',213,'Data Source [host_mem_pct]','','task_item_id'),(511,'efd982fef925be29e3a123c9322a294f',214,'Data Source [host_swp_pct]','','task_item_id'),(512,'bb774b5622e50b713fe28923e6f8e85b',215,'Data Source [host_idle_jobs]','','task_item_id'),(513,'09f1b958f07dc1b26647cfae05f0955c',216,'Data Source [pend_jobs]','','task_item_id'),(514,'e28ff0201427f8a253ae1a6edcd784ae',217,'Data Source [slotUtil]','','task_item_id'),(515,'c4b7ca2eb117e3ead2be142515bdeb6b',217,'Data Source [cpuUtil]','','task_item_id'),(516,'daf41ac9f459787c99897285ad99121a',217,'Data Source [memSlotUtil]','','task_item_id'),(517,'3533f28d4701c8d79991c1fdd12e7054',217,'Data Source [memUsed]','','task_item_id'),(518,'198c6a5ea682e23a86d6e8a299b778fa',217,'Data Source [memReserved]','','task_item_id'),(519,'980102d6d9c84a3bb9a8c9db63d79be6',217,'Data Source [memSelected]','','task_item_id'),(520,'14873b194476eff3e8383765b20e76a4',218,'Data Source [avg]','','task_item_id'),(521,'71e9c292e24a65e3887373ae96ff3d40',218,'Data Source [current]','','task_item_id'),(522,'7e43c523efe7d6a67bca7b3b39c4edb2',219,'Data Source [current]','','task_item_id'),(523,'67aa323e590c95cc48e65397c68a5285',219,'Data Source [total]','','task_item_id'),(524,'c48760a50d01198d9effb6e375d1fbda',220,'Data Source [current]','','task_item_id'),(525,'1231e3415e066f615e4372d991cbd1ca',220,'Data Source [total]','','task_item_id'),(526,'df1ffe6d415b3bf47e4d72f917a6ed1c',221,'Data Source [gpu_mtotal]','','task_item_id'),(527,'a35e91d56c95dafbcba1f1918d58f499',221,'Data Source [gpu_mused]','','task_item_id'),(528,'41cf10997ca6b1845ef218f9505afd2c',222,'Data Source [pstatus]','','task_item_id'),(529,'fd51d6c2f1aef7b262984b305862a871',223,'Data Source [gpu_ut]','','task_item_id'),(530,'fc33d6f77fe2fc3bf94f236a02b8ec1d',223,'Data Source [gpu_mut]','','task_item_id'),(531,'ae310b9f11dcd3f4d5ab017c019dc8f1',224,'Data Source [gpu_temp]','','task_item_id'),(532,'ab6e92aa4d3f041b0618375c52f201d8',225,'Data Source [numJobs]','','task_item_id'),(533,'3e8a99483992d077f73ee0cc9962aeac',225,'Data Source [numRun]','','task_item_id'),(534,'fe18c2c638423cf8795c9de68546c775',225,'Data Source [numRSV]','','task_item_id'),(535,'e9a4f6b046101d17a39fb879d7483672',225,'Data Source [numSUSP]','','task_item_id');
/*!40000 ALTER TABLE `graph_template_input` ENABLE KEYS */;
UNLOCK TABLES;

--
-- Table structure for table `graph_template_input_defs`
--

DROP TABLE IF EXISTS `graph_template_input_defs`;
/*!40101 SET @saved_cs_client     = @@character_set_client */;
/*!40101 SET character_set_client = utf8 */;
CREATE TABLE `graph_template_input_defs` (
  `graph_template_input_id` int(10) unsigned NOT NULL DEFAULT 0,
  `graph_template_item_id` int(10) unsigned NOT NULL DEFAULT 0,
  PRIMARY KEY (`graph_template_input_id`,`graph_template_item_id`)
) ENGINE=InnoDB COMMENT='Stores the relationship for what graph items are associated';
/*!40101 SET character_set_client = @saved_cs_client */;

--
-- Dumping data for table `graph_template_input_defs`
--

LOCK TABLES `graph_template_input_defs` WRITE;
/*!40000 ALTER TABLE `graph_template_input_defs` DISABLE KEYS */;
INSERT INTO `graph_template_input_defs` VALUES (1,1),(1,2),(1,3),(1,4),(2,1),(3,5),(3,6),(4,7),(4,8),(5,9),(5,10),(6,12),(6,13),(6,14),(6,15),(7,12),(8,16),(8,17),(8,18),(8,19),(9,20),(9,21),(9,22),(9,23),(10,28),(10,29),(10,30),(10,31),(11,24),(11,25),(11,26),(11,27),(12,59),(12,60),(12,61),(12,62),(13,63),(13,64),(13,65),(13,66),(14,67),(14,68),(14,69),(14,70),(15,71),(15,72),(15,73),(15,74),(16,76),(16,77),(16,78),(17,80),(17,81),(17,82),(18,83),(18,84),(18,85),(18,86),(19,87),(19,88),(19,89),(19,90),(20,91),(20,92),(20,93),(20,94),(21,95),(21,96),(21,97),(21,98),(22,99),(22,100),(22,101),(22,102),(23,103),(23,104),(23,105),(23,106),(24,107),(24,108),(24,109),(24,110),(25,111),(25,112),(25,113),(25,114),(26,115),(26,116),(26,117),(26,118),(27,119),(27,120),(27,121),(27,122),(28,123),(28,124),(28,125),(28,126),(28,127),(29,128),(29,129),(29,130),(29,131),(30,128),(31,132),(31,133),(31,134),(31,135),(32,136),(32,137),(32,138),(32,139),(33,140),(33,141),(33,142),(33,143),(34,144),(34,145),(34,146),(34,147),(35,148),(35,149),(35,150),(35,151),(36,152),(36,153),(36,154),(36,155),(37,160),(37,161),(37,162),(37,163),(38,156),(38,157),(38,158),(38,159),(39,164),(39,165),(39,166),(39,167),(40,168),(40,169),(40,170),(40,171),(41,172),(41,173),(41,174),(41,175),(42,176),(42,177),(42,178),(42,179),(43,180),(43,181),(43,182),(43,183),(44,184),(44,185),(44,186),(44,187),(44,189),(44,190),(45,191),(45,192),(45,193),(45,194),(45,195),(46,196),(46,197),(46,198),(46,199),(46,200),(47,206),(47,207),(47,208),(47,209),(47,210),(48,201),(48,202),(48,203),(48,204),(48,205),(49,216),(50,211),(50,212),(50,213),(50,214),(50,215),(51,217),(51,218),(51,219),(51,220),(51,227),(51,228),(52,225),(52,226),(53,223),(53,224),(54,221),(54,222),(55,235),(55,236),(56,233),(56,234),(57,231),(57,232),(58,229),(58,230),(59,243),(59,244),(60,241),(60,242),(61,239),(61,240),(62,237),(62,238),(63,247),(63,248),(64,249),(64,250),(65,251),(65,252),(66,245),(66,246),(67,259),(67,260),(68,257),(68,258),(69,255),(69,256),(70,253),(70,254),(71,262),(72,261),(72,264),(73,263),(74,266),(74,267),(74,268),(74,269),(74,280),(75,274),(75,275),(75,276),(75,277),(75,278),(76,272),(76,273),(77,270),(77,271),(78,281),(78,282),(78,283),(78,284),(79,285),(79,286),(79,287),(79,288),(80,289),(80,290),(80,291),(80,292),(81,297),(81,298),(82,299),(82,300),(83,301),(83,302),(84,304),(84,305),(84,306),(84,307),(85,308),(85,309),(85,310),(85,311),(86,312),(86,313),(86,314),(86,315),(87,320),(87,321),(88,324),(88,325),(88,326),(89,322),(89,323),(90,318),(90,319),(91,316),(91,317),(92,331),(92,332),(93,329),(93,330),(94,327),(94,328),(95,337),(95,338),(96,335),(96,336),(97,346),(97,347),(97,348),(97,349),(97,350),(98,340),(98,341),(98,342),(98,343),(98,344),(99,352),(99,353),(100,355),(100,356),(100,357),(100,358),(100,359),(101,360),(101,361),(101,362),(101,363),(101,364),(102,365),(102,366),(102,367),(102,368),(102,369),(103,374),(103,375),(103,376),(103,377),(104,370),(104,371),(104,372),(104,373),(105,382),(105,383),(105,384),(105,385),(105,386),(106,387),(106,388),(106,389),(106,390),(106,391),(107,392),(107,393),(107,394),(107,395),(107,396),(108,397),(108,398),(108,399),(108,400),(108,401),(109,402),(110,403),(110,404),(110,405),(110,406),(110,407),(111,408),(111,409),(111,410),(111,411),(111,412),(112,413),(113,414),(114,415),(115,416),(116,417),(117,418),(118,419),(118,420),(118,421),(118,422),(118,423),(119,424),(119,425),(119,426),(119,427),(119,428),(120,431),(120,432),(121,429),(121,430),(122,433),(123,435),(124,434),(125,436),(126,437),(127,438),(128,439),(129,440),(130,441),(131,442),(131,443),(131,444),(131,445),(131,446),(132,447),(132,448),(132,449),(132,450),(132,451),(133,452),(133,453),(133,454),(133,455),(134,456),(134,457),(134,458),(134,459),(135,460),(135,461),(135,462),(135,463),(136,464),(136,465),(136,466),(136,467),(137,468),(137,469),(137,470),(137,471),(138,476),(138,477),(138,478),(138,479),(139,472),(139,473),(139,474),(139,475),(140,480),(140,481),(140,482),(140,483),(140,484),(140,485),(141,486),(141,487),(141,488),(141,489),(141,490),(141,491),(142,492),(142,493),(142,494),(142,495),(142,496),(143,497),(143,498),(143,499),(143,500),(144,501),(144,502),(144,503),(144,504),(145,505),(145,506),(145,507),(145,508),(146,509),(146,510),(146,511),(146,512),(147,513),(147,514),(147,515),(147,516),(149,521),(149,522),(149,523),(149,524),(150,517),(150,518),(150,519),(150,520),(151,525),(151,526),(151,527),(151,528),(152,529),(152,530),(152,531),(152,532),(152,533),(153,534),(153,535),(153,536),(153,537),(153,538),(154,539),(154,540),(154,541),(154,542),(155,547),(155,548),(155,549),(155,550),(156,543),(156,544),(156,545),(156,546),(157,551),(157,552),(157,554),(157,555),(158,553),(158,556),(158,557),(158,558),(158,559),(158,560),(159,561),(159,562),(160,564),(161,563),(162,566),(162,567),(162,568),(162,569),(162,570),(163,571),(163,572),(163,573),(163,574),(163,575),(163,576),(164,582),(164,583),(164,584),(164,585),(164,586),(165,577),(165,578),(165,579),(165,580),(165,581),(166,587),(166,588),(166,589),(166,590),(166,591),(167,592),(167,593),(167,594),(167,595),(167,596),(168,597),(169,598),(170,599),(170,600),(170,601),(170,602),(170,603),(171,604),(171,605),(171,606),(171,607),(171,608),(172,609),(172,610),(173,611),(173,612),(173,613),(173,614),(173,615),(174,616),(174,617),(174,618),(174,619),(174,620),(175,621),(176,622),(177,623),(178,624),(179,625),(179,626),(179,627),(179,628),(179,629),(180,630),(180,631),(180,632),(180,633),(180,634),(181,635),(181,636),(181,637),(181,638),(181,639),(182,640),(182,641),(182,642),(182,643),(182,644),(183,645),(183,646),(183,647),(183,648),(183,649),(184,650),(184,651),(184,652),(184,653),(184,654),(185,655),(185,656),(185,657),(185,658),(185,659),(186,660),(186,661),(186,662),(186,663),(186,664),(187,665),(187,666),(187,667),(187,668),(187,669),(188,670),(188,671),(189,672),(189,673),(190,674),(190,675),(191,678),(191,679),(192,676),(192,677),(193,685),(193,686),(193,687),(193,688),(193,689),(194,680),(194,681),(194,682),(194,683),(194,684),(195,690),(195,691),(196,692),(196,693),(196,694),(196,695),(196,696),(197,697),(197,698),(197,699),(197,700),(197,701),(198,707),(198,708),(198,709),(198,710),(198,711),(199,702),(199,703),(199,704),(199,705),(199,706),(200,712),(200,713),(200,714),(200,715),(200,716),(201,717),(201,718),(201,719),(201,720),(201,721),(202,722),(202,723),(202,724),(202,725),(202,726),(203,727),(203,728),(203,729),(203,730),(203,731),(204,732),(204,733),(204,734),(204,735),(204,736),(205,737),(205,738),(205,739),(205,740),(205,741),(206,742),(206,743),(206,744),(206,745),(206,746),(207,747),(207,748),(207,749),(207,750),(207,751),(208,752),(208,753),(208,754),(208,755),(208,756),(209,757),(209,758),(209,759),(209,760),(209,761),(210,762),(210,763),(210,764),(210,765),(210,766),(211,767),(211,768),(211,769),(211,770),(211,771),(212,772),(212,773),(212,774),(212,775),(212,776),(213,777),(213,778),(213,779),(213,780),(213,781),(214,782),(214,783),(214,784),(214,785),(214,786),(215,792),(215,793),(215,794),(215,795),(215,796),(216,787),(216,788),(216,789),(216,790),(216,791),(217,797),(217,798),(217,799),(217,800),(217,801),(218,802),(218,803),(218,804),(218,805),(218,806),(219,807),(219,808),(219,809),(219,810),(219,811),(220,812),(220,813),(220,814),(220,815),(220,816),(221,817),(221,818),(221,819),(221,820),(221,821),(222,822),(222,823),(222,824),(222,825),(222,826),(223,827),(223,828),(223,829),(223,830),(223,831),(224,837),(224,838),(224,839),(224,840),(224,841),(225,832),(225,833),(225,834),(225,835),(225,836),(226,842),(226,843),(226,844),(226,845),(226,846),(227,847),(227,848),(227,849),(227,850),(227,851),(228,852),(228,853),(228,854),(228,855),(228,856),(229,857),(229,858),(229,859),(229,860),(229,861),(230,870),(230,871),(230,872),(230,873),(230,875),(231,874),(231,875),(231,876),(231,877),(232,877),(232,878),(232,879),(232,880),(232,881),(233,862),(233,863),(233,864),(233,865),(234,866),(234,867),(234,868),(234,869),(235,904),(235,905),(235,906),(235,907),(236,892),(236,893),(236,894),(236,895),(237,900),(237,901),(237,902),(237,903),(238,896),(238,897),(238,898),(238,899),(239,884),(239,885),(239,886),(239,887),(240,888),(240,889),(240,890),(240,891),(241,912),(241,913),(241,914),(241,915),(242,928),(242,929),(242,930),(242,931),(243,916),(243,917),(243,918),(243,919),(244,920),(244,921),(244,922),(244,923),(245,924),(245,925),(245,926),(245,927),(246,932),(246,933),(246,934),(246,935),(247,936),(247,937),(247,938),(247,939),(247,940),(247,941),(248,942),(248,943),(248,944),(248,945),(248,946),(248,947),(249,948),(249,949),(249,950),(249,951),(249,952),(249,953),(250,954),(250,956),(250,957),(250,958),(250,959),(251,955),(251,960),(251,961),(251,962),(251,963),(251,964),(252,965),(252,966),(252,967),(252,968),(252,969),(252,970),(253,971),(253,972),(253,973),(253,974),(253,975),(253,976),(254,977),(254,978),(254,979),(254,980),(254,981),(254,982),(255,983),(255,984),(255,985),(255,986),(255,987),(255,988),(256,989),(256,990),(256,991),(256,992),(257,993),(257,994),(257,995),(257,996),(258,989),(259,993),(260,997),(260,998),(260,999),(260,1000),(261,1001),(261,1002),(261,1003),(261,1004),(262,997),(263,1001),(264,1005),(264,1006),(264,1007),(264,1008),(265,1005),(266,1009),(266,1010),(266,1011),(266,1012),(267,1009),(268,1021),(268,1022),(268,1023),(268,1024),(269,1017),(269,1018),(269,1019),(269,1020),(270,1013),(270,1014),(270,1015),(270,1016),(271,1029),(271,1030),(271,1031),(271,1032),(272,1033),(272,1034),(272,1035),(272,1036),(273,1037),(273,1038),(273,1039),(273,1040),(274,1041),(274,1042),(274,1043),(274,1044),(275,1045),(275,1046),(275,1047),(275,1048),(276,1045),(277,1049),(277,1050),(277,1051),(277,1052),(278,1053),(278,1054),(278,1055),(278,1056),(279,1057),(279,1058),(279,1059),(279,1060),(280,1061),(280,1062),(280,1063),(280,1064),(281,1065),(281,1066),(281,1067),(281,1068),(282,1069),(282,1070),(282,1071),(282,1072),(283,1077),(283,1078),(283,1079),(283,1080),(284,1073),(284,1074),(284,1075),(284,1076),(285,1081),(285,1082),(285,1083),(285,1084),(286,1085),(286,1086),(286,1087),(286,1088),(287,1089),(287,1090),(287,1091),(287,1092),(288,1093),(288,1094),(288,1095),(288,1096),(289,1093),(290,1099),(291,1100),(292,1101),(293,1102),(294,1097),(294,1098),(295,1103),(296,1106),(297,1107),(298,1108),(299,1109),(300,1104),(300,1105),(301,1110),(302,1111),(302,1112),(303,1115),(304,1114),(305,1113),(306,1116),(307,1117),(308,1124),(309,1118),(309,1119),(310,1121),(311,1123),(312,1122),(313,1120),(314,1128),(315,1125),(315,1126),(316,1129),(317,1127),(318,1137),(319,1133),(320,1136),(321,1130),(322,1134),(323,1131),(324,1132),(325,1135),(326,1143),(327,1140),(328,1138),(328,1139),(329,1141),(330,1142),(331,1147),(332,1146),(333,1144),(333,1145),(334,1148),(335,1151),(336,1152),(337,1149),(337,1150),(338,1153),(339,1156),(340,1157),(341,1154),(341,1155),(342,1158),(343,1159),(344,1160),(345,1161),(346,1162),(347,1163),(354,1205),(361,1206),(365,1256),(365,1257),(366,1251),(366,1252),(366,1253),(367,1254),(367,1255),(368,1258),(368,1259),(369,1260),(370,1261),(371,1262),(372,1263),(372,1264),(373,1265),(374,1266),(375,1267),(376,1268),(377,1271),(378,1269),(378,1270),(379,1272),(380,1275),(381,1273),(381,1274),(382,1276),(383,1279),(384,1277),(384,1278),(385,1280),(386,1281),(387,1282),(387,1283),(387,1284),(387,1285),(387,1286),(388,1292),(388,1293),(388,1294),(388,1295),(388,1296),(389,1287),(389,1288),(389,1289),(389,1290),(389,1291),(390,1297),(390,1298),(390,1299),(390,1300),(390,1301),(391,1302),(391,1303),(391,1304),(391,1305),(391,1306),(392,1307),(392,1308),(392,1309),(392,1310),(392,1311),(393,1312),(393,1313),(393,1314),(393,1315),(393,1316),(394,1317),(394,1318),(394,1319),(394,1320),(394,1321),(395,1322),(395,1323),(395,1324),(395,1325),(395,1326),(396,1327),(396,1328),(396,1329),(396,1330),(396,1331),(397,1332),(397,1333),(397,1334),(397,1335),(398,1336),(398,1337),(398,1338),(398,1339),(399,1336),(400,1336),(401,1340),(401,1341),(401,1342),(401,1343),(402,1340),(403,1340),(404,1344),(404,1345),(404,1346),(404,1347),(404,1348),(405,1349),(405,1350),(405,1351),(405,1352),(405,1353),(406,1354),(406,1355),(406,1356),(406,1357),(406,1358),(407,1359),(407,1360),(407,1361),(407,1362),(407,1363),(408,1364),(408,1365),(408,1366),(408,1367),(408,1368),(409,1369),(409,1370),(409,1371),(409,1372),(409,1373),(410,1374),(410,1375),(410,1376),(410,1377),(411,1378),(411,1379),(411,1380),(411,1381),(412,1382),(412,1383),(412,1384),(412,1385),(413,1386),(413,1387),(413,1388),(413,1389),(414,1390),(414,1391),(414,1392),(414,1393),(415,1394),(415,1395),(415,1396),(415,1397),(416,1398),(416,1399),(416,1400),(416,1401),(417,1402),(417,1403),(417,1404),(417,1405),(418,1406),(418,1407),(418,1408),(418,1409),(419,1410),(419,1411),(419,1412),(419,1413),(420,1414),(420,1415),(420,1416),(420,1417),(421,1430),(421,1431),(421,1432),(421,1433),(422,1418),(422,1419),(422,1420),(422,1421),(423,1422),(423,1423),(423,1424),(423,1425),(424,1426),(424,1427),(424,1428),(424,1429),(425,1434),(425,1435),(425,1436),(425,1437),(426,1438),(426,1439),(426,1440),(426,1441),(427,1442),(427,1443),(427,1444),(427,1445),(428,1446),(428,1447),(428,1448),(428,1449),(429,1450),(429,1451),(429,1452),(429,1453),(430,1454),(430,1455),(430,1456),(430,1457),(431,1458),(431,1459),(431,1460),(431,1461),(432,1462),(432,1463),(432,1464),(432,1465),(433,1466),(433,1467),(433,1468),(433,1469),(434,1475),(434,1476),(434,1477),(434,1478),(435,1479),(435,1480),(435,1481),(435,1482),(436,1474),(436,1483),(436,1484),(436,1485),(436,1486),(437,1470),(437,1471),(437,1472),(437,1473),(438,1487),(438,1488),(438,1489),(438,1490),(439,1491),(439,1492),(439,1493),(439,1494),(440,1495),(440,1496),(440,1497),(440,1498),(441,1499),(441,1500),(441,1501),(441,1502),(442,1503),(442,1504),(442,1505),(442,1506),(443,1507),(443,1508),(443,1509),(443,1510),(444,1511),(444,1512),(444,1513),(444,1514),(445,1515),(445,1516),(445,1517),(445,1518),(446,1519),(446,1520),(446,1521),(446,1522),(447,1523),(447,1524),(447,1525),(447,1526),(448,1527),(448,1528),(448,1529),(448,1530),(449,1535),(449,1536),(449,1537),(449,1538),(450,1531),(450,1532),(450,1533),(450,1534),(451,1539),(451,1540),(451,1541),(451,1542),(452,1543),(452,1544),(452,1545),(452,1546),(452,1547),(453,1548),(453,1549),(453,1550),(453,1551),(453,1552),(454,1553),(454,1554),(454,1555),(454,1556),(454,1557),(455,1558),(455,1559),(455,1560),(455,1561),(456,1562),(456,1563),(456,1564),(456,1565),(457,1566),(457,1567),(457,1568),(457,1569),(458,1570),(458,1571),(458,1572),(458,1573),(459,1574),(459,1575),(459,1576),(459,1577),(459,1578),(460,1579),(460,1580),(460,1581),(460,1582),(461,1583),(461,1584),(461,1585),(461,1586),(461,1587),(462,1588),(462,1589),(462,1590),(462,1591),(462,1592),(463,1593),(463,1594),(463,1595),(463,1596),(463,1597),(464,1598),(464,1599),(464,1600),(464,1601),(464,1602),(465,1603),(465,1604),(465,1605),(465,1606),(466,1607),(466,1608),(466,1609),(466,1610),(467,1611),(467,1612),(467,1613),(467,1614),(467,1615),(468,1616),(468,1617),(468,1618),(468,1619),(469,1620),(469,1621),(469,1622),(469,1623),(470,1624),(470,1625),(470,1626),(470,1627),(471,1628),(471,1629),(471,1630),(471,1631),(472,1636),(472,1637),(472,1638),(472,1639),(473,1632),(473,1633),(473,1634),(473,1635),(474,1644),(474,1645),(474,1646),(474,1647),(475,1640),(475,1641),(475,1642),(475,1643),(476,1652),(476,1653),(476,1654),(476,1655),(477,1648),(477,1649),(477,1650),(477,1651),(478,1656),(478,1657),(478,1658),(478,1659),(479,1660),(479,1661),(479,1662),(479,1663),(480,1668),(480,1669),(480,1670),(480,1671),(481,1664),(481,1665),(481,1666),(481,1667),(482,1676),(482,1677),(482,1678),(482,1679),(483,1672),(483,1673),(483,1674),(483,1675),(484,1680),(484,1681),(484,1682),(484,1683),(485,1684),(485,1685),(485,1686),(485,1687),(486,1688),(486,1689),(486,1690),(486,1691),(487,1692),(487,1693),(487,1694),(487,1695),(488,1700),(488,1701),(488,1702),(488,1703),(489,1696),(489,1697),(489,1698),(489,1699),(490,1704),(490,1705),(490,1706),(490,1707),(491,1708),(491,1709),(491,1710),(491,1711),(492,1720),(492,1721),(492,1722),(492,1723),(493,1716),(493,1717),(493,1718),(493,1719),(494,1712),(494,1713),(494,1714),(494,1715),(495,1728),(495,1729),(495,1730),(495,1731),(496,1724),(496,1725),(496,1726),(496,1727),(497,1732),(497,1733),(497,1734),(497,1735),(497,1736),(497,1737),(498,1742),(498,1743),(498,1744),(498,1745),(499,1746),(499,1747),(499,1748),(499,1749),(500,1738),(500,1739),(500,1740),(500,1741),(501,1758),(501,1759),(501,1760),(501,1761),(502,1754),(502,1755),(502,1756),(502,1757),(503,1750),(503,1751),(503,1752),(503,1753),(504,1762),(505,1763),(506,1764),(507,1765),(508,1766),(509,1767),(510,1768),(511,1769),(512,1770),(513,1771),(514,1772),(514,1773),(514,1774),(514,1775),(515,1776),(515,1777),(515,1778),(515,1779),(516,1780),(516,1781),(516,1782),(516,1783),(517,1784),(517,1785),(517,1786),(517,1787),(518,1788),(518,1789),(518,1790),(518,1791),(519,1792),(519,1793),(519,1794),(519,1795),(519,1796),(519,1797),(520,1798),(520,1799),(520,1800),(520,1801),(521,1802),(521,1803),(521,1804),(521,1805),(522,1806),(522,1807),(522,1808),(522,1809),(523,1810),(523,1811),(523,1812),(523,1813),(524,1814),(524,1815),(524,1816),(524,1817),(525,1818),(525,1819),(525,1820),(525,1821),(526,1822),(526,1823),(526,1824),(526,1825),(527,1826),(527,1827),(527,1828),(527,1829),(528,1830),(528,1831),(528,1832),(528,1833),(528,1834),(528,1835),(529,1836),(529,1837),(529,1838),(529,1839),(530,1840),(530,1841),(530,1842),(530,1843),(531,1844),(531,1845),(531,1846),(531,1847),(532,1848),(532,1849),(532,1850),(532,1851),(533,1852),(533,1853),(533,1854),(533,1855),(534,1856),(534,1857),(534,1858),(534,1859),(535,1860),(535,1861),(535,1862),(535,1863);
/*!40000 ALTER TABLE `graph_template_input_defs` ENABLE KEYS */;
UNLOCK TABLES;

--
-- Table structure for table `graph_templates`
--

DROP TABLE IF EXISTS `graph_templates`;
/*!40101 SET @saved_cs_client     = @@character_set_client */;
/*!40101 SET character_set_client = utf8 */;
CREATE TABLE `graph_templates` (
  `id` mediumint(8) unsigned NOT NULL AUTO_INCREMENT,
  `hash` char(32) NOT NULL DEFAULT '',
  `name` char(255) NOT NULL DEFAULT '',
  `multiple` char(2) NOT NULL DEFAULT '',
  `test_source` char(2) NOT NULL DEFAULT '',
  PRIMARY KEY (`id`),
  KEY `multiple_name` (`multiple`,`name`),
  KEY `name` (`name`)
) ENGINE=InnoDB ROW_FORMAT=DYNAMIC COMMENT='Contains each graph template name.';
/*!40101 SET character_set_client = @saved_cs_client */;

--
-- Dumping data for table `graph_templates`
--

LOCK TABLES `graph_templates` WRITE;
/*!40000 ALTER TABLE `graph_templates` DISABLE KEYS */;
INSERT INTO `graph_templates` VALUES (1,'9fe8b4da353689d376b99b2ea526cc6b','Unix - Processes','',''),(2,'fe5edd777a76d48fc48c11aded5211ef','Unix - Load Average','',''),(3,'63610139d44d52b195cc375636653ebd','Unix - Logged in Users','',''),(4,'6992ed4df4b44f3d5595386b8298f0ec','Linux - Memory Usage','',''),(5,'8e7c8a511652fe4a8e65c69f3d34779d','Unix - Available Disk Space','',''),(6,'d4d9ba31d18ea0e68f8b2fd89b1dae92','Cacti Poller Statistics - Objects','',''),(7,'a50a3bc4e066509b42440ab0e06621fb','Cacti Poller Statistics - DS/RRD','',''),(8,'7bb3750476173205d78e311bf6c1f29d','Cacti Poller Statistics - Boost','',''),(9,'9cd180035d1c3c356001443ccd3c029e','Cacti Poller Statistics - Items','',''),(10,'bb6ae539aa2820d7b37da36992bd3f12','Cacti Poller Statistics - Recache','',''),(11,'5cd07a18f0076e900def9b79e1785861','Cacti Poller Statistics - Runtime','',''),(12,'1b9b8b6504ab7b73a8e13e8671e6c509','Cacti Poller Statistics - Boost Memory','',''),(13,'9a5e6d7781cc1bd6cf24f64dd6ffb423','Cisco - CPU Usage','',''),(14,'5deb0d66c81262843dce5f3861be9966','Interface - Traffic (bits/sec)','',''),(15,'06621cd4a9289417cadcb8f9b5cfba80','Interface - Errors/Discards','',''),(16,'e0d1625a1f4776a5294583659d5cee15','Interface - Unicast Packets','',''),(17,'10ca5530554da7b73dc69d291bf55d38','Interface - Non-Unicast Packets','',''),(18,'df244b337547b434b486662c3c5c7472','Interface - Traffic (bytes/sec)','',''),(19,'1742b2066384637022d178cc5072905a','Interface - Traffic (bits/sec, 95th Percentile)','',''),(20,'13b47e10b2d5db45707d61851f69c52b','Interface - Traffic (bits/sec, Total Bandwidth)','',''),(21,'8ad6790c22b693680e041f21d62537ac','Interface - Traffic (bytes/sec, Total Bandwidth)','',''),(22,'9e25a00a6f9222d02389b6ecc97590f1','LM License - Poller Stats','',''),(23,'620954e227a1972dd9de72b7b9edddd2','LM License - Feature Use','',''),(24,'dab23f124796196179eaefec678f3cbb','LM License - Host Feature Usage','',''),(25,'1d2dedcb972def94556b55ee1717a833','LM License - User Feature Usage','',''),(26,'0a21c283961ea0f197d88e1edac8fcc4','LM License - Vendor Feature Usage','',''),(27,'a32b454435cee6819bacb80d74e1d5b3','LM License - License Server Usage','',''),(28,'a7dd1672ef3c91218208f3f6dfe90db2','LM Summary - License Server Stats','',''),(29,'80049870e3c6f7a85188f327380a86d1','LM Summary - License Feature Summary Use','',''),(30,'e334bdcf821cd27270a4cc945e80915e','Net-SNMP - CPU Usage (tics)','',''),(31,'5107ec0206562e77d965ce6b852ef9d4','Net-SNMP - Load Average','',''),(32,'be275639d5680e94c72c0ebb4e19056d','Net-SNMP - Memory Usage','',''),(33,'083b60c7741c9590db49b45d52b0d632','GRID - Cluster/Host Job Statistics','',''),(34,'73f3f773720f26c3e7e27d1484ac438d','GRID - Cluster/Host Load Average','',''),(35,'4950297b490f6bab4e8eaf4db180f1aa','GRID - Cluster/Host IO Levels','',''),(36,'32ef20689c25cfe9c82a905ef79235c7','GRID - Cluster/Host Available Memory','',''),(37,'959f365266409e915fa7449bcba0cf1f','GRID - Cluster/Host CPU Utilization','',''),(38,'8816ce7aaf47a5866a434f167de76891','GRID - Host Reserved Memory','',''),(39,'abb5e813c9f1e8cd6fc1e393092ef8cb','Net-SNMP - Available Disk Space','',''),(40,'9455142e663b4ba10951de57058b59ad','GRID - Cluster/Overall Hourly Throughput','',''),(41,'eacecfd6128023718606be8aa8c01751','GRID - Cluster/Overall Pending Jobs','',''),(42,'c35e34d66e37a7a42b4946a6955d1115','GRID - Cluster Efficiency','',''),(43,'a72072edc13aac5d87b9f726a8698406','GRID - Cluster Capacity','',''),(44,'6c4d9c0c62603dec3e7bd46d73117421','GRID - Cluster GridJobs Stats','',''),(45,'cf3899eae71057b1a93800a85629b461','GRID - LSF Performance','',''),(46,'e9b5072c177c572113d7b8af118dc050','GRID - Cluster Static and Float Client Licenses','',''),(47,'225dc580eabc5210cdbefd7a0be6f360','GRID - Cluster GridLoad Stats','',''),(48,'d104a31eeadc69deabbe0b88033f8642','GRID - Cluster Gridhosts / Gridbhosts Stats','',''),(49,'41a2faa418024388fcd6149f8bb216b1','GRID - Cluster GridUsers / GridUserGroups Stats','',''),(50,'614f0502bb632bf2a33706ca2a4f9300','GRID - Cluster GridQueues Stats','',''),(51,'be0f0c99c809fdb43236105f18ced826','GRID - Cluster GridParams Stats','',''),(52,'b3807f16ee4be26a87822e356f4318e1','GRID - Cluster GridHostGroups Stats','',''),(53,'02c5d1756f2fc4957eabec755b1c6972','GRID - Cluster GridArray Stats','',''),(54,'72876594b9364e5cc560b4a0285a4c44','GRID - Queue - Pending Times','',''),(55,'6afe0f11955cc9d5dd57128c5bfc9c88','GRID - Queue - Job Information','',''),(56,'3a2dea2c14e5cecdf315cde84ba0fc18','GRID - Queue - Dispatch Times','',''),(57,'82bd1bf6ad011bb64f86e37c2ee9ae59','GRID - Queue - Distinct Users','',''),(58,'34688a187ca3f2f262bbedffbd425fb7','GRID - Queue - Hourly Throughput','',''),(59,'c7412a39d7d25f6b270387b3548becd9','GRID - Queue - Slot Status','',''),(60,'8386039b9e4d2d6340cceaa1f55333ac','GRID - Queue - Pending Slots','',''),(61,'c1c1d2e8aa785833dbb79949a066fd99','GRID - Queue - Running Slots','',''),(62,'0aa65c1c3d9bfb4e0230a9de24fc8f3f','GRID - Queue - Effective Utilization','',''),(63,'64c270f6d1086a1fe49799aa600e32cd','GRID - Queue - Pending/Running Slots','',''),(64,'d60eef8ae060cbddbd649abb0871e5b8','GRID - Host Group - CPU Utilization','',''),(65,'1a86957d680ff307fb0714ff45696b78','GRID - Host Group - Paging/IO Rates','',''),(66,'8da11c1aaf5bd1c7ef4221998dd88d4f','GRID - Host Group - CPU Capacity','',''),(67,'a638e75101dfd978e0bb2608a964249e','GRID - Host Group - Slot Utilization','',''),(68,'35a38ff4b08a76ca22de0871769df8dd','GRID - Host Group - Done and Exited Jobs','',''),(69,'f45a99df27234d68e9a4d66adc382679','GRID - Host Group - Pending Jobs','',''),(70,'52b4cc93f0a9bd0828e5b640fb90e95e','GRID - Host Group - Running Jobs','',''),(71,'be721fbe133cfb8402285f50250bbdfc','GRID - Host Group - Available Memory','',''),(72,'607920c266f264ab6ebe090fd847737b','GRID - Host Group - Memory Stats','',''),(73,'6f1176cb10c4e54d8713d3f4df3811ec','GRID - Host Group - Host Details','',''),(74,'1d1c664c949a83dcb4fade37a8445773','GRID - User Group - Job Stats','',''),(75,'20eb1e1528f2f6a76ff3e49db6ddc8fd','GRID - User Group - Memory Stats','',''),(76,'31bd0c963db1bf52e2185f642824701c','GRID - User Group - Efficiency','',''),(77,'9529969bfa3ca107adf82b36146eb367','GRID - User Group - Total CPU','',''),(78,'a4ec947ddac1e1390932fb393dc396ef','GRID - Users - Jobs Stats','',''),(79,'58b8499d96931e70d5e52ead9aeb23cc','GRID - Cluster Shared Resources','',''),(80,'2a0e63fb11e3b5d3b6ad5ab438c559ce','GRID - Projects - Level 1 - Efficiency','',''),(81,'4f4137bf00100cf3ca070426a60647ec','GRID - Projects - Level 1 - Total CPU','',''),(82,'8e6f92257670768488d8be3db65ac2c1','GRID - Projects - Level 1 - Memory Stats','',''),(83,'fac467230b46e26e7c18b157efffb956','GRID - Projects - Level 1 - VM Stats','',''),(84,'7a072a0ad4e8fe22d222e67511225785','GRID - Projects - Level 1 - Pending Job Slots','',''),(85,'188ae2fd9e61259060b91edef5de3e89','GRID - Projects - Level 1 - Running Job Slots','',''),(86,'3b34bd267f8643b10194d612b0539aa5','GRID - Projects - Level 1 - Pending Jobs','',''),(87,'08437ef32df6924277e80cc68e3732e6','GRID - Projects - Level 1 - Running Jobs','',''),(88,'5485021b9615d35c0be83cb94de60c4d','GRID - License Project - Efficiency','',''),(89,'65a52969f503ab1be69fbb0bf34feb5e','GRID - License Project - Memory Stats','',''),(90,'0730a95c872fc341459d64867850db00','GRID - License Project - Pending Jobs','',''),(91,'eea9cf99214aa95a8009f5ff0c926f58','GRID - License Project - Running Jobs','',''),(92,'66887c7d08c865f607ed04ed370b1613','GRID - License Project - Total CPU','',''),(93,'e29c4d9ab6964a4d4531a62138396ae6','GRID - License Project - VM Stats','',''),(94,'569d0470d477fddba5c0be733b27c482','GRID - Applications - Efficiency','',''),(95,'d137adb9843f4c7d4a5a214fbfbfa348','GRID - Applications - Memory Stats','',''),(96,'04f55ad9778aa1b3effec51b386e9a41','GRID - Applications - Pending Jobs','',''),(97,'46bd0753d03a7ad9672f7786a7ba06ab','GRID - Applications - Running Jobs','',''),(98,'56a192fb6464178c238600e4df6cdad9','GRID - Applications - Total CPU','',''),(99,'d9b15035d21b98a4276e81fab4c41492','GRID - Applications - VM Stats','',''),(100,'0a4de475574dc532adc00e89744b09cf','GRID - Job Groups - Running Jobs','',''),(101,'43daa9cffd77fe600d950909c15fe3cb','GRID - Job Groups - Efficiency','',''),(102,'a3893a8e448da14deb1ad2e24a003669','GRID - Job Groups - Memory Stats','',''),(103,'cdfed37f0eeb602fddd9a471c87a9a37','GRID - Job Groups - Pending Jobs','',''),(104,'b0e7aed350a6bb3082e7b3ddba301f15','GRID - Job Groups - Total CPU','',''),(105,'4c988731b38a12c27fb36612d4e2e288','GRID - Job Groups - VM Stats','',''),(106,'a043b12e1a219e56e51122fc457ff386','GRID - Guarantee SLA Resource Usage','',''),(107,'afbb7c8839286bf03309a0ccefd79f40','GRID - Guarantee Resource Pool Usage','',''),(108,'6c8c4a6c27c0b73866f11748e17f5ed2','GRID - Benchmarks - Submission Stats','',''),(109,'5bd4321ca9ee22d8361b1dfa1f993bf5','GRID - Queue - Fairshare - Priority','',''),(110,'89bebc6c9b59595566c2d4e0b6b6fa50','GRID - Queue - Fairshare - Started','',''),(111,'75d89fd65c13c113e7fb35680b277caa','GRID - Queue - Fairshare - Share','',''),(112,'dca1f7fdd065179d0d346a7c7eb1a528','GRID - Queue - Fairshare - Times','',''),(113,'1b0897dcb3cbf72ce58d9b03d00103c9','GRID - Queue - Fairshare - Running Jobs','',''),(114,'296b0d0f61949313ac135271ef28d62d','GRID - Queue - Fairshare - Running Slots','',''),(115,'e84aa42453561acf1265ad1b64b587de','GRID - Queue - Fairshare - Pending Jobs','',''),(116,'1adc5fb6c7378240bc4d6405e5ba2ab4','GRID - Queue - Fairshare - Pending Slots','',''),(117,'280e38336d77acde4672879a7db823f3','Karlnet - Wireless Levels','',''),(118,'3109d88e6806d2ce50c025541b542499','Karlnet - Wireless Transmissions','',''),(119,'e8462bbe094e4e9e814d4e681671ea82','Host MIB - Logged in Users','',''),(120,'62205afbd4066e5c4700338841e3901e','Host MIB - Processes','',''),(121,'eee71ec20dc7b44635ab185bbf924dc4','Net-SNMP - CPU Utilization','',''),(122,'4d2bdea3c52db05896b0d9323076613d','Net-SNMP - Interrupts','',''),(123,'a9a2ce15df48242361bea33f786de6ee','Net-SNMP - Context Switches','',''),(124,'7489e44466abee8a7d8636cb2cb14a1a','Host MIB - Available Disk Space','',''),(125,'c6bb62bedec4ab97f9db9fd780bd85a6','Host MIB - CPU Utilization','',''),(126,'f17e4a77b8496725dc924b8c35b60036','Netware - File System Cache','',''),(127,'8e77a3036312fd0fda32eaea2b5f141b','Netware - File System Activity','',''),(128,'5892c822b1bb2d38589b6c27934b9936','Netware - Logged In Users','',''),(129,'e3780a13b0f7a3f85a44b70cd4d2fd36','Netware - Open Files','',''),(130,'0dd0438d5e6cad6776f79ecaa96fb708','Netware - Volume Information','',''),(131,'b18a3742ebea48c6198412b392d757fc','Netware - Directory Information','',''),(132,'46bb77f4c0c69671980e3c60d3f22fa9','Netware - CPU Utilization','',''),(133,'b6a6d4bafb2b91101799ba803eaaf13d','teMySQL - Volatile Queries','',''),(134,'19a453319e51c348e8a982d5591ccab4','teMySQL - Volatile Handler','',''),(135,'7a6f5988f37b0d8a28deb84910781346','teMySQL - Select Queries','',''),(136,'c3d93e93bedf136130f4eb679985df48','teMySQL - Select Handler','',''),(137,'8eed1d2ff9f8ffd934a9acb81c88fcf1','teMySQL - Index Usage','',''),(138,'c3c91dbe2a1af48b4896d53f7e52b983','teMySQL - Query Cache','',''),(139,'a0d56b2fd3e7df1eedfb33ebf886bbfc','teMySQL - Network Usage','',''),(140,'aa5271e1497dea952d7142652fbcb897','teMySQL - Sorts','',''),(141,'61b0a5b714d09b3372d9f1936ebc62a7','teMySQL - Locking and Slow','',''),(142,'42e84714152fad6a87dd2e73f4a21292','teMySQL - Temporary Objects','',''),(143,'be477f6bdfd5479ebfca7bc377ac74dd','teMySQL - Threads/Abends','',''),(144,'a3fb7797a6ffc729bfe254a86d75080a','teMySQL - CPU Usage','',''),(145,'f5a4d6f74ed157d105a0fab65656b4c2','teMySQL - Old Command Stats','',''),(146,'c328115afb84f7f304954b175ff39157','teMySQL - Old Handler Stats','',''),(147,'5e8b2b90a9e528392d5efd42c0eecc55','teMySQL - Load Average','',''),(148,'a43e937f27820bb0c8ad7e53dc4d753e','teMySQL - InnoDB Row','',''),(149,'92ac519a5ce7da8c91f04bce1b8d1108','teMySQL - InnoDB Buffers Pages/Mem','',''),(150,'660bb5e5cfef9f6ff0aa71baff47a013','teMySQL - InnoDB Locks','',''),(151,'75f88c448006db5683f536ea30b19cea','teMySQL - InnoDB InsBuffer','',''),(152,'2a01ed5d916708e540a80be20d78d5da','teMySQL - InnoDB File I/O','',''),(153,'9e85550dc9995c9fda1575193c510a7e','GRID - Projects - All - Efficiency','',''),(154,'b322cf9b97576bbbe714bcdb6dbffc0d','GRID - Projects - All - Memory Stats','',''),(155,'4d1baf5948a53ef29bfbdf8d47e810d8','GRID - Projects - All - Pending Job Slots','',''),(156,'ba5ab44149f6f1f33750258be3b3d6e0','GRID - Projects - All - Running Job Slots','',''),(157,'ec15154eca8fcdeabd24047f9d87f087','GRID - Projects - All - Total CPU','',''),(158,'e756345d0f2ac4e65b56a0826caac618','GRID - Projects - All - VM Stats','',''),(159,'427af8a85a327b391b41f5e1a04ade94','GRID - Projects - All - Pending Jobs','',''),(160,'881eff1418a0f5e53a4b2de22486ade4','GRID - Projects - All - Running Jobs','',''),(161,'b04fa4da5cb7e2d43c1d6c976f6a01d1','GRID - Cluster Pending by Pending Reason','',''),(162,'010b90500e1fc6a05abfd542940584d0','SNMP - Generic OID Template','',''),(163,'cf96dfb22b58e08bf101ca825377fa4b','Unix - Ping Latency','',''),(164,'2aa36d3b19572c965b201d881a8fbdc0','GRID - License Scheduler - Cluster Acum Use','',''),(165,'ca17b641cb0e471b13baab78335c1012','GRID - License Scheduler - Cluster Stats','',''),(166,'7c84cf5ec411b2b330e1881b77eb3a91','GRID - License Scheduler - Cluster Contention','',''),(167,'b40d45dffd84f39348c87c0ff9245930','GRID - License Scheduler - LSF/Non-LSF Use','',''),(168,'926e4471808f58f9cb42c11e52f0e831','GRID - License Scheduler - Feature Stats','',''),(169,'6493c0129530602d960ae62a3ccef6e0','GRID - License Scheduler - Project Use','',''),(170,'f98f07cb171377284ffb0eea0300b7e1','GRID - License Scheduler - Project Demand','',''),(171,'475abf8a87c41559c288357e290a3230','GRID - License Scheduler - Project Share','',''),(172,'9cc5067f0b9dc5b6083e0688ddc514cc','GRID - License Scheduler - Project Summary','',''),(173,'5f486fd1a4be78f6f5a44c22225b5112','GRID - License Scheduler - Cluster Summary Stats','',''),(174,'7e044a8cc76b3ef06a32def04fb3f6f5','GRID - License Scheduler - Cluster Mode Stats','',''),(175,'2623a7ef6e0534dd4431fc1a392413bf','GRID - License Scheduler - Demand vs Alloc','',''),(176,'6331f6eb33f2dc0b28a56e306cfa1a80','DISKU - Extension Total File Size','',''),(177,'4703c5266ebd38d3d8e8b7419f12ef7d','DISKU - Extension Total Files','',''),(178,'94b3ed3994420497be025575bddfa403','DISKU - User Total File Size','',''),(179,'7e541c22fd9aa9b61c045c8b56de261b','DISKU - User Directories/Files','',''),(180,'1b9752616b4aa24f98241588138efd03','DISKU - Group Directories/Files','',''),(181,'8573306e11120a747b8ea537e88b381e','DISKU - Group Total File Size','',''),(182,'6a0a066094b48718a8d40257fdf9f580','DISKU - Group Active Users','',''),(183,'7fa2cf151754d87c3fb856991aa7b9dc','DISKU - Application Total File Size','',''),(184,'4d5348b97af8b270df416de37447671b','DISKU - Application Total Files','',''),(185,'5cc68ae722a37f60f5aebaa101fa814c','DISKU - Tagname Total File Size','',''),(186,'7469787aaf416f8506f06b6c8de10f82','DISKU - Tagname Total Files','',''),(187,'b855a257a6fae5e638d60e898e808e4e','DISKU - Organization Directories/Files','',''),(188,'789964e12c94d8be8bcd956fb2d900b5','DISKU - Organization Total File Size','',''),(189,'7a6d9b0359597ca827bd209efa0de894','DISKU - Organization Active Users','',''),(190,'12dc6715f3094e544a624124b17f850d','DISKU - Disk Space Usage','',''),(191,'d7393ebb5e9d224cae0856aac3708d4a','DISKU - Disk Space Percent','',''),(192,'917512ae743df5fef7a01ed039543613','GRID - LSF Host Info Requests','',''),(193,'1ca158b33644192348fd2faf999aec5d','GRID - LSF Host Match Criteria','',''),(194,'34fe506a41da00ab3eafb648a987554a','GRID - LSF Job Buckets','',''),(195,'3ace1eb9b108acf85cab8fa264897076','GRID - LSF Job Info Requests','',''),(196,'57742988364531d11a96732a2ec044a4','GRID - LSF Job Scheduling Interval','',''),(197,'4b6af3347503c9bfe90e4c876986b185','GRID - LSF Jobs Completed','',''),(198,'2a0008a59b4d531d9a006671c79e6959','GRID - LSF Jobs Dispatched','',''),(199,'99ac5f8aeb0f9ea0f3089534090d5ba9','GRID - LSF Jobs Submitted','',''),(200,'39f014fe2a2b9dd8cbaf09396f4606ce','GRID - LSF Job Submit Requests','',''),(201,'c05903282cf4a29aaa9eef5259dc3f84','GRID - LSF MBatchD Requests','',''),(202,'68288407f001671ca9e2c6356bafba6a','GRID - LSF MBD File Descriptor Usage','',''),(203,'10917ca0f707f91949e53642cfb32d6f','GRID - LSF Queue Info Requests','',''),(204,'c191bde34dd5da98ccfe501e414b9e9e','GRID - Cluster Effective Utilization','',''),(205,'a03fa34c731c32268f1b7e1da765e8db','GRID - Cluster/Host Effective UT','',''),(206,'d5bc1ab844d0fd4effcff3a918da538f','GRID - Host Group - Effective Utilization','',''),(207,'b6f7e8df0fe1f326542d0489ef761708','Alert - LM License Feature Usage %','',''),(208,'34cf7d508cf6ad9d79339f26732e332b','Alert - Host With /tmp Exceed % Capacity','',''),(209,'ba1a9ab33638672db0cba450f9d24562','Alert - Host With /var/tmp Exceed % Capacity','',''),(210,'1b4f40f1e434e2d3388b86804bb4153a','Alert - Host With X Status','',''),(211,'6769088462b3c4e868e6edd5e35a46bf','Alert - Hostgroup With Low Number of Free Slots','',''),(212,'58f7480130d232b0fd0c489ad0094e74','Alert - Hosts With Effective r15m > X','',''),(213,'a930d4e166234e73f7e8d647e189e5a2','Alert - Hosts With Used Mem > %','',''),(214,'069f434a6888dc25497d605e2437b759','Alert - Hosts with Used Swp > %','',''),(215,'73c7588d73b8d741a82303450ff6dc9f','Alert - Idle Jobs','',''),(216,'ad48bcf59ca57f8ef94b832ad058b699','Alert - Jobs Pending for X Seconds','',''),(217,'3898ab98c2ab6d5c8d40b4ffbd4f38f7','GRID - Pool - Effective Utilization','',''),(218,'d439a14bbc212ab1bd85731257da0921','GRID - LSF Jobs Reordered','',''),(219,'3d0c9fa791119c0e9ed8149dc3c3ffb7','GRID - LSF Memory Utilization','',''),(220,'f90a362c7d3d10ecb354e96dea7c6373','GRID - LSF Slot Utilization','',''),(221,'641c48a1d12017cc724e520a9fbf2a21','GRID - GPU Memory Status','',''),(222,'8c3a15ef7fe08f9a8381fd2e7791eefc','GRID - GPU Performance','',''),(223,'aa3e61dbd6921331593b3ac4b8f0d527','GRID - GPU Utilization','',''),(224,'d1423adce14ebf5d73bc8f8f71df450b','GRID - GPU Temperature','',''),(225,'edb710c283a80e286411bc2f69fe89ed','GRID - GPU Jobs','','');
/*!40000 ALTER TABLE `graph_templates` ENABLE KEYS */;
UNLOCK TABLES;

--
-- Table structure for table `graph_templates_gprint`
--

DROP TABLE IF EXISTS `graph_templates_gprint`;
/*!40101 SET @saved_cs_client     = @@character_set_client */;
/*!40101 SET character_set_client = utf8 */;
CREATE TABLE `graph_templates_gprint` (
  `id` mediumint(8) unsigned NOT NULL AUTO_INCREMENT,
  `hash` varchar(32) NOT NULL DEFAULT '',
  `name` varchar(100) NOT NULL DEFAULT '',
  `gprint_text` varchar(255) DEFAULT NULL,
  PRIMARY KEY (`id`),
  KEY `name` (`name`)
) ENGINE=InnoDB;
/*!40101 SET character_set_client = @saved_cs_client */;

--
-- Dumping data for table `graph_templates_gprint`
--

LOCK TABLES `graph_templates_gprint` WRITE;
/*!40000 ALTER TABLE `graph_templates_gprint` DISABLE KEYS */;
INSERT INTO `graph_templates_gprint` VALUES (2,'e9c43831e54eca8069317a2ce8c6f751','Normal','%8.2lf %s'),(3,'19414480d6897c8731c7dc6c5310653e','Exact Numbers','%8.0lf'),(4,'304a778405392f878a6db435afffc1e9','Load Average','%8.2lf'),(5,'4e72328b57f5f2bb08a83a477b6cd10c','Percent','%8.1lf %%');
/*!40000 ALTER TABLE `graph_templates_gprint` ENABLE KEYS */;
UNLOCK TABLES;

--
-- Table structure for table `graph_templates_graph`
--

DROP TABLE IF EXISTS `graph_templates_graph`;
/*!40101 SET @saved_cs_client     = @@character_set_client */;
/*!40101 SET character_set_client = utf8 */;
CREATE TABLE `graph_templates_graph` (
  `id` int(10) unsigned NOT NULL AUTO_INCREMENT,
  `local_graph_template_graph_id` int(10) unsigned NOT NULL DEFAULT 0,
  `local_graph_id` int(10) unsigned NOT NULL DEFAULT 0,
  `graph_template_id` mediumint(8) unsigned NOT NULL DEFAULT 0,
  `t_image_format_id` char(2) DEFAULT '',
  `image_format_id` tinyint(3) unsigned NOT NULL DEFAULT 0,
  `t_title` char(2) DEFAULT '',
  `title` varchar(255) NOT NULL DEFAULT '',
  `title_cache` varchar(255) NOT NULL DEFAULT '',
  `t_height` char(2) DEFAULT '',
  `height` mediumint(8) NOT NULL DEFAULT 0,
  `t_width` char(2) DEFAULT '',
  `width` mediumint(8) NOT NULL DEFAULT 0,
  `t_upper_limit` char(2) DEFAULT '',
  `upper_limit` varchar(20) NOT NULL DEFAULT '0',
  `t_lower_limit` char(2) DEFAULT '',
  `lower_limit` varchar(20) NOT NULL DEFAULT '0',
  `t_vertical_label` char(2) DEFAULT '',
  `vertical_label` varchar(200) DEFAULT NULL,
  `t_slope_mode` char(2) DEFAULT '',
  `slope_mode` char(2) DEFAULT 'on',
  `t_auto_scale` char(2) DEFAULT '',
  `auto_scale` char(2) DEFAULT NULL,
  `t_auto_scale_opts` char(2) DEFAULT '',
  `auto_scale_opts` tinyint(3) unsigned NOT NULL DEFAULT 0,
  `t_auto_scale_log` char(2) DEFAULT '',
  `auto_scale_log` char(2) DEFAULT NULL,
  `t_scale_log_units` char(2) DEFAULT '',
  `scale_log_units` char(2) DEFAULT NULL,
  `t_auto_scale_rigid` char(2) DEFAULT '',
  `auto_scale_rigid` char(2) DEFAULT NULL,
  `t_auto_padding` char(2) DEFAULT '',
  `auto_padding` char(2) DEFAULT NULL,
  `t_base_value` char(2) DEFAULT '',
  `base_value` mediumint(8) NOT NULL DEFAULT 0,
  `t_grouping` char(2) DEFAULT '',
  `grouping` char(2) NOT NULL DEFAULT '',
  `t_unit_value` char(2) DEFAULT '',
  `unit_value` varchar(20) DEFAULT NULL,
  `t_unit_exponent_value` char(2) DEFAULT '',
  `unit_exponent_value` varchar(5) NOT NULL DEFAULT '',
  `t_alt_y_grid` char(2) DEFAULT '',
  `alt_y_grid` char(2) DEFAULT NULL,
  `t_right_axis` char(2) DEFAULT '',
  `right_axis` varchar(20) DEFAULT NULL,
  `t_right_axis_label` char(2) DEFAULT '',
  `right_axis_label` varchar(200) DEFAULT NULL,
  `t_right_axis_format` char(2) DEFAULT '',
  `right_axis_format` mediumint(8) DEFAULT NULL,
  `t_right_axis_formatter` char(2) DEFAULT '',
  `right_axis_formatter` varchar(10) DEFAULT NULL,
  `t_left_axis_formatter` char(2) DEFAULT '',
  `left_axis_formatter` varchar(10) DEFAULT NULL,
  `t_no_gridfit` char(2) DEFAULT '',
  `no_gridfit` char(2) DEFAULT NULL,
  `t_unit_length` char(2) DEFAULT '',
  `unit_length` varchar(10) DEFAULT NULL,
  `t_tab_width` char(2) DEFAULT '',
  `tab_width` varchar(20) DEFAULT '30',
  `t_dynamic_labels` char(2) DEFAULT '',
  `dynamic_labels` char(2) DEFAULT NULL,
  `t_force_rules_legend` char(2) DEFAULT '',
  `force_rules_legend` char(2) DEFAULT NULL,
  `t_legend_position` char(2) DEFAULT '',
  `legend_position` varchar(10) DEFAULT NULL,
  `t_legend_direction` char(2) DEFAULT '',
  `legend_direction` varchar(10) DEFAULT NULL,
  PRIMARY KEY (`id`),
  KEY `local_graph_id` (`local_graph_id`),
  KEY `graph_template_id` (`graph_template_id`),
  KEY `title_cache` (`title_cache`)
) ENGINE=InnoDB ROW_FORMAT=DYNAMIC COMMENT='Stores the actual graph data.';
/*!40101 SET character_set_client = @saved_cs_client */;

--
-- Dumping data for table `graph_templates_graph`
--

LOCK TABLES `graph_templates_graph` WRITE;
/*!40000 ALTER TABLE `graph_templates_graph` DISABLE KEYS */;
INSERT INTO `graph_templates_graph` VALUES (1,0,0,1,'',1,'','|host_description| - Processes','','',120,'',500,'','','','0','','processes','0','on','','on','',2,'','','0','','','','','on','',1024,'','','','','','','',NULL,'',NULL,'',NULL,'',NULL,'',NULL,'',NULL,'',NULL,'',NULL,'','30','',NULL,'',NULL,'',NULL,'',NULL),(2,0,0,2,'',1,'','|host_description| - Load Average','','',120,'',500,'','','','0','','processes in the run queue','0','on','','on','',2,'','','0','','','on','','on','',1024,'','','','','','','',NULL,'',NULL,'',NULL,'',NULL,'',NULL,'',NULL,'',NULL,'',NULL,'','30','',NULL,'',NULL,'',NULL,'',NULL),(3,0,0,3,'',1,'','|host_description| - Logged in Users','','',120,'',500,'','','','0','','users','0','on','','on','',2,'','','0','','','on','','on','',1024,'','','','','','','',NULL,'',NULL,'',NULL,'',NULL,'',NULL,'',NULL,'',NULL,'',NULL,'','30','',NULL,'',NULL,'',NULL,'',NULL),(4,0,0,4,'',1,'','|host_description| - Memory Usage','','',120,'',500,'','','','0','','kilobytes','0','on','','on','',2,'','','0','','','on','','on','',1024,'','','','','','','',NULL,'',NULL,'',NULL,'',NULL,'',NULL,'',NULL,'',NULL,'',NULL,'','30','',NULL,'',NULL,'',NULL,'',NULL),(5,0,0,5,'',1,'on','|host_description| - Available Disk Space','','',120,'',500,'','','','0','','bytes','0','on','','on','',2,'','','0','','','on','','on','',1024,'','','','','','','',NULL,'',NULL,'',NULL,'',NULL,'',NULL,'',NULL,'',NULL,'',NULL,'','30','',NULL,'',NULL,'',NULL,'',NULL),(6,4,1,4,'',1,'','|host_description| - Memory Usage','Local Linux Machine - Memory Usage','',120,'',500,'','100','','0','','bytes','','on','','on','',2,'','','','','','on','','on','',1000,'','','','','','','',NULL,'',NULL,'',NULL,'',0,'',NULL,'',NULL,'',NULL,'',NULL,'','30','',NULL,'',NULL,'',NULL,'',NULL),(7,2,2,2,'',1,'','|host_description| - Load Average','Local Linux Machine - Load Average','',120,'',500,'','100','','0','','processes in the run queue','','on','','on','',2,'','','','','','on','','on','',1000,'','','','','','','',NULL,'',NULL,'',NULL,'',0,'',NULL,'',NULL,'',NULL,'',NULL,'','30','',NULL,'',NULL,'',NULL,'',NULL),(8,3,3,3,'',1,'','|host_description| - Logged in Users','Local Linux Machine - Logged in Users','',120,'',500,'','100','','0','','users','','on','','on','',2,'','','','','','on','','on','',1000,'','','','','','','',NULL,'',NULL,'',NULL,'',0,'',NULL,'',NULL,'',NULL,'',NULL,'','30','',NULL,'',NULL,'',NULL,'',NULL),(9,1,4,1,'',1,'','|host_description| - Processes','Local Linux Machine - Processes','',120,'',500,'','100','','0','','processes','','on','','on','',2,'','','','','','','','on','',1000,'','','','','','','',NULL,'',NULL,'',NULL,'',0,'',NULL,'',NULL,'',NULL,'',NULL,'','30','',NULL,'',NULL,'',NULL,'',NULL),(10,0,0,6,'',1,'','Cacti Poller Statistics - Objects','','',120,'',600,'','','','0','','seconds','','on','','on','',2,'','','','','','','','on','',1024,'','','','','','','',NULL,'',NULL,'',NULL,'',NULL,'',NULL,'',NULL,'',NULL,'',NULL,'','30','',NULL,'',NULL,'',NULL,'',NULL),(11,0,0,7,'',1,'','Cacti Poller Statistics - DS/RRD','','',120,'',600,'','','','0','','numbers','','on','','on','',2,'','','','','','','','on','',1024,'','','','','','','',NULL,'',NULL,'',NULL,'',NULL,'',NULL,'',NULL,'',NULL,'',NULL,'','30','',NULL,'',NULL,'',NULL,'',NULL),(12,0,0,8,'',1,'','Cacti Poller Statistics - Boost','','',120,'',600,'','','','0','','','','on','','on','',2,'','','','','','','','on','',1024,'','','','','','','',NULL,'',NULL,'',NULL,'',NULL,'',NULL,'',NULL,'',NULL,'',NULL,'','30','',NULL,'',NULL,'',NULL,'',NULL),(13,0,0,9,'',1,'','Cacti Poller Statistics - Items','','',120,'',600,'','','','0','','# of items','','on','','on','',2,'','','','','','','','on','',1024,'','','','','','','',NULL,'',NULL,'',NULL,'',NULL,'',NULL,'',NULL,'',NULL,'',NULL,'','30','',NULL,'',NULL,'',NULL,'',NULL),(14,0,0,10,'',1,'','Cacti Poller Statistics - Recache','','',120,'',600,'','','','0','','','','on','','on','',2,'','','','','','','','on','',1024,'','','','','','','',NULL,'',NULL,'',NULL,'',NULL,'',NULL,'',NULL,'',NULL,'',NULL,'','30','',NULL,'',NULL,'',NULL,'',NULL),(15,0,0,11,'',1,'','Cacti Poller Statistics - Runtime','','',120,'',600,'','','','0','','seconds','','on','','on','',2,'','','','','','','','on','',1024,'','','','','','','',NULL,'',NULL,'',NULL,'',NULL,'',NULL,'',NULL,'',NULL,'',NULL,'','30','',NULL,'',NULL,'',NULL,'',NULL),(16,0,0,12,'',1,'','Cacti Poller Statistics - Boost Memory','','',120,'',600,'','','','0','','Memory','','on','','on','',2,'','','','','','','','on','',1024,'','','','','','','',NULL,'',NULL,'',NULL,'',NULL,'',NULL,'',NULL,'',NULL,'',NULL,'','30','',NULL,'',NULL,'',NULL,'',NULL),(17,0,0,13,'',1,'','|host_description| - CPU Usage','','',120,'',500,'','100','','0','','percent','0','on','','on','',2,'','','0','','','on','','on','',1024,'','','','','','','',NULL,'',NULL,'',NULL,'',NULL,'',NULL,'',NULL,'',NULL,'',NULL,'','30','',NULL,'',NULL,'',NULL,'',NULL),(18,0,0,14,'',1,'on','|host_description| - Traffic','','',120,'',500,'','','','0','','bits per second','0','on','','on','',2,'','','0','','','on','','on','',1024,'','','','','','','','','','','','','',0,'','','','','','','','','','30','','','','','','','',''),(19,0,0,15,'',1,'on','|host_description| - Errors/Discards','','',120,'',500,'','','','0','','errors/sec','0','on','','on','',2,'','','0','','','on','','on','',1024,'','','','','','','','','','','','','',0,'','','','','','','','','','30','','','','','','','',''),(20,0,0,16,'',1,'on','|host_description| - Unicast Packets','','',120,'',500,'','','','0','','packets/sec','0','on','','on','',2,'','','0','','','on','','on','',1024,'','','','','','','','','','','','','',0,'','','','','','','','','','30','','','','','','','',''),(21,0,0,17,'',1,'on','|host_description| - Non-Unicast Packets','','',120,'',500,'','','','0','','packets/sec','0','on','','on','',2,'','','0','','','on','','on','',1024,'','','','','','','','','','','','','',0,'','','','','','','','','','30','','','','','','','',''),(22,0,0,18,'',1,'on','|host_description| - Traffic','','',120,'',500,'','','','0','','bytes per second','0','on','','on','',2,'','','0','','','on','','on','',1024,'','','','','','','','','','','','','',0,'','','','','','','','','','30','','','','','','','',''),(23,0,0,19,'',1,'on','|host_description| - Traffic','','',120,'',500,'','','','0','','bits per second','0','on','','on','',2,'','','0','','','on','','on','',1024,'','','','','','','','','','','','','',0,'','','','','','','','','','30','','','','','','','',''),(24,0,0,20,'',1,'on','|host_description| - Traffic','','',120,'',500,'','','','0','','bits per second','0','on','','on','',2,'','','0','','','on','','on','',1024,'','','','','','','','','','','','','',0,'','','','','','','','','','30','','','','','','','',''),(25,0,0,21,'',1,'on','|host_description| - Traffic','','',120,'',500,'','','','0','','bytes per second','0','on','','on','',2,'','','0','','','on','','on','',1024,'','','','','','','','','','','','','',0,'','','','','','','','','','30','','','','','','','',''),(26,0,0,22,'',1,'','|host_description| - LM Poller Stats','','',120,'',500,'','','','0','','Seconds','','on','','on','',2,'','','','','','','','on','',1024,'','','','','','','',NULL,'',NULL,'',NULL,'',NULL,'',NULL,'',NULL,'',NULL,'',NULL,'','30','',NULL,'',NULL,'',NULL,'',NULL),(27,0,0,23,'',1,'','|query_gridLicenseServer| - |query_gridFeatureName| ','','',120,'',500,'','10000','','0','','','','on','','on','',2,'','','','','','','','on','',1024,'','','','','','','',NULL,'',NULL,'',NULL,'',NULL,'',NULL,'',NULL,'',NULL,'',NULL,'','30','',NULL,'',NULL,'',NULL,'',NULL),(28,0,0,24,'',1,'','|query_licFeatureName| Usage','','',120,'',500,'','','','0','','','','on','','on','',2,'','','','','','','','on','',1024,'','','','','','','',NULL,'',NULL,'',NULL,'',NULL,'',NULL,'',NULL,'',NULL,'',NULL,'','30','',NULL,'',NULL,'',NULL,'',NULL),(29,0,0,25,'',1,'','|query_licFeatureName| Usage','','',120,'',500,'','','','0','','','','on','','on','',2,'','','','','','','','on','',1024,'','','','','','','',NULL,'',NULL,'',NULL,'',NULL,'',NULL,'',NULL,'',NULL,'',NULL,'','30','',NULL,'',NULL,'',NULL,'',NULL),(30,0,0,26,'',1,'','|query_licFeatureName| Usage','','',120,'',500,'','','','0','','','','on','','on','',2,'','','','','','','','on','',1024,'','','','','','','',NULL,'',NULL,'',NULL,'',NULL,'',NULL,'',NULL,'',NULL,'',NULL,'','30','',NULL,'',NULL,'',NULL,'',NULL),(31,0,0,27,'',1,'','|query_licServer| - Usage','','',120,'',500,'','','','0','','','','on','','on','',2,'','','','','','','','on','',1024,'','','','','','','',NULL,'',NULL,'',NULL,'',NULL,'',NULL,'',NULL,'',NULL,'',NULL,'','30','',NULL,'',NULL,'',NULL,'',NULL),(32,0,0,28,'',1,'','|query_serverName| - License Server Stats','','',120,'',500,'','','','0','','seconds','0','on','','on','',2,'','','0','','','','','on','',1024,'','','','','','','',NULL,'',NULL,'',NULL,'',NULL,'',NULL,'',NULL,'',NULL,'',NULL,'','30','',NULL,'',NULL,'',NULL,'',NULL),(33,0,0,29,'',1,'','|query_gridVendor| - |query_gridFeatureName| - Summary ','','',120,'',500,'','10000','','0','','','','on','','on','',2,'','','','','','','','on','',1024,'','','','','','','',NULL,'',NULL,'',NULL,'',NULL,'',NULL,'',NULL,'',NULL,'',NULL,'','30','',NULL,'',NULL,'',NULL,'',NULL),(34,0,0,30,'',1,'','|host_description| - CPU Usage','','',120,'',500,'','','','0','','tics','','on','','on','',2,'','','','','','on','','on','',1024,'','','','','','','','','','','','','',0,'','','','','','','','','','30','','','','','','','',''),(35,0,0,31,'',1,'','|host_description| - Load Average','','',120,'',500,'','','','0','','run queue','','on','','on','',2,'','','','','','on','','on','',1024,'','','','','','','','','','','','','',0,'','','','','','','','','','30','','','','','','','',''),(36,0,0,32,'',1,'','|host_description| - Memory Usage','','',120,'',500,'','','','0','','bytes','','on','','on','',2,'','','','','','on','','on','',1024,'','','','','','','','','','','','','',0,'','','','','','','','','','30','','','','','','','',''),(37,0,0,33,'',1,'','|host_description| - GRID Job Statistics','','',120,'',500,'','10000','','0','','Jobs','0','on','','on','',2,'','','0','','','','','on','',1024,'','','','','','','','','','','','','',0,'','','','','','','','','','30','','','','','','','',''),(38,0,0,34,'',1,'','|host_description| - GRID Load Average','','',120,'',500,'','','','0','','Processes','0','on','','on','',2,'','','0','','','on','','on','',1024,'','','','','','','','','','','','','',0,'','','','','','','','','','30','','','','','','','',''),(39,0,0,35,'',1,'','|host_description| - GRID IO Levels','','',120,'',500,'','','','0','','k (bytes/pages)/sec','0','on','','on','',2,'','','0','','','on','','on','',1024,'','','','','','','','','','','','','',0,'','','','','','','','','','30','','','','','','','',''),(40,0,0,36,'',1,'','|host_description| - GRID Available Memory','','',120,'',500,'','','','0','','available memory','','on','','on','',2,'','','','','','on','','on','',1024,'','','','','','','','','','','','','',0,'','','','','','','','','','30','','','','','','','',''),(41,0,0,37,'',1,'','|host_description| - GRID CPU Utilization','','',120,'',500,'','110','','0','','CPU %','0','on','','','',2,'','','0','','','on','','on','',1024,'','','','','','','','','','','','','',0,'','','','','','','','','','30','','','','','','','',''),(42,0,0,38,'',1,'','|host_description| - GRID Memory w/Reservation','','',120,'',500,'','','','0','','available memory','','on','','on','',2,'','','','','','on','','on','',1024,'','','','','','','','','','','','','',0,'','','','','','','','','','30','','','','','','','',''),(43,0,0,39,'',1,'on','|host_description| - Hard Drive Space','','',120,'',500,'','','','0','','bytes','','on','','on','',2,'','','','','','on','','on','',1024,'','','','','','','','','','','','','',0,'','','','','','','','','','30','','','','','','','',''),(44,0,0,40,'',1,'','|host_description| - Hourly Throughput','','',120,'',500,'','','','0','','Jobs','0','on','','on','',2,'','','0','','','','','on','',1024,'','','','','','','',NULL,'',NULL,'',NULL,'',NULL,'',NULL,'',NULL,'',NULL,'',NULL,'','30','',NULL,'',NULL,'',NULL,'',NULL),(45,0,0,41,'',1,'','|host_description| - Pending Jobs','','',120,'',500,'','','','0','','jobs','0','on','','on','',2,'','','0','','','','','on','',1024,'','','','','','','',NULL,'',NULL,'',NULL,'',NULL,'',NULL,'',NULL,'',NULL,'',NULL,'','30','',NULL,'',NULL,'',NULL,'',NULL),(46,0,0,42,'',1,'','|host_description| - Overall Job Efficiency','','',120,'',500,'','110','','0','','Job CPU %','0','on','','on','',2,'','','0','','','','','on','',1024,'','','','','','','',NULL,'',NULL,'',NULL,'',NULL,'',NULL,'',NULL,'',NULL,'',NULL,'','30','',NULL,'',NULL,'',NULL,'',NULL),(47,0,0,43,'',1,'on','|host_description| - Cluster Capacity','','',120,'',500,'','','','0','','CPU Factor/UT','0','on','','on','',2,'','','0','','','','','on','',1024,'','','','','','','',NULL,'',NULL,'',NULL,'',NULL,'',NULL,'',NULL,'',NULL,'',NULL,'','30','',NULL,'',NULL,'',NULL,'',NULL),(48,0,0,44,'',1,'','|host_description| - GridJobs Collection Stats','','',120,'',500,'','','','0','','Seconds','0','on','','on','',2,'','','0','','','','','on','',1024,'','','','','','','',NULL,'',NULL,'',NULL,'',NULL,'',NULL,'',NULL,'',NULL,'',NULL,'','30','',NULL,'',NULL,'',NULL,'',NULL),(49,0,0,45,'',1,'','LSF Performance for - |host_description|','','',120,'',500,'','','','0','','seconds','','on','','on','',2,'','','','','','','','on','',1024,'','','','','','','',NULL,'',NULL,'',NULL,'',NULL,'',NULL,'',NULL,'',NULL,'',NULL,'','30','',NULL,'',NULL,'',NULL,'',NULL),(50,0,0,46,'',1,'','|host_description| - Static and Float Client Licenses Used','','',120,'',500,'','','','0','','','','on','','on','',2,'','','','','','on','','on','',1024,'','','','','','','',NULL,'',NULL,'',NULL,'',NULL,'',NULL,'',NULL,'',NULL,'',NULL,'','30','',NULL,'',NULL,'',NULL,'',NULL),(51,0,0,47,'',1,'','|host_description| -  Cluster GridLoad Stats','','',120,'',500,'','10','','0','','Seconds','','on','','on','',2,'','','','','','','','on','',1024,'','','','','','','',NULL,'',NULL,'',NULL,'',NULL,'',NULL,'',NULL,'',NULL,'',NULL,'','30','',NULL,'',NULL,'',NULL,'',NULL),(52,0,0,48,'',1,'','|host_description| - Cluster Gridhosts / Gridbhosts Stats','','',120,'',500,'','','','0','','Seconds','','on','','on','',2,'','','','','','','','on','',1024,'','','','','','','',NULL,'',NULL,'',NULL,'',NULL,'',NULL,'',NULL,'',NULL,'',NULL,'','30','',NULL,'',NULL,'',NULL,'',NULL),(53,0,0,49,'',1,'','|host_description| - Cluster GridUsers / GridUserGroups Stats','','',120,'',500,'','','','0','','Seconds','','on','','on','',2,'','','','','','','','on','',1024,'','','','','','','',NULL,'',NULL,'',NULL,'',NULL,'',NULL,'',NULL,'',NULL,'',NULL,'','30','',NULL,'',NULL,'',NULL,'',NULL),(54,0,0,50,'',1,'','|host_description| - Cluster GridQueues Stats','','',120,'',500,'','','','0','','Seconds','','on','','on','',2,'','','','','','','','on','',1024,'','','','','','','',NULL,'',NULL,'',NULL,'',NULL,'',NULL,'',NULL,'',NULL,'',NULL,'','30','',NULL,'',NULL,'',NULL,'',NULL),(55,0,0,51,'',1,'','|host_description| - Cluster GridParams Stats','','',120,'',500,'','','','0','','Seconds','','on','','on','',2,'','','','','','','','on','',1024,'','','','','','','',NULL,'',NULL,'',NULL,'',NULL,'',NULL,'',NULL,'',NULL,'',NULL,'','30','',NULL,'',NULL,'',NULL,'',NULL),(56,0,0,52,'',1,'','|host_description| - Cluster GridHostGroups Stats','','',120,'',500,'','','','0','','Seconds','','on','','on','',2,'','','','','','','','on','',1024,'','','','','','','',NULL,'',NULL,'',NULL,'',NULL,'',NULL,'',NULL,'',NULL,'',NULL,'','30','',NULL,'',NULL,'',NULL,'',NULL),(57,0,0,53,'',1,'','|host_description| - Cluster GridArray Stats','','',120,'',500,'','','','0','','Seconds','','on','','on','',2,'','','','','','','','on','',1024,'','','','','','','',NULL,'',NULL,'',NULL,'',NULL,'',NULL,'',NULL,'',NULL,'',NULL,'','30','',NULL,'',NULL,'',NULL,'',NULL),(58,0,0,54,'',1,'','|host_description| - |query_gridQname| - Queue Pending Times','','',120,'',500,'','10000','','0','','minutes','','on','','on','',2,'','','','','','','','on','',1024,'','','','','','','',NULL,'',NULL,'',NULL,'',NULL,'',NULL,'',NULL,'',NULL,'',NULL,'','30','',NULL,'',NULL,'',NULL,'',NULL),(59,0,0,55,'',1,'','|host_description| - |query_gridQname| - Job Details','','',120,'',500,'','','','0','','','','on','','on','',2,'','','','','','','','on','',1024,'','','','','','','',NULL,'',NULL,'',NULL,'',NULL,'',NULL,'',NULL,'',NULL,'',NULL,'','30','',NULL,'',NULL,'',NULL,'',NULL),(60,0,0,56,'',1,'','|host_description| - |query_gridQname| - Queue Dispatch Times','','',120,'',500,'','','','0','','minutes','','on','','on','',2,'','','','','','','','on','',1024,'','','','','','','',NULL,'',NULL,'',NULL,'',NULL,'',NULL,'',NULL,'',NULL,'',NULL,'','30','',NULL,'',NULL,'',NULL,'',NULL),(61,0,0,57,'',1,'','|host_description| - |query_gridQName| - Active Users','','',120,'',500,'','','','0','','users','','on','','on','',2,'','','','','','','','on','',1024,'','','','','','','',NULL,'',NULL,'',NULL,'',NULL,'',NULL,'',NULL,'',NULL,'',NULL,'','30','',NULL,'',NULL,'',NULL,'',NULL),(62,0,0,58,'',1,'','|host_description| - |query_gridQName| - Hourly Throughput','','',120,'',500,'','','','0','','jobs','','on','','on','',2,'','','','','','','','on','',1024,'','','','','','','',NULL,'',NULL,'',NULL,'',NULL,'',NULL,'',NULL,'',NULL,'',NULL,'','30','',NULL,'',NULL,'',NULL,'',NULL),(63,0,0,59,'',1,'','|host_description| - |query_gridQname| - Slot Status','','',120,'',500,'','','','0','','','','on','','on','',2,'','','','','','','','on','',1024,'','','','','','','',NULL,'',NULL,'',NULL,'',NULL,'',NULL,'',NULL,'',NULL,'',NULL,'','30','',NULL,'',NULL,'',NULL,'',NULL),(64,0,0,60,'',1,'','|host_description| - |query_gridQName| - Pending Slots','','',120,'',500,'','','','0','','job slots','','on','','on','',2,'','','','','','','','on','',1024,'','','','','','','',NULL,'',NULL,'',NULL,'',NULL,'',NULL,'',NULL,'',NULL,'',NULL,'','30','',NULL,'',NULL,'',NULL,'',NULL),(65,0,0,61,'',1,'','|host_description| - |query_gridQName| - Running Slots','','',120,'',500,'','','','0','','job slots','','on','','on','',2,'','','','','','','','on','',1024,'','','','','','','',NULL,'',NULL,'',NULL,'',NULL,'',NULL,'',NULL,'',NULL,'',NULL,'','30','',NULL,'',NULL,'',NULL,'',NULL),(66,0,0,62,'',1,'','|host_description| - |query_gridQname| - Effective Utilization','','',120,'',500,'','110','','0','','Effective UT Percent','','on','','','',2,'','','','','','','','on','',1024,'','','','','','','',NULL,'',NULL,'',NULL,'',NULL,'',NULL,'',NULL,'',NULL,'',NULL,'','30','',NULL,'',NULL,'',NULL,'',NULL),(67,0,0,63,'',1,'','|host_description| - |query_gridQName| - Pending/Running Slots','','',120,'',500,'','','','0','','job slots','','on','','on','',2,'','','','','','','','on','',1024,'','','','','','','','','','','','','',0,'','','','','','','','','','30','','','','','','','',''),(68,0,0,64,'',1,'','|host_description| - |query_groupName| - CPU Utilization','','',120,'',500,'','110','','0','','CPU %','0','on','','','',2,'','','0','','','','','on','',1024,'','','','','','','',NULL,'',NULL,'',NULL,'',NULL,'',NULL,'',NULL,'',NULL,'',NULL,'','30','',NULL,'',NULL,'',NULL,'',NULL),(69,0,0,65,'',1,'','|host_description| - |query_groupName| - Paging/IO Rates','','',120,'',500,'','','','0','','K Pages/Bytes per Sec','0','on','','on','',2,'','','0','','','','','on','',1024,'','','','','','','',NULL,'',NULL,'',NULL,'',NULL,'',NULL,'',NULL,'',NULL,'',NULL,'','30','',NULL,'',NULL,'',NULL,'',NULL),(70,0,0,66,'',1,'','|host_description| - |query_groupName| - CPU Capacity','','',120,'',500,'','','','0','','CPU Factor/UT','0','on','','on','',2,'','','0','','','','','on','',1024,'','','','','','','',NULL,'',NULL,'',NULL,'',NULL,'',NULL,'',NULL,'',NULL,'',NULL,'','30','',NULL,'',NULL,'',NULL,'',NULL),(71,0,0,67,'',1,'','|host_description| - |query_groupName| - Slot Utilization','','',120,'',500,'','100','','0','','Jobs/Slots','0','on','','on','',2,'','','0','','','','','on','',1024,'','','','','','','',NULL,'',NULL,'',NULL,'',NULL,'',NULL,'',NULL,'',NULL,'',NULL,'','30','',NULL,'',NULL,'',NULL,'',NULL),(72,0,0,68,'',1,'','|host_description| - |query_groupName| - Done and Exited Jobs','','',120,'',500,'','','','0','','','','on','','on','',2,'','','','','','','','on','',1024,'','','','','','','',NULL,'',NULL,'',NULL,'',NULL,'',NULL,'',NULL,'',NULL,'',NULL,'','30','',NULL,'',NULL,'',NULL,'',NULL),(73,0,0,69,'',1,'','|host_description| - |query_groupName| - Pending Jobs','','',120,'',500,'','','','0','','','','on','','on','',2,'','','','','','','','on','',1024,'','','','','','','',NULL,'',NULL,'',NULL,'',NULL,'',NULL,'',NULL,'',NULL,'',NULL,'','30','',NULL,'',NULL,'',NULL,'',NULL),(74,0,0,70,'',1,'','|host_description| - |query_groupName| - Running Jobs','','',120,'',500,'','','','0','','','','on','','on','',2,'','','','','','','','on','',1024,'','','','','','','',NULL,'',NULL,'',NULL,'',NULL,'',NULL,'',NULL,'',NULL,'',NULL,'','30','',NULL,'',NULL,'',NULL,'',NULL),(75,0,0,71,'',1,'','|host_description| - |query_groupName| - Available Memory','','',120,'',500,'','','','0','','available memory','','on','','on','',2,'','','','','','on','','on','',1024,'','','','','','','',NULL,'',NULL,'',NULL,'',NULL,'',NULL,'',NULL,'',NULL,'',NULL,'','30','',NULL,'',NULL,'',NULL,'',NULL),(76,0,0,72,'',1,'','|host_description| - |query_groupName| - Memory Stats','','',120,'',500,'','','','0','','bytes','','on','','on','',2,'','','','','','','','on','',1024,'','','','','','','',NULL,'',NULL,'',NULL,'',NULL,'',NULL,'',NULL,'',NULL,'',NULL,'','30','',NULL,'',NULL,'',NULL,'',NULL),(77,0,0,73,'',1,'','|host_description| - |query_groupName| - Host Details','','',120,'',500,'','','','0','','','','on','','on','',2,'','','','','','','','on','',1024,'','','','','','','',NULL,'',NULL,'',NULL,'',NULL,'',NULL,'',NULL,'',NULL,'',NULL,'','30','',NULL,'',NULL,'',NULL,'',NULL),(78,0,0,74,'',1,'','|host_description| - UGroup - |query_groupName| - Job Statistics','','',120,'',500,'','','','0','','Jobs','','on','','on','',2,'','','','','','','','on','',1024,'','','','','','','',NULL,'',NULL,'',NULL,'',NULL,'',NULL,'',NULL,'',NULL,'',NULL,'','30','',NULL,'',NULL,'',NULL,'',NULL),(79,0,0,75,'',1,'','|host_description| -UGroup -  |query_groupName| - Memory Stats','','',120,'',500,'','','','0','','bytes','','on','','on','',2,'','','','','','','','on','',1024,'','','','','','','',NULL,'',NULL,'',NULL,'',NULL,'',NULL,'',NULL,'',NULL,'',NULL,'','30','',NULL,'',NULL,'',NULL,'',NULL),(80,0,0,76,'',1,'','|host_description| - UGroup - |query_groupName| - Job Efficiency','','',120,'',500,'','100','','0','','efficiency %','','on','','on','',2,'','','','','','','','on','',1024,'','','','','','','',NULL,'',NULL,'',NULL,'',NULL,'',NULL,'',NULL,'',NULL,'',NULL,'','30','',NULL,'',NULL,'',NULL,'',NULL),(81,0,0,77,'',1,'','|host_description| - UGroup - |query_groupName| - Total CPU','','',120,'',500,'','','','0','','Minutes','','on','','on','',2,'','','','','','','','on','',1024,'','','','','','','',NULL,'',NULL,'',NULL,'',NULL,'',NULL,'',NULL,'',NULL,'',NULL,'','30','',NULL,'',NULL,'',NULL,'',NULL),(82,0,0,78,'',1,'','|host_description| - |query_user| - Job Stats','','',120,'',500,'','','','0','','Jobs','','on','','on','',2,'','','','','','','','on','',1024,'','','','','','','',NULL,'',NULL,'',NULL,'',NULL,'',NULL,'',NULL,'',NULL,'',NULL,'','30','',NULL,'',NULL,'',NULL,'',NULL),(83,0,0,79,'',1,'','|host_description| - |query_resource_name| - Shared Resource Stats','','',120,'',500,'','','','0','','Units','0','on','','on','',2,'','','0','','','','','on','',1024,'','','','','','','',NULL,'',NULL,'',NULL,'',NULL,'',NULL,'',NULL,'',NULL,'',NULL,'','30','',NULL,'',NULL,'',NULL,'',NULL),(84,0,0,80,'',1,'','|host_description| - Project - |query_projectLevel1| - Job Efficiency','','',120,'',500,'','100','','0','','efficiency %','','on','','on','',2,'','','','','','','','on','',1024,'','','','','','','',NULL,'',NULL,'',NULL,'',NULL,'',NULL,'',NULL,'',NULL,'',NULL,'','30','',NULL,'',NULL,'',NULL,'',NULL),(85,0,0,81,'',1,'','|host_description| - Project - |query_projectLevel1| - Running CPU','','',120,'',500,'','','','0','','Seconds','','on','','on','',2,'','','','','','','','on','',1024,'','','','','','','',NULL,'',NULL,'',NULL,'',NULL,'',NULL,'',NULL,'',NULL,'',NULL,'','30','',NULL,'',NULL,'',NULL,'',NULL),(86,0,0,82,'',1,'','|host_description| - Project - |query_projectLevel1| - Memory Stats','','',120,'',500,'','','','0','','bytes','','on','','on','',2,'','','','','','','','on','',1024,'','','','','','','',NULL,'',NULL,'',NULL,'',NULL,'',NULL,'',NULL,'',NULL,'',NULL,'','30','',NULL,'',NULL,'',NULL,'',NULL),(87,0,0,83,'',1,'','|host_description| - |query_projectLevel1| - VM Stats','','',120,'',500,'','','','0','','bytes','','on','','on','',2,'','','','','','','','on','',1024,'','','','','','','',NULL,'',NULL,'',NULL,'',NULL,'',NULL,'',NULL,'',NULL,'',NULL,'','30','',NULL,'',NULL,'',NULL,'',NULL),(88,0,0,84,'',1,'','|host_description| - Project - |query_projectLevel1| - Pending Job Slots','','',120,'',500,'','','','0','','jobs','','on','','on','',2,'','','','','','','','on','',1024,'','','','','','','',NULL,'',NULL,'',NULL,'',NULL,'',NULL,'',NULL,'',NULL,'',NULL,'','30','',NULL,'',NULL,'',NULL,'',NULL),(89,0,0,85,'',1,'','|host_description| - Project - |query_projectLevel1| - Running Job Slots','','',120,'',500,'','','','0','','jobs','','on','','on','',2,'','','','','','','','on','',1024,'','','','','','','',NULL,'',NULL,'',NULL,'',NULL,'',NULL,'',NULL,'',NULL,'',NULL,'','30','',NULL,'',NULL,'',NULL,'',NULL),(90,0,0,86,'',1,'','|host_description| - Project - |query_projectLevel1| - Pending Jobs','','',120,'',500,'','','','0','','jobs','','on','','on','',2,'','','','','','','','on','',1024,'','','','','','','',NULL,'',NULL,'',NULL,'',NULL,'',NULL,'',NULL,'',NULL,'',NULL,'','30','',NULL,'',NULL,'',NULL,'',NULL),(91,0,0,87,'',1,'','|host_description| - Project - |query_projectLevel1| - Running Jobs','','',120,'',500,'','','','0','','jobs','','on','','on','',2,'','','','','','','','on','',1024,'','','','','','','',NULL,'',NULL,'',NULL,'',NULL,'',NULL,'',NULL,'',NULL,'',NULL,'','30','',NULL,'',NULL,'',NULL,'',NULL),(92,0,0,88,'',1,'','|host_description| - LP - |query_licenseProject| - Job Efficiency','','',120,'',500,'','100','','0','','efficiency %','','on','','on','',2,'','','','','','','','on','',1024,'','','','','','','',NULL,'',NULL,'',NULL,'',NULL,'',NULL,'',NULL,'',NULL,'',NULL,'','30','',NULL,'',NULL,'',NULL,'',NULL),(93,0,0,89,'',1,'','|host_description| - LP - |query_licenseProject| - Memory Stats','','',120,'',500,'','','','0','','bytes','','on','','on','',2,'','','','','','','','on','',1024,'','','','','','','',NULL,'',NULL,'',NULL,'',NULL,'',NULL,'',NULL,'',NULL,'',NULL,'','30','',NULL,'',NULL,'',NULL,'',NULL),(94,0,0,90,'',1,'','|host_description| - LP - |query_licenseProject| - Pending Jobs','','',120,'',500,'','','','0','','jobs','','on','','on','',2,'','','','','','','','on','',1024,'','','','','','','',NULL,'',NULL,'',NULL,'',NULL,'',NULL,'',NULL,'',NULL,'',NULL,'','30','',NULL,'',NULL,'',NULL,'',NULL),(95,0,0,91,'',1,'','|host_description| - LP - |query_licenseProject| - Running Jobs','','',120,'',500,'','','','0','','jobs','','on','','on','',2,'','','','','','','','on','',1024,'','','','','','','',NULL,'',NULL,'',NULL,'',NULL,'',NULL,'',NULL,'',NULL,'',NULL,'','30','',NULL,'',NULL,'',NULL,'',NULL),(96,0,0,92,'',1,'','|host_description| - License Project - |query_licenseProject| - Running CPU','','',120,'',500,'','','','0','','Seconds','','on','','on','',2,'','','','','','','','on','',1024,'','','','','','','',NULL,'',NULL,'',NULL,'',NULL,'',NULL,'',NULL,'',NULL,'',NULL,'','30','',NULL,'',NULL,'',NULL,'',NULL),(97,0,0,93,'',1,'','|host_description| - LP - |query_licenseProject| - VM Stats','','',120,'',500,'','','','0','','bytes','','on','','on','',2,'','','','','','','','on','',1024,'','','','','','','',NULL,'',NULL,'',NULL,'',NULL,'',NULL,'',NULL,'',NULL,'',NULL,'','30','',NULL,'',NULL,'',NULL,'',NULL),(98,0,0,94,'',1,'','|host_description| - |query_appName| - Job Efficiency','','',120,'',500,'','100','','0','','efficiency %','','on','','on','',2,'','','','','','','','on','',1024,'','','','','','','',NULL,'',NULL,'',NULL,'',NULL,'',NULL,'',NULL,'',NULL,'',NULL,'','30','',NULL,'',NULL,'',NULL,'',NULL),(99,0,0,95,'',1,'','|host_description| - |query_appName| - Memory Stats','','',120,'',500,'','','','0','','bytes','','on','','on','',2,'','','','','','','','on','',1024,'','','','','','','',NULL,'',NULL,'',NULL,'',NULL,'',NULL,'',NULL,'',NULL,'',NULL,'','30','',NULL,'',NULL,'',NULL,'',NULL),(100,0,0,96,'',1,'','|host_description| - |query_appName| - Pending Jobs','','',120,'',500,'','','','0','','jobs','','on','','on','',2,'','','','','','','','on','',1024,'','','','','','','',NULL,'',NULL,'',NULL,'',NULL,'',NULL,'',NULL,'',NULL,'',NULL,'','30','',NULL,'',NULL,'',NULL,'',NULL),(101,0,0,97,'',1,'','|host_description| - |query_appName| - Running Jobs','','',120,'',500,'','','','0','','jobs','','on','','on','',2,'','','','','','','','on','',1024,'','','','','','','',NULL,'',NULL,'',NULL,'',NULL,'',NULL,'',NULL,'',NULL,'',NULL,'','30','',NULL,'',NULL,'',NULL,'',NULL),(102,0,0,98,'',1,'','|host_description| - |query_appName| - Running CPU','','',120,'',500,'','','','0','','Seconds','','on','','on','',2,'','','','','','','','on','',1024,'','','','','','','',NULL,'',NULL,'',NULL,'',NULL,'',NULL,'',NULL,'',NULL,'',NULL,'','30','',NULL,'',NULL,'',NULL,'',NULL),(103,0,0,99,'',1,'','|host_description| - |query_appName| - VM Stats','','',120,'',500,'','','','0','','bytes','','on','','on','',2,'','','','','','','','on','',1024,'','','','','','','',NULL,'',NULL,'',NULL,'',NULL,'',NULL,'',NULL,'',NULL,'',NULL,'','30','',NULL,'',NULL,'',NULL,'',NULL),(104,0,0,100,'',1,'','|host_description| - JGroup - |query_groupName| - Running Jobs','','',120,'',500,'','','','0','','jobs','','on','','on','',2,'','','','','','','','on','',1024,'','','','','','','',NULL,'',NULL,'',NULL,'',NULL,'',NULL,'',NULL,'',NULL,'',NULL,'','30','',NULL,'',NULL,'',NULL,'',NULL),(105,0,0,101,'',1,'','|host_description| - JGroup - |query_groupName| - Job Efficiency','','',120,'',500,'','100','','0','','efficiency %','','on','','on','',2,'','','','','','','','on','',1024,'','','','','','','',NULL,'',NULL,'',NULL,'',NULL,'',NULL,'',NULL,'',NULL,'',NULL,'','30','',NULL,'',NULL,'',NULL,'',NULL),(106,0,0,102,'',1,'','|host_description| - JGroup - |query_groupName| - Memory Stats','','',120,'',500,'','','','0','','bytes','','on','','on','',2,'','','','','','','','on','',1024,'','','','','','','',NULL,'',NULL,'',NULL,'',NULL,'',NULL,'',NULL,'',NULL,'',NULL,'','30','',NULL,'',NULL,'',NULL,'',NULL),(107,0,0,103,'',1,'','|host_description| - JGroup - |query_groupName| - Pending Jobs','','',120,'',500,'','','','0','','jobs','','on','','on','',2,'','','','','','','','on','',1024,'','','','','','','',NULL,'',NULL,'',NULL,'',NULL,'',NULL,'',NULL,'',NULL,'',NULL,'','30','',NULL,'',NULL,'',NULL,'',NULL),(108,0,0,104,'',1,'','|host_description| - JGroup - |query_groupName| - Total CPU','','',120,'',500,'','','','0','','Minutes','','on','','on','',2,'','','','','','','','on','',1024,'','','','','','','',NULL,'',NULL,'',NULL,'',NULL,'',NULL,'',NULL,'',NULL,'',NULL,'','30','',NULL,'',NULL,'',NULL,'',NULL),(109,0,0,105,'',1,'','|host_description| - JGroup - |query_groupName| - VM Stats','','',120,'',500,'','','','0','','bytes','','on','','on','',2,'','','','','','','','on','',1024,'','','','','','','',NULL,'',NULL,'',NULL,'',NULL,'',NULL,'',NULL,'',NULL,'',NULL,'','30','',NULL,'',NULL,'',NULL,'',NULL),(110,0,0,106,'',1,'','|host_description| - GSLA - |query_gridPoolName| - |query_gridSLAName|','','',120,'',500,'','','','0','','','','on','','on','',2,'','','','','','','','on','',1024,'','','','','','','',NULL,'',NULL,'',NULL,'',NULL,'',NULL,'',NULL,'',NULL,'',NULL,'','30','',NULL,'',NULL,'',NULL,'',NULL),(111,0,0,107,'',1,'','|host_description| - GResPool - |query_gridGResPool|','','',120,'',500,'','','','0','','','','on','','on','',2,'','','','','','','','on','',1024,'','','','','','','',NULL,'',NULL,'',NULL,'',NULL,'',NULL,'',NULL,'',NULL,'',NULL,'','30','',NULL,'',NULL,'',NULL,'',NULL),(112,0,0,108,'',1,'','|host_description| - Benchmark Submission Stats','','',120,'',500,'','','','0','','Seconds','','on','','on','',2,'','','','','','','','on','',1024,'','','','','','','',NULL,'',NULL,'',NULL,'',NULL,'',NULL,'',NULL,'',NULL,'',NULL,'','30','',NULL,'',NULL,'',NULL,'',NULL),(113,0,0,109,'',1,'','|host_description| - Priority- |query_gridQtree| ','','',120,'',600,'','','','0','','Priority','','on','','on','',2,'','','','','','','','on','',1024,'','','','','','','',NULL,'',NULL,'',NULL,'',NULL,'',NULL,'',NULL,'',NULL,'',NULL,'','30','',NULL,'',NULL,'',NULL,'',NULL),(114,0,0,110,'',1,'','|host_description| - |query_gridQname| - Started - |query_gridQtree|','','',120,'',600,'','','','0','','Jobs','','on','','on','',2,'','','','','','','','on','',1024,'','','','','','','',NULL,'',NULL,'',NULL,'',NULL,'',NULL,'',NULL,'',NULL,'',NULL,'','30','',NULL,'',NULL,'',NULL,'',NULL),(115,0,0,111,'',1,'','|host_description| - Share - |query_gridQtree|','','',120,'',600,'','','','0','','Share','','on','','on','',2,'','','','','','','','on','',1024,'','','','','','','',NULL,'',NULL,'',NULL,'',NULL,'',NULL,'',NULL,'',NULL,'',NULL,'','30','',NULL,'',NULL,'',NULL,'',NULL),(116,0,0,112,'',1,'','|host_description| - Times - |query_gridQtree|','','',120,'',600,'','','','0','','days','','on','','on','',2,'','','','','','','','on','',1024,'','','','','','','',NULL,'',NULL,'',NULL,'',NULL,'',NULL,'',NULL,'',NULL,'',NULL,'','30','',NULL,'',NULL,'',NULL,'',NULL),(117,0,0,113,'',1,'','|host_description| - Running Jobs - |query_gridQtree| ','','',120,'',600,'','','','0','','Running Jobs','','on','','on','',2,'','','','','','','','on','',1024,'','','','','','','',NULL,'',NULL,'',NULL,'',NULL,'',NULL,'',NULL,'',NULL,'',NULL,'','30','',NULL,'',NULL,'',NULL,'',NULL),(118,0,0,114,'',1,'','|host_description| - Running Slots - |query_gridQtree| ','','',120,'',600,'','','','0','','Running Slots','','on','','on','',2,'','','','','','','','on','',1024,'','','','','','','',NULL,'',NULL,'',NULL,'',NULL,'',NULL,'',NULL,'',NULL,'',NULL,'','30','',NULL,'',NULL,'',NULL,'',NULL),(119,0,0,115,'',1,'','|host_description| - Pending Jobs - |query_gridQtree|','','',120,'',600,'','','','0','','Pending Jobs','','on','','on','',2,'','','','','','','','on','',1024,'','','','','','','',NULL,'',NULL,'',NULL,'',NULL,'',NULL,'',NULL,'',NULL,'',NULL,'','30','',NULL,'',NULL,'',NULL,'',NULL),(120,0,0,116,'',1,'','|host_description| - Pending Slots - |query_gridQtree|','','',120,'',600,'','','','0','','Pending Slots','','on','','on','',2,'','','','','','','','on','',1024,'','','','','','','',NULL,'',NULL,'',NULL,'',NULL,'',NULL,'',NULL,'',NULL,'',NULL,'','30','',NULL,'',NULL,'',NULL,'',NULL),(121,0,0,117,'',1,'on','|host_description| - Wireless Levels','','',120,'',500,'','','','0','','percent','0','on','','','',2,'','','0','','','on','','on','',1024,'','','','','','','',NULL,'',NULL,'',NULL,'',NULL,'',NULL,'',NULL,'',NULL,'',NULL,'','30','',NULL,'',NULL,'',NULL,'',NULL),(122,0,0,118,'',1,'on','|host_description| - Wireless Transmissions','','',120,'',500,'','','','0','','transmissions','0','on','','on','',2,'','','0','','','on','','on','',1024,'','','','','','','',NULL,'',NULL,'',NULL,'',NULL,'',NULL,'',NULL,'',NULL,'',NULL,'','30','',NULL,'',NULL,'',NULL,'',NULL),(123,0,0,119,'',1,'','|host_description| - Logged in Users','','',120,'',500,'','','','0','','users','0','on','','on','',2,'','','0','','','on','','on','',1024,'','','','','','','','','','','','','',0,'','','','','','','','','','30','','','','','','','',''),(124,0,0,120,'',1,'','|host_description| - Processes','','',120,'',500,'','','','0','','processes','0','on','','on','',2,'','','0','','','','','on','',1024,'','','','','','','','','','','','','',0,'','','','','','','','','','30','','','','','','','',''),(125,0,0,121,'',1,'','|host_description| - CPU Utilization','','',120,'',500,'','110','','0','','percent','','on','','','',2,'','','','','','','','on','',1024,'','','','','','','','','','','','','',0,'','','','','','','','','','30','','','','','','','',''),(126,0,0,122,'',1,'','|host_description| - Interrupts','','',120,'',500,'','','','0','','Interrupts','','on','','on','',2,'','','','','','','','on','',1024,'','','','','','','','','','','','','',0,'','','','','','','','','','30','','','','','','','',''),(127,0,0,123,'',1,'','|host_description| - Context Switches','','',120,'',500,'','','','0','','Context Switches','','on','','on','',2,'','','','','','','','on','',1024,'','','','','','','','','','','','','',0,'','','','','','','','','','30','','','','','','','',''),(128,0,0,124,'',1,'on','|host_description| - Available Disk Space','','',120,'',500,'','','','0','','bytes','0','on','','on','',2,'','','0','','','on','','on','',1024,'','','','','','','','','','','','','',0,'','','','','','','','','','30','','','','','','','',''),(129,0,0,125,'',1,'on','|host_description| - CPU Utilization','','',120,'',500,'','110','','0','','percent','0','on','','','',2,'','','0','','','on','','on','',1024,'','','','','','','','','','','','','',0,'','','','','','','','','','30','','','','','','','',''),(130,0,0,126,'',1,'','|host_description| - File System Cache','','',120,'',500,'','','','0','','cache checks/hits','0','on','','on','',2,'','','0','','','on','','on','',1024,'','','','','','','',NULL,'',NULL,'',NULL,'',NULL,'',NULL,'',NULL,'',NULL,'',NULL,'','30','',NULL,'',NULL,'',NULL,'',NULL),(131,0,0,127,'',1,'','|host_description| - File System Activity','','',120,'',500,'','','','0','','reads/writes per sec','0','on','','on','',2,'','','0','','','on','','on','',1024,'','','','','','','',NULL,'',NULL,'',NULL,'',NULL,'',NULL,'',NULL,'',NULL,'',NULL,'','30','',NULL,'',NULL,'',NULL,'',NULL),(132,0,0,128,'',1,'','|host_description| - Logged In Users','','',120,'',500,'','','','0','','users','0','on','','on','',2,'','','0','','','on','','on','',1024,'','','','','','','',NULL,'',NULL,'',NULL,'',NULL,'',NULL,'',NULL,'',NULL,'',NULL,'','30','',NULL,'',NULL,'',NULL,'',NULL),(133,0,0,129,'',1,'','|host_description| - Open Files','','',120,'',500,'','','','0','','files','0','on','','on','',2,'','','0','','','','','on','',1024,'','','','','','','',NULL,'',NULL,'',NULL,'',NULL,'',NULL,'',NULL,'',NULL,'',NULL,'','30','',NULL,'',NULL,'',NULL,'',NULL),(134,0,0,130,'',1,'on','|host_description| - Volume Information','','',120,'',500,'','','','0','','bytes','0','on','','on','',2,'','','0','','','on','','on','',1024,'','','','','','','',NULL,'',NULL,'',NULL,'',NULL,'',NULL,'',NULL,'',NULL,'',NULL,'','30','',NULL,'',NULL,'',NULL,'',NULL),(135,0,0,131,'',1,'','|host_description| - Directory Information','','',120,'',500,'','','','0','','directory entries','0','on','','on','',2,'','','0','','','on','','on','',1024,'','','','','','','',NULL,'',NULL,'',NULL,'',NULL,'',NULL,'',NULL,'',NULL,'',NULL,'','30','',NULL,'',NULL,'',NULL,'',NULL),(136,0,0,132,'',1,'','|host_description| - CPU Utilization','','',120,'',500,'','110','','0','','percent','0','on','','','',2,'','','0','','','on','','on','',1024,'','','','','','','',NULL,'',NULL,'',NULL,'',NULL,'',NULL,'',NULL,'',NULL,'',NULL,'','30','',NULL,'',NULL,'',NULL,'',NULL),(137,0,0,133,'',1,'','|host_description| - teMySQL - Volatile Queries','','',150,'',600,'','','','0','','','','on','','on','',2,'','','','','','','','on','',1024,'','','','','','','','','','','','','',0,'','','','','','','','','','30','','','','','','','',''),(138,0,0,134,'',1,'','|host_description| - teMySQL - Volatile Handler','','',150,'',600,'','','','0','','','','on','','on','',2,'','','','','','','','on','',1024,'','','','','','','','','','','','','',0,'','','','','','','','','','30','','','','','','','',''),(139,0,0,135,'',1,'','|host_description| - teMySQL - Select Queries','','',150,'',600,'','','','1','','','','on','','on','',2,'','','','','','','','on','',1024,'','','','','','','','','','','','','',0,'','','','','','','','','','30','','','','','','','',''),(140,0,0,136,'',1,'','|host_description| - teMySQL - Select Handler','','',150,'',600,'','','','1','','','','on','','on','',2,'','','','','','','','on','',1024,'','','','','','','','','','','','','',0,'','','','','','','','','','30','','','','','','','',''),(141,0,0,137,'',1,'','|host_description| - teMySQL - Index Usage','','',150,'',600,'','','','1','','','','on','','on','',2,'','','','','','','','on','',1024,'','','','','','','','','','','','','',0,'','','','','','','','','','30','','','','','','','',''),(142,0,0,138,'',1,'','|host_description| - teMySQL - Query Cache','','',150,'',600,'','','','1','','','','on','','on','',2,'','','','','','','','on','',1024,'','','','','','','','','','','','','',0,'','','','','','','','','','30','','','','','','','',''),(143,0,0,139,'',1,'','|host_description| - teMySQL - Network Usage','','',150,'',600,'','','','1','','','','on','','on','',2,'','','','','','','','on','',1024,'','','','','','','','','','','','','',0,'','','','','','','','','','30','','','','','','','',''),(144,0,0,140,'',1,'','|host_description| - teMySQL - Sorts','','',150,'',600,'','','','0','','','','on','','on','',2,'','','','','','','','on','',1024,'','','','','','','','','','','','','',0,'','','','','','','','','','30','','','','','','','',''),(145,0,0,141,'',1,'','|host_description| - teMySQL - Locking and Slow','','',150,'',600,'','','','1','','','','on','','on','',2,'','','','','','','','on','',1024,'','','','','','','','','','','','','',0,'','','','','','','','','','30','','','','','','','',''),(146,0,0,142,'',1,'','|host_description| - teMySQL - Temporary Objects','','',150,'',600,'','','','0','','','','on','','on','',2,'','','','','','','','on','',1024,'','','','','','','','','','','','','',0,'','','','','','','','','','30','','','','','','','',''),(147,0,0,143,'',1,'','|host_description| - teMySQL - Threads/Abends','','',150,'',600,'','','','0','','','','on','','on','',2,'','','','','','','','on','',1024,'','','','','','','','','','','','','',0,'','','','','','','','','','30','','','','','','','',''),(148,0,0,144,'',1,'','|host_description| - teMySQL - CPU Usage','','',150,'',600,'','','','0','','','','on','','on','',2,'','','','','','on','','on','',1024,'','','','','','','','','','','','','',0,'','','','','','','','','','30','','','','','','','',''),(149,0,0,145,'',1,'','|host_description| - teMySQL - Old Command Stats','','',150,'',600,'','','','0.1','','','','on','','on','',2,'','','','','','','','on','',1024,'','','','','','','','','','','','','',0,'','','','','','','','','','30','','','','','','','',''),(150,0,0,146,'',1,'','|host_description| - teMySQL - Old Handler Stats','','',150,'',600,'','','','1','','','','on','','on','',2,'','','','','','','','on','',1024,'','','','','','','','','','','','','',0,'','','','','','','','','','30','','','','','','','',''),(151,0,0,147,'',1,'','|host_description| - teMySQL - Load Average','','',150,'',600,'','','','0','','','','on','','on','',2,'','','','','','on','','on','',1024,'','','','','','','','','','','','','',0,'','','','','','','','','','30','','','','','','','',''),(152,0,0,148,'',1,'','|host_description| - teMySQL - InnoDB Row','','',150,'',600,'','','','1','','','','on','','on','',2,'','','','','','','','on','',1024,'','','','','','','','','','','','','',0,'','','','','','','','','','30','','','','','','','',''),(153,0,0,149,'',1,'','|host_description| - teMySQL - InnoDB BufPgMem','','',150,'',600,'','','','1','','','','on','','on','',2,'','on','','','','','','on','',1024,'','','','','','','','','','','','','',0,'','','','','','','','','','30','','','','','','','',''),(154,0,0,150,'',1,'','|host_description| - teMySQL - InnoDB Locks','','',150,'',600,'','','','0.1','','','','on','','on','',2,'','','','','','','','on','',1024,'','','','','','','','','','','','','',0,'','','','','','','','','','30','','','','','','','',''),(155,0,0,151,'',1,'','|host_description| - teMySQL - InnoDB InsBuffer','','',150,'',600,'','','','0.1','','','','on','','on','',2,'','on','','','','','','on','',1024,'','','','','','','','','','','','','',0,'','','','','','','','','','30','','','','','','','',''),(156,0,0,152,'',1,'','|host_description| - teMySQL - InnoDB I/O','','',150,'',600,'','','','0.1','','','','on','','on','',2,'','','','','','','','on','',1024,'','','','','','','','','','','','','',0,'','','','','','','','','','30','','','','','','','',''),(157,0,0,153,'',1,'','|host_description| - Project - |query_projectName| - Job Efficiency','','',120,'',500,'','100','','0','','efficiency %','','on','','on','',2,'','','','','','','','on','',1024,'','','','','','','',NULL,'',NULL,'',NULL,'',NULL,'',NULL,'',NULL,'',NULL,'',NULL,'','30','',NULL,'',NULL,'',NULL,'',NULL),(158,0,0,154,'',1,'','|host_description| - Project - |query_projectName| - Memory Stats','','',120,'',500,'','','','0','','bytes','','on','','on','',2,'','','','','','','','on','',1024,'','','','','','','',NULL,'',NULL,'',NULL,'',NULL,'',NULL,'',NULL,'',NULL,'',NULL,'','30','',NULL,'',NULL,'',NULL,'',NULL),(159,0,0,155,'',1,'','|host_description| - Project - |query_projectName| - Pending Job Slots','','',120,'',500,'','','','0','','jobs','','on','','on','',2,'','','','','','','','on','',1024,'','','','','','','',NULL,'',NULL,'',NULL,'',NULL,'',NULL,'',NULL,'',NULL,'',NULL,'','30','',NULL,'',NULL,'',NULL,'',NULL),(160,0,0,156,'',1,'','|host_description| - Project - |query_projectName| - Running Job Slots','','',120,'',500,'','','','0','','jobs','','on','','on','',2,'','','','','','','','on','',1024,'','','','','','','',NULL,'',NULL,'',NULL,'',NULL,'',NULL,'',NULL,'',NULL,'',NULL,'','30','',NULL,'',NULL,'',NULL,'',NULL),(161,0,0,157,'',1,'','|host_description| - Project - |query_projectName| - Running CPU','','',120,'',500,'','','','0','','Minutes','','on','','on','',2,'','','','','','','','on','',1024,'','','','','','','',NULL,'',NULL,'',NULL,'',NULL,'',NULL,'',NULL,'',NULL,'',NULL,'','30','',NULL,'',NULL,'',NULL,'',NULL),(162,0,0,158,'',1,'','|host_description| - |query_projectName| - VM Stats','','',120,'',500,'','','','0','','bytes','','on','','on','',2,'','','','','','','','on','',1024,'','','','','','','',NULL,'',NULL,'',NULL,'',NULL,'',NULL,'',NULL,'',NULL,'',NULL,'','30','',NULL,'',NULL,'',NULL,'',NULL),(163,0,0,159,'',1,'','|host_description| - Project - |query_projectName| - Pending Jobs','','',120,'',500,'','','','0','','jobs','','on','','on','',2,'','','','','','','','on','',1024,'','','','','','','',NULL,'',NULL,'',NULL,'',NULL,'',NULL,'',NULL,'',NULL,'',NULL,'','30','',NULL,'',NULL,'',NULL,'',NULL),(164,0,0,160,'',1,'','|host_description| - Project - |query_projectName| - Running Jobs','','',120,'',500,'','','','0','','jobs','','on','','on','',2,'','','','','','','','on','',1024,'','','','','','','',NULL,'',NULL,'',NULL,'',NULL,'',NULL,'',NULL,'',NULL,'',NULL,'','30','',NULL,'',NULL,'',NULL,'',NULL),(165,0,0,161,'',1,'on','|host_description| - Pending for','','',120,'',500,'','','','0','','Jobs','','on','','on','',2,'','','','','','','','on','',1024,'','','','','','','',NULL,'',NULL,'',NULL,'',NULL,'',NULL,'',NULL,'',NULL,'',NULL,'','30','',NULL,'',NULL,'',NULL,'',NULL),(166,0,0,162,'',1,'on','|host_description| -','','',120,'',500,'','','','0','on','','0','on','','on','',2,'','','0','','','','','on','',1024,'','','','','','','',NULL,'',NULL,'',NULL,'',NULL,'',NULL,'',NULL,'',NULL,'',NULL,'','30','',NULL,'',NULL,'',NULL,'',NULL),(167,0,0,163,'',1,'','|host_description| - Ping Latency','','',120,'',500,'','','','0','','milliseconds','0','on','','on','',2,'','','0','','','','','on','',1024,'','','','','','','',NULL,'',NULL,'',NULL,'',NULL,'',NULL,'',NULL,'',NULL,'',NULL,'','30','',NULL,'',NULL,'',NULL,'',NULL),(168,0,0,164,'',1,'','Cluster |query_cluster| - |query_project| - |query_feature| Acum Use','','',120,'',600,'','','','0','','shares','','on','','on','',2,'','','','','','','','on','',1024,'','','','','','','',NULL,'',NULL,'',NULL,'',NULL,'',NULL,'',NULL,'',NULL,'',NULL,'','30','',NULL,'',NULL,'',NULL,'',NULL),(169,0,0,165,'',1,'','Cluster Stats for |query_cluster| - |query_project| - |query_feature|','','',120,'',600,'','','','0','','jobs','','on','','on','',2,'','','','','','','','on','',1024,'','','','','','','',NULL,'',NULL,'',NULL,'',NULL,'',NULL,'',NULL,'',NULL,'',NULL,'','30','',NULL,'',NULL,'',NULL,'',NULL),(170,0,0,166,'',1,'','Contention for |query_project| in |query_cluster| for |query_feature|','','',120,'',600,'','','','0','','tokens','','on','','on','',2,'','','','','','','','on','',1024,'','','','','','','',NULL,'',NULL,'',NULL,'',NULL,'',NULL,'',NULL,'',NULL,'',NULL,'','30','',NULL,'',NULL,'',NULL,'',NULL),(171,0,0,167,'',1,'','Region |query_region| - |query_feature| - LSF/Non-LSF Use','','',120,'',600,'','','','0','','licenses','','on','','on','',2,'','','','','','','','on','',1024,'','','','','','','',NULL,'',NULL,'',NULL,'',NULL,'',NULL,'',NULL,'',NULL,'',NULL,'','30','',NULL,'',NULL,'',NULL,'',NULL),(172,0,0,168,'',1,'','Region |query_region| - |query_feature| - Feature Stats','','',120,'',600,'','','','0','','licenses','','on','','on','',2,'','','','','','','','on','',1024,'','','','','','','',NULL,'',NULL,'',NULL,'',NULL,'',NULL,'',NULL,'',NULL,'',NULL,'','30','',NULL,'',NULL,'',NULL,'',NULL),(173,0,0,169,'',1,'','Region |query_region| - Project |query_project| - |query_feature| - Project Use','','',120,'',600,'','','','0','','licenses','','on','','on','',2,'','','','','','','','on','',1024,'','','','','','','',NULL,'',NULL,'',NULL,'',NULL,'',NULL,'',NULL,'',NULL,'',NULL,'','30','',NULL,'',NULL,'',NULL,'',NULL),(174,0,0,170,'',1,'','Region |query_region| - |query_project| - |query_feature| - Project Demand','','',120,'',600,'','','','0','','licenses','','on','','on','',2,'','','','','','','','on','',1024,'','','','','','','',NULL,'',NULL,'',NULL,'',NULL,'',NULL,'',NULL,'',NULL,'',NULL,'','30','',NULL,'',NULL,'',NULL,'',NULL),(175,0,0,171,'',1,'','Region |query_region| - |query_project| - |query_feature| - Project Share','','',120,'',600,'','','','0','','percent','','on','','on','',2,'','','','','','','','on','',1024,'','','','','','','',NULL,'',NULL,'',NULL,'',NULL,'',NULL,'',NULL,'',NULL,'',NULL,'','30','',NULL,'',NULL,'',NULL,'',NULL),(176,0,0,172,'',1,'','Region |query_region| - Project |query_project| Use for |query_feature| in |query_serviceDomain|','','',120,'',600,'','','','0','','tokens','','on','','on','',2,'','','','','','','','on','',1024,'','','','','','','',NULL,'',NULL,'',NULL,'',NULL,'',NULL,'',NULL,'',NULL,'',NULL,'','30','',NULL,'',NULL,'',NULL,'',NULL),(177,0,0,173,'',1,'','Cluster Summary Stats for |query_cluster| - |query_feature|','','',120,'',600,'','','','0','','jobs','','on','','on','',2,'','','','','','','','on','',1024,'','','','','','','',NULL,'',NULL,'',NULL,'',NULL,'',NULL,'',NULL,'',NULL,'',NULL,'','30','',NULL,'',NULL,'',NULL,'',NULL),(178,0,0,174,'',1,'','Cluster Mode Stat for |query_cluster| - |query_feature|','','',175,'',600,'','','','0','','tokens','','on','','on','',2,'','','','','','','','on','',1024,'','','','','','','',NULL,'',NULL,'',NULL,'',NULL,'',NULL,'',NULL,'',NULL,'',NULL,'','30','',NULL,'',NULL,'',NULL,'',NULL),(179,0,0,175,'',1,'','Demand vs. Alloc for |query_cluster| - |query_feature|','','',175,'',600,'','','','0','','tokens','','on','','on','',2,'','','','','','','','on','',1024,'','','','','','','',NULL,'',NULL,'',NULL,'',NULL,'',NULL,'',NULL,'',NULL,'',NULL,'','30','',NULL,'',NULL,'',NULL,'',NULL),(180,0,0,176,'',1,'','Extension |query_extension| - Total File Size','','',200,'',700,'','','','0','','bytes','','on','','on','',2,'','','','','','','','on','',1024,'','','','','','','',NULL,'',NULL,'',NULL,'',NULL,'',NULL,'',NULL,'',NULL,'',NULL,'','30','',NULL,'',NULL,'',NULL,'',NULL),(181,0,0,177,'',1,'','Extension |query_extension| - Total Files','','',200,'',700,'','','','0','','files','','on','','on','',2,'','','','','','','','on','',1024,'','','','','','','',NULL,'',NULL,'',NULL,'',NULL,'',NULL,'',NULL,'',NULL,'',NULL,'','30','',NULL,'',NULL,'',NULL,'',NULL),(182,0,0,178,'',1,'','User |query_userName| - Total File Size','','',200,'',700,'','','','0','','bytes','','on','','on','',2,'','','','','','','','on','',1024,'','','','','','','',NULL,'',NULL,'',NULL,'',NULL,'',NULL,'',NULL,'',NULL,'',NULL,'','30','',NULL,'',NULL,'',NULL,'',NULL),(183,0,0,179,'',1,'','User |query_userName| - Directories/Files','','',200,'',700,'','','','0','','directories/files','','on','','on','',2,'','','','','','','','on','',1024,'','','','','','','',NULL,'',NULL,'',NULL,'',NULL,'',NULL,'',NULL,'',NULL,'',NULL,'','30','',NULL,'',NULL,'',NULL,'',NULL),(184,0,0,180,'',1,'','User Group |query_groupName| - Directories/Files','','',200,'',700,'','','','0','','directories/files','','on','','on','',2,'','','','','','','','on','',1024,'','','','','','','',NULL,'',NULL,'',NULL,'',NULL,'',NULL,'',NULL,'',NULL,'',NULL,'','30','',NULL,'',NULL,'',NULL,'',NULL),(185,0,0,181,'',1,'','User Group |query_groupName| - Total File Size','','',200,'',700,'','','','0','','bytes','','on','','on','',2,'','','','','','','','on','',1024,'','','','','','','',NULL,'',NULL,'',NULL,'',NULL,'',NULL,'',NULL,'',NULL,'',NULL,'','30','',NULL,'',NULL,'',NULL,'',NULL),(186,0,0,182,'',1,'','User Group |query_groupName| - Active Users','','',200,'',700,'','','','0','','users','','on','','on','',2,'','','','','','','','on','',1024,'','','','','','','',NULL,'',NULL,'',NULL,'',NULL,'',NULL,'',NULL,'',NULL,'',NULL,'','30','',NULL,'',NULL,'',NULL,'',NULL),(187,0,0,183,'',1,'','Application |query_application| - Total File Size','','',200,'',700,'','','','0','','bytes','','on','','on','',2,'','','','','','','','on','',1024,'','','','','','','',NULL,'',NULL,'',NULL,'',NULL,'',NULL,'',NULL,'',NULL,'',NULL,'','30','',NULL,'',NULL,'',NULL,'',NULL),(188,0,0,184,'',1,'','Application |query_application| - Total Files','','',200,'',700,'','','','0','','files','','on','','on','',2,'','','','','','','','on','',1024,'','','','','','','',NULL,'',NULL,'',NULL,'',NULL,'',NULL,'',NULL,'',NULL,'',NULL,'','30','',NULL,'',NULL,'',NULL,'',NULL),(189,0,0,185,'',1,'','Tagname |query_tagname| - Total File Size','','',200,'',700,'','','','0','','bytes','','on','','on','',2,'','','','','','','','on','',1024,'','','','','','','',NULL,'',NULL,'',NULL,'',NULL,'',NULL,'',NULL,'',NULL,'',NULL,'','30','',NULL,'',NULL,'',NULL,'',NULL),(190,0,0,186,'',1,'','Tagname |query_tagname| - Total Files','','',200,'',700,'','','','0','','files','','on','','on','',2,'','','','','','','','on','',1024,'','','','','','','',NULL,'',NULL,'',NULL,'',NULL,'',NULL,'',NULL,'',NULL,'',NULL,'','30','',NULL,'',NULL,'',NULL,'',NULL),(191,0,0,187,'',1,'','|query_orgName| - Directories/Files','','',200,'',700,'','','','0','','directories/files','','on','','on','',2,'','','','','','','','on','',1024,'','','','','','','',NULL,'',NULL,'',NULL,'',NULL,'',NULL,'',NULL,'',NULL,'',NULL,'','30','',NULL,'',NULL,'',NULL,'',NULL),(192,0,0,188,'',1,'','|query_orgName| - Total File Size','','',200,'',700,'','','','0','','bytes','','on','','on','',2,'','','','','','','','on','',1024,'','','','','','','',NULL,'',NULL,'',NULL,'',NULL,'',NULL,'',NULL,'',NULL,'',NULL,'','30','',NULL,'',NULL,'',NULL,'',NULL),(193,0,0,189,'',1,'','|query_orgName| - Active Users','','',200,'',700,'','','','0','','users','','on','','on','',2,'','','','','','','','on','',1024,'','','','','','','',NULL,'',NULL,'',NULL,'',NULL,'',NULL,'',NULL,'',NULL,'',NULL,'','30','',NULL,'',NULL,'',NULL,'',NULL),(194,0,0,190,'',1,'','|query_hostname| - |query_mount| - Disk Space Usage','','',200,'',700,'','100','','0','','bytes','','on','','on','',2,'','','','','','','','on','',1024,'','','','','','','',NULL,'',NULL,'',NULL,'',NULL,'',NULL,'',NULL,'',NULL,'',NULL,'','30','',NULL,'',NULL,'',NULL,'',NULL),(195,0,0,191,'',1,'','|query_hostname| - |query_mount| - Disk Space Percent','','',200,'',700,'','100','','0','','percent used','','on','','on','',2,'','','','','','','','on','',1024,'','','','','','','',NULL,'',NULL,'',NULL,'',NULL,'',NULL,'',NULL,'',NULL,'',NULL,'','30','',NULL,'',NULL,'',NULL,'',NULL),(196,0,0,192,'',1,'','|host_description| - LSF Host Info Requests','','',120,'',500,'','','','0','','requests','','on','','on','',2,'','','','','','','','on','',1024,'','','','','','','',NULL,'',NULL,'',NULL,'',NULL,'',NULL,'',NULL,'',NULL,'',NULL,'','30','',NULL,'',NULL,'',NULL,'',NULL),(197,0,0,193,'',1,'','|host_description| - LSF Host Match Criteria','','',120,'',500,'','','','0','','seconds','','on','','on','',2,'','','','','','','','on','',1024,'','','','','','','',NULL,'',NULL,'',NULL,'',NULL,'',NULL,'',NULL,'',NULL,'',NULL,'','30','',NULL,'',NULL,'',NULL,'',NULL),(198,0,0,194,'',1,'','|host_description| - LSF Job Buckets','','',120,'',500,'','','','0','','buckets','','on','','on','',2,'','','','','','','','on','',1024,'','','','','','','',NULL,'',NULL,'',NULL,'',NULL,'',NULL,'',NULL,'',NULL,'',NULL,'','30','',NULL,'',NULL,'',NULL,'',NULL),(199,0,0,195,'',1,'','|host_description| - LSF Job Info Requests','','',120,'',500,'','','','0','','requests','','on','','on','',2,'','','','','','','','on','',1024,'','','','','','','',NULL,'',NULL,'',NULL,'',NULL,'',NULL,'',NULL,'',NULL,'',NULL,'','30','',NULL,'',NULL,'',NULL,'',NULL),(200,0,0,196,'',1,'','|host_description| - LSF Job Scheduling Interval','','',120,'',500,'','','','0','','seconds','','on','','on','',2,'','','','','','','','on','',1024,'','','','','','','',NULL,'',NULL,'',NULL,'',NULL,'',NULL,'',NULL,'',NULL,'',NULL,'','30','',NULL,'',NULL,'',NULL,'',NULL),(201,0,0,197,'',1,'','|host_description| - LSF Jobs Completed','','',120,'',500,'','','','0','','jobs','','on','','on','',2,'','','','','','','','on','',1024,'','','','','','','',NULL,'',NULL,'',NULL,'',NULL,'',NULL,'',NULL,'',NULL,'',NULL,'','30','',NULL,'',NULL,'',NULL,'',NULL),(202,0,0,198,'',1,'','|host_description| - LSF Jobs Dispatched','','',120,'',500,'','','','0','','jobs','','on','','on','',2,'','','','','','','','on','',1024,'','','','','','','',NULL,'',NULL,'',NULL,'',NULL,'',NULL,'',NULL,'',NULL,'',NULL,'','30','',NULL,'',NULL,'',NULL,'',NULL),(203,0,0,199,'',1,'','|host_description| - LSF Jobs Submitted','','',120,'',500,'','','','0','','jobs','','on','','on','',2,'','','','','','','','on','',1024,'','','','','','','',NULL,'',NULL,'',NULL,'',NULL,'',NULL,'',NULL,'',NULL,'',NULL,'','30','',NULL,'',NULL,'',NULL,'',NULL),(204,0,0,200,'',1,'','|host_description| - LSF Job Submit Requests','','',120,'',500,'','','','0','','requests','','on','','on','',2,'','','','','','','','on','',1024,'','','','','','','',NULL,'',NULL,'',NULL,'',NULL,'',NULL,'',NULL,'',NULL,'',NULL,'','30','',NULL,'',NULL,'',NULL,'',NULL),(205,0,0,201,'',1,'','|host_description| - MBatchD Requests','','',120,'',500,'','','','0','','requests','','on','','on','',2,'','','','','','','','on','',1024,'','','','','','','',NULL,'',NULL,'',NULL,'',NULL,'',NULL,'',NULL,'',NULL,'',NULL,'','30','',NULL,'',NULL,'',NULL,'',NULL),(206,0,0,202,'',1,'','|host_description| - LSF MBD File Descriptor Usage','','',120,'',500,'','','','0','','descriptors','','on','','on','',2,'','','','','','','','on','',1024,'','','','','','','',NULL,'',NULL,'',NULL,'',NULL,'',NULL,'',NULL,'',NULL,'',NULL,'','30','',NULL,'',NULL,'',NULL,'',NULL),(207,0,0,203,'',1,'','|host_description| - LSF Queue Info Requests','','',120,'',500,'','','','0','','requests','','on','','on','',2,'','','','','','','','on','',1024,'','','','','','','',NULL,'',NULL,'',NULL,'',NULL,'',NULL,'',NULL,'',NULL,'',NULL,'','30','',NULL,'',NULL,'',NULL,'',NULL),(208,0,0,204,'',1,'','|host_description| - Effective Utilization','','',200,'',700,'','110','','0','','percent utilization','','on','','','',2,'','','','','','','','on','',1024,'','','','','','','',NULL,'',NULL,'',NULL,'',NULL,'',NULL,'',NULL,'',NULL,'',NULL,'','30','',NULL,'',NULL,'',NULL,'',NULL),(209,0,0,205,'',1,'','|host_description| - Effective UT','','',200,'',700,'','110','','0','','Effective UT Percent','','on','','','',2,'','','','','','','','on','',1024,'','','','','','','',NULL,'',NULL,'',NULL,'',NULL,'',NULL,'',NULL,'',NULL,'',NULL,'','30','',NULL,'',NULL,'',NULL,'',NULL),(210,0,0,206,'',1,'','|host_description| - |query_groupName| - Effective Utilization','','',120,'',500,'','110','','0','','Effective UT Percent','','on','','','',2,'','','','','','','','on','',1024,'','','','','','','',NULL,'',NULL,'',NULL,'',NULL,'',NULL,'',NULL,'',NULL,'',NULL,'','30','',NULL,'',NULL,'',NULL,'',NULL),(211,0,0,207,'',1,'','|host_description| - Alert - LM License Feature Usage % - |input_feature|','','',120,'',500,'','100','','0','','','','on','','on','',2,'','','','','','','','on','',1024,'','','','','','','',NULL,'',NULL,'',NULL,'',NULL,'',NULL,'',NULL,'',NULL,'',NULL,'','30','',NULL,'',NULL,'',NULL,'',NULL),(212,0,0,208,'',1,'','|host_description| - Alert - Host With /tmp Exceed |input_percent|% Capacity','','',120,'',500,'','100','','0','','','','on','','on','',2,'','','','','','','','on','',1024,'','','','','','','',NULL,'',NULL,'',NULL,'',NULL,'',NULL,'',NULL,'',NULL,'',NULL,'','30','',NULL,'',NULL,'',NULL,'',NULL),(213,0,0,209,'',1,'','|host_description| - Alert - Host With /var/tmp Exceed |input_percent|% Capacity','','',120,'',500,'','100','','0','','','','on','','on','',2,'','','','','','','','on','',1024,'','','','','','','',NULL,'',NULL,'',NULL,'',NULL,'',NULL,'',NULL,'',NULL,'',NULL,'','30','',NULL,'',NULL,'',NULL,'',NULL),(214,0,0,210,'',1,'','|host_description| - Alert - Host With |input_status| Status','','',120,'',500,'','','','0','','','','on','','on','',2,'','','','','','','','on','',1024,'','','','','','','',NULL,'',NULL,'',NULL,'',NULL,'',NULL,'',NULL,'',NULL,'',NULL,'','30','',NULL,'',NULL,'',NULL,'',NULL),(215,0,0,211,'',1,'','|host_description| - Alert - Hostgroup |input_hgroup| With < |input_numslots| Free Slots','','',120,'',500,'','','','0','','','','on','','on','',2,'','','','','','','','on','',1024,'','','','','','','',NULL,'',NULL,'',NULL,'',NULL,'',NULL,'',NULL,'',NULL,'',NULL,'','30','',NULL,'',NULL,'',NULL,'',NULL),(216,0,0,212,'',1,'','|host_description| - Alert - Hosts With Effective r15m > |input_load_factor|','','',120,'',500,'','','','0','','','','on','','on','',2,'','','','','','','','on','',1024,'','','','','','','',NULL,'',NULL,'',NULL,'',NULL,'',NULL,'',NULL,'',NULL,'',NULL,'','30','',NULL,'',NULL,'',NULL,'',NULL),(217,0,0,213,'',1,'','|host_description| - Alert - Hosts With Used Mem > |input_percent|%','','',120,'',500,'','100','','0','','','','on','','on','',2,'','','','','','','','on','',1024,'','','','','','','',NULL,'',NULL,'',NULL,'',NULL,'',NULL,'',NULL,'',NULL,'',NULL,'','30','',NULL,'',NULL,'',NULL,'',NULL),(218,0,0,214,'',1,'','|host_description| - Alert - Hosts with Used Swp > |input_percent|%','','',120,'',500,'','100','','0','','','','on','','on','',2,'','','','','','','','on','',1024,'','','','','','','',NULL,'',NULL,'',NULL,'',NULL,'',NULL,'',NULL,'',NULL,'',NULL,'','30','',NULL,'',NULL,'',NULL,'',NULL),(219,0,0,215,'',1,'','|host_description| - Alert - Idle Jobs With Efficiency < |input_efficiency| in |input_queue| queue','','',120,'',500,'','','','0','','','','on','','on','',2,'','','','','','','','on','',1024,'','','','','','','',NULL,'',NULL,'',NULL,'',NULL,'',NULL,'',NULL,'',NULL,'',NULL,'','30','',NULL,'',NULL,'',NULL,'',NULL),(220,0,0,216,'',1,'','|host_description| - Alert - Jobs Pending Exceed |input_secpend|s in |input_queue|','','',120,'',500,'','','','0','','','','on','','on','',2,'','','','','','','','on','',1024,'','','','','','','',NULL,'',NULL,'',NULL,'',NULL,'',NULL,'',NULL,'',NULL,'',NULL,'','30','',NULL,'',NULL,'',NULL,'',NULL),(221,0,0,217,'',1,'','|host_description| - |query_gridGResPool| - Effective UT (|query_gridGResHosts| Hosts)','','',200,'',700,'','110','','0','','','','on','','','',1,'','','','','','','','on','',1000,'','','','','','','',NULL,'',NULL,'',NULL,'',NULL,'',NULL,'',NULL,'',NULL,'',NULL,'','30','',NULL,'',NULL,'',NULL,'',NULL),(222,0,0,218,'',1,'','|host_description| - LSF Jobs Reordered','','',120,'',500,'','','','0','','jobs','','on','','on','',2,'','','','','','','','on','',1024,'','','','','','','','','','','','','',0,'','0','','0','','','','','','30','','','','','','0','','0'),(223,0,0,219,'',1,'','|host_description| - LSF Memory Utilization','','',120,'',500,'','110','','0','','percent','','on','','','',2,'','','','','','','','on','',1024,'','','','','','','','','','','','','',0,'','0','','0','','','','','','30','','','','','','0','','0'),(224,0,0,220,'',1,'','|host_description| - LSF Slot Utilization','','',120,'',500,'','110','','0','','percent','','on','','','',2,'','','','','','','','on','',1024,'','','','','','','','','','','','','',0,'','0','','0','','','','','','30','','','','','','0','','0'),(225,0,0,221,'',1,'','|host_description| - GPU Memory Status for |query_gpuIndex|','','',150,'',500,'','100','','0','','bytes','','on','','on','',2,'','','','','','','','on','',1000,'','','','','','','','','','','','','',0,'','0','','0','','','','','','30','','','','','','0','','0'),(226,0,0,222,'',1,'','|host_description| - GPU Performance State for |query_gpuIndex|','','',150,'',500,'','100','','0','','state','','on','','on','',2,'','','','','','','','on','',1000,'','','','','','','','','','','','','',0,'','0','','0','','','','','','30','','','','','','0','','0'),(227,0,0,223,'',1,'','|host_description| - GPU Utilization for |query_gpuIndex|','','',150,'',500,'','110','','0','','% utilization','','on','','','',2,'','','','','','','','on','',1000,'','','','','','','','','','','','','',0,'','0','','0','','','','','','30','','','','','','0','','0'),(228,0,0,224,'',1,'','|host_description| - GPU Temperature for |query_gpuIndex|','','',150,'',500,'','100','','0','','Celsius','','on','','on','',2,'','','','','','','','on','',1000,'','','','','','','','','','','','','',0,'','0','','0','','','','','','30','','','','','','0','','0'),(229,0,0,225,'',1,'','|host_description| - GPU Jobs for |query_gpuIndex|','','',150,'',500,'','100','','0','','jobs','','on','','on','',2,'','','','','','','','on','',1000,'','','','','','','','','','','','','',0,'','0','','0','','','','','','30','','','','','','0','','0');
/*!40000 ALTER TABLE `graph_templates_graph` ENABLE KEYS */;
UNLOCK TABLES;

--
-- Table structure for table `graph_templates_item`
--

DROP TABLE IF EXISTS `graph_templates_item`;
/*!40101 SET @saved_cs_client     = @@character_set_client */;
/*!40101 SET character_set_client = utf8 */;
CREATE TABLE `graph_templates_item` (
  `id` int(10) unsigned NOT NULL AUTO_INCREMENT,
  `hash` varchar(32) NOT NULL DEFAULT '',
  `local_graph_template_item_id` int(10) unsigned NOT NULL DEFAULT 0,
  `local_graph_id` int(10) unsigned NOT NULL DEFAULT 0,
  `graph_template_id` mediumint(8) unsigned NOT NULL DEFAULT 0,
  `task_item_id` int(10) unsigned NOT NULL DEFAULT 0,
  `color_id` mediumint(8) unsigned NOT NULL DEFAULT 0,
  `alpha` char(2) DEFAULT 'FF',
  `graph_type_id` tinyint(3) unsigned NOT NULL DEFAULT 0,
  `line_width` decimal(4,2) DEFAULT 0.00,
  `dashes` varchar(20) DEFAULT NULL,
  `dash_offset` mediumint(4) DEFAULT NULL,
  `cdef_id` mediumint(8) unsigned NOT NULL DEFAULT 0,
  `vdef_id` mediumint(8) unsigned NOT NULL DEFAULT 0,
  `shift` char(2) DEFAULT NULL,
  `consolidation_function_id` tinyint(3) unsigned NOT NULL DEFAULT 0,
  `textalign` varchar(10) DEFAULT NULL,
  `text_format` varchar(255) DEFAULT NULL,
  `value` varchar(255) DEFAULT NULL,
  `hard_return` char(2) DEFAULT NULL,
  `gprint_id` mediumint(8) unsigned NOT NULL DEFAULT 0,
  `sequence` mediumint(8) unsigned NOT NULL DEFAULT 0,
  PRIMARY KEY (`id`),
  KEY `graph_template_id` (`graph_template_id`),
  KEY `local_graph_id_sequence` (`local_graph_id`,`sequence`),
  KEY `task_item_id` (`task_item_id`),
  KEY `lgi_gti` (`local_graph_id`,`graph_template_id`),
  KEY `cdef_id` (`cdef_id`),
  KEY `vdef_id` (`vdef_id`),
  KEY `color_id` (`color_id`),
  KEY `gprint_id` (`gprint_id`),
  KEY `local_graph_template_item_id` (`local_graph_template_item_id`)
) ENGINE=InnoDB COMMENT='Stores the actual graph item data.';
/*!40101 SET character_set_client = @saved_cs_client */;

--
-- Dumping data for table `graph_templates_item`
--

LOCK TABLES `graph_templates_item` WRITE;
/*!40000 ALTER TABLE `graph_templates_item` DISABLE KEYS */;
INSERT INTO `graph_templates_item` VALUES (1,'ba00ecd28b9774348322ff70a96f2826',0,0,1,1,48,'FF',7,0.00,NULL,NULL,0,0,NULL,1,NULL,'Running Processes','','',2,1),(2,'8d76de808efd73c51e9a9cbd70579512',0,0,1,1,0,'FF',9,0.00,NULL,NULL,0,0,NULL,4,NULL,'Current:','','',3,2),(3,'304244ca63d5b09e62a94c8ec6fbda8d',0,0,1,1,0,'FF',9,0.00,NULL,NULL,0,0,NULL,1,NULL,'Average:','','',3,3),(4,'da1ba71a93d2ed4a2a00d54592b14157',0,0,1,1,0,'FF',9,0.00,NULL,NULL,0,0,NULL,3,NULL,'Maximum:','','on',3,4),(5,'93ad2f2803b5edace85d86896620b9da',0,0,2,2,15,'FF',7,0.00,NULL,NULL,0,0,NULL,1,NULL,'1 Minute Average','','',2,1),(6,'e28736bf63d3a3bda03ea9f1e6ecb0f1',0,0,2,2,0,'FF',9,0.00,NULL,NULL,0,0,NULL,4,NULL,'Current:','','on',4,2),(7,'bbdfa13adc00398eed132b1ccb4337d2',0,0,2,3,8,'FF',8,0.00,NULL,NULL,0,0,NULL,1,NULL,'5 Minute Average','','',2,3),(8,'2c14062c7d67712f16adde06132675d6',0,0,2,3,0,'FF',9,0.00,NULL,NULL,0,0,NULL,4,NULL,'Current:','','on',4,4),(9,'9cf6ed48a6a54b9644a1de8c9929bd4e',0,0,2,4,9,'FF',8,0.00,NULL,NULL,0,0,NULL,1,NULL,'15 Minute Average','','',2,5),(10,'c9824064305b797f38feaeed2352e0e5',0,0,2,4,0,'FF',9,0.00,NULL,NULL,0,0,NULL,4,NULL,'Current:','','on',4,6),(11,'fa1bc4eff128c4da70f5247d55b8a444',0,0,2,0,1,'FF',4,0.00,NULL,NULL,12,0,NULL,1,NULL,'','','',2,7),(12,'5c94ac24bc0d6d2712cc028fa7d4c7d2',0,0,3,5,67,'FF',7,0.00,NULL,NULL,0,0,NULL,1,NULL,'Users','','',2,1),(13,'8bc7f905526f62df7d5c2d8c27c143c1',0,0,3,5,0,'FF',9,0.00,NULL,NULL,0,0,NULL,4,NULL,'Current:','','',3,2),(14,'cd074cd2b920aab70d480c020276d45b',0,0,3,5,0,'FF',9,0.00,NULL,NULL,0,0,NULL,1,NULL,'Average:','','',3,3),(15,'415630f25f5384ba0c82adbdb05fe98b',0,0,3,5,0,'FF',9,0.00,NULL,NULL,0,0,NULL,3,NULL,'Maximum:','','on',3,4),(16,'5fa7c2317f19440b757ab2ea1cae6abc',0,0,4,6,41,'FF',7,0.00,NULL,NULL,14,0,NULL,1,NULL,'Free','','',2,9),(17,'b1d18060bfd3f68e812c508ff4ac94ed',0,0,4,6,0,'FF',9,0.00,NULL,NULL,14,0,NULL,4,NULL,'Current:','','',2,10),(18,'780b6f0850aaf9431d1c246c55143061',0,0,4,6,0,'FF',9,0.00,NULL,NULL,14,0,NULL,1,NULL,'Average:','','',2,11),(19,'2d54a7e7bb45e6c52d97a09e24b7fba7',0,0,4,6,0,'FF',9,0.00,NULL,NULL,14,0,NULL,3,NULL,'Maximum:','','on',2,12),(20,'40206367a3c192b836539f49801a0b15',0,0,4,7,30,'FF',8,0.00,NULL,NULL,14,0,NULL,1,NULL,'Swap','','',2,13),(21,'7ee72e2bb3722d4f8a7f9c564e0dd0d0',0,0,4,7,0,'FF',9,0.00,NULL,NULL,14,0,NULL,4,NULL,'Current:','','',2,14),(22,'c8af33b949e8f47133ee25e63c91d4d0',0,0,4,7,0,'FF',9,0.00,NULL,NULL,14,0,NULL,1,NULL,'Average:','','',2,15),(23,'568128a16723d1195ce6a234d353ce00',0,0,4,7,0,'FF',9,0.00,NULL,NULL,14,0,NULL,3,NULL,'Maximum:','','on',2,16),(24,'6ca2161c37b0118786dbdb46ad767e5d',0,0,5,9,48,'FF',7,0.00,NULL,NULL,14,0,NULL,1,NULL,'Used','','',2,1),(25,'8ef3e7fb7ce962183f489725939ea40f',0,0,5,9,0,'FF',9,0.00,NULL,NULL,14,0,NULL,4,NULL,'Current:','','',2,2),(26,'3b13eb2e542fe006c9bf86947a6854fa',0,0,5,9,0,'FF',9,0.00,NULL,NULL,14,0,NULL,1,NULL,'Average:','','',2,3),(27,'a751838f87068e073b95be9555c57bde',0,0,5,9,0,'FF',9,0.00,NULL,NULL,14,0,NULL,3,NULL,'Maximum:','','on',2,4),(28,'5d6dff9c14c71dc1ebf83e87f1c25695',0,0,5,8,20,'FF',8,0.00,NULL,NULL,14,0,NULL,1,NULL,'Available','','',2,5),(29,'b27cb9a158187d29d17abddc6fdf0f15',0,0,5,8,0,'FF',9,0.00,NULL,NULL,14,0,NULL,4,NULL,'Current:','','',2,6),(30,'6c0555013bb9b964e51d22f108dae9b0',0,0,5,8,0,'FF',9,0.00,NULL,NULL,14,0,NULL,1,NULL,'Average:','','',2,7),(31,'42ce58ec17ef5199145fbf9c6ee39869',0,0,5,8,0,'FF',9,0.00,NULL,NULL,14,0,NULL,3,NULL,'Maximum:','','on',2,8),(32,'9bdff98f2394f666deea028cbca685f3',0,0,5,0,1,'FF',5,0.00,NULL,NULL,15,0,NULL,1,NULL,'Total','','',2,9),(33,'fb831fefcf602bc31d9d24e8e456c2e6',0,0,5,0,0,'FF',9,0.00,NULL,NULL,15,0,NULL,4,NULL,'Current:','','',2,10),(34,'5a958d56785a606c08200ef8dbf8deef',0,0,5,0,0,'FF',9,0.00,NULL,NULL,15,0,NULL,1,NULL,'Average:','','',2,11),(35,'5ce67a658cec37f526dc84ac9e08d6e7',0,0,5,0,0,'FF',9,0.00,NULL,NULL,15,0,NULL,3,NULL,'Maximum:','','on',2,12),(36,'',16,1,4,10,41,'FF',7,0.00,NULL,0,14,0,NULL,1,NULL,'Free','','',2,9),(37,'',17,1,4,10,0,'FF',9,0.00,NULL,0,14,0,NULL,4,NULL,'Current:','','',2,10),(38,'',18,1,4,10,0,'FF',9,0.00,NULL,0,14,0,NULL,1,NULL,'Average:','','',2,11),(39,'',19,1,4,10,0,'FF',9,0.00,NULL,0,14,0,NULL,3,NULL,'Maximum:','','on',2,12),(40,'',20,1,4,11,30,'FF',8,0.00,NULL,0,14,0,NULL,1,NULL,'Swap','','',2,13),(41,'',21,1,4,11,0,'FF',9,0.00,NULL,0,14,0,NULL,4,NULL,'Current:','','',2,14),(42,'',22,1,4,11,0,'FF',9,0.00,NULL,0,14,0,NULL,1,NULL,'Average:','','',2,15),(43,'',23,1,4,11,0,'FF',9,0.00,NULL,0,14,0,NULL,3,NULL,'Maximum:','','on',2,16),(44,'',5,2,2,12,15,'FF',7,0.00,NULL,0,0,0,NULL,1,NULL,'1 Minute Average','','',2,1),(45,'',6,2,2,12,0,'FF',9,0.00,NULL,0,0,0,NULL,4,NULL,'Current:','','on',4,2),(46,'',7,2,2,13,8,'FF',8,0.00,NULL,0,0,0,NULL,1,NULL,'5 Minute Average','','',2,3),(47,'',8,2,2,13,0,'FF',9,0.00,NULL,0,0,0,NULL,4,NULL,'Current:','','on',4,4),(48,'',9,2,2,14,9,'FF',8,0.00,NULL,0,0,0,NULL,1,NULL,'15 Minute Average','','',2,5),(49,'',10,2,2,14,0,'FF',9,0.00,NULL,0,0,0,NULL,4,NULL,'Current:','','on',4,6),(50,'',11,2,2,0,1,'FF',4,0.00,NULL,0,12,0,NULL,1,NULL,'','','',2,7),(51,'',12,3,3,15,67,'FF',7,0.00,NULL,0,0,0,NULL,1,NULL,'Users','','',2,1),(52,'',13,3,3,15,0,'FF',9,0.00,NULL,0,0,0,NULL,4,NULL,'Current:','','',3,2),(53,'',14,3,3,15,0,'FF',9,0.00,NULL,0,0,0,NULL,1,NULL,'Average:','','',3,3),(54,'',15,3,3,15,0,'FF',9,0.00,NULL,0,0,0,NULL,3,NULL,'Maximum:','','on',3,4),(55,'',1,4,1,16,48,'FF',7,0.00,NULL,0,0,0,NULL,1,NULL,'Running Processes','','',2,1),(56,'',2,4,1,16,0,'FF',9,0.00,NULL,0,0,0,NULL,4,NULL,'Current:','','',3,2),(57,'',3,4,1,16,0,'FF',9,0.00,NULL,0,0,0,NULL,1,NULL,'Average:','','',3,3),(58,'',4,4,1,16,0,'FF',9,0.00,NULL,0,0,0,NULL,3,NULL,'Maximum:','','on',3,4),(59,'fbafaae9c5873bcb0ea5d296e78c50ea',0,0,6,20,9,'FF',4,0.00,NULL,NULL,0,0,NULL,1,NULL,'Hosts','','',2,9),(60,'7d862c50648383dbd4f61a7c855e9125',0,0,6,20,0,'FF',9,0.00,NULL,NULL,0,0,NULL,4,NULL,'Current:','','',2,10),(61,'5c95dc09177224405bfc9c8327b500de',0,0,6,20,0,'FF',9,0.00,NULL,NULL,0,0,NULL,1,NULL,'Average:','','',2,11),(62,'29893153e2ebf92d76b6be6406364827',0,0,6,20,0,'FF',9,0.00,NULL,NULL,0,0,NULL,3,NULL,'Maximum:','','on',2,12),(63,'307b0e1d79f9e6c82422bdec60cb53fc',0,0,6,19,49,'FF',4,0.00,NULL,NULL,0,0,NULL,1,NULL,'Hosts per Process','','',2,13),(64,'95801ded6f69369331ffee4172831aac',0,0,6,19,0,'FF',9,0.00,NULL,NULL,0,0,NULL,4,NULL,'Current:','','',2,14),(65,'38a2601d6ab38676eacd4fad70fa449c',0,0,6,19,0,'FF',9,0.00,NULL,NULL,0,0,NULL,1,NULL,'Average:','','',2,15),(66,'31fd36f9eecfff1022bebbf8284124d3',0,0,6,19,0,'FF',9,0.00,NULL,NULL,0,0,NULL,3,NULL,'Maximum:','','on',2,16),(67,'d18cae02cd1fc00c58c709ab6c6c989a',0,0,6,18,21,'FF',4,0.00,NULL,NULL,0,0,NULL,1,NULL,'DataSources','','',2,23),(68,'b7a4edf537106e5ad15760df6eb90834',0,0,6,18,0,'FF',9,0.00,NULL,NULL,0,0,NULL,4,NULL,'Current:','','',2,24),(69,'32b41ebff7709434b11337a8330e8fa2',0,0,6,18,0,'FF',9,0.00,NULL,NULL,0,0,NULL,1,NULL,'Average:','','',2,26),(70,'6c4d9f04e1beb4fdd8707e3d926d39f5',0,0,6,18,0,'FF',9,0.00,NULL,NULL,0,0,NULL,3,NULL,'Maximum:','','on',2,27),(71,'99f09a6111752a5423b53f9026dfaf8f',0,0,6,17,22,'FF',4,0.00,NULL,NULL,0,0,NULL,1,NULL,'RRDs','','',2,29),(72,'03a4997c8f3157c9fb63169f059525b7',0,0,6,17,0,'FF',9,0.00,NULL,NULL,0,0,NULL,4,NULL,'Current:','','',2,30),(73,'a5b4dbbcba0f05ad0c6f0c2955733117',0,0,6,17,0,'FF',9,0.00,NULL,NULL,0,0,NULL,1,NULL,'Average:','','',2,31),(74,'50e554240bbe2a42606f104dc4775457',0,0,6,17,0,'FF',9,0.00,NULL,NULL,0,0,NULL,3,NULL,'Maximum:','','on',2,32),(75,'10c82019d4412fda7cff5838ac50856f',0,0,7,18,21,'FF',4,0.00,NULL,NULL,0,0,NULL,1,NULL,'DataSources','','',2,13),(76,'cb283c3ea8d75bbfcbfc6af2c318d2ca',0,0,7,18,0,'FF',9,0.00,NULL,NULL,0,0,NULL,4,NULL,'Current:','','',2,14),(77,'aed104112c9d02c3dcf5ef6d426e6d94',0,0,7,18,0,'FF',9,0.00,NULL,NULL,0,0,NULL,1,NULL,'Average:','','',2,15),(78,'e35f2eb9a56c5bd4854700b07563bb35',0,0,7,18,0,'FF',9,0.00,NULL,NULL,0,0,NULL,3,NULL,'Max:','','on',2,16),(79,'34743ace1d9ea36cbcbcb6238a051f06',0,0,7,17,22,'FF',4,0.00,NULL,NULL,0,0,NULL,1,NULL,'RRDs','','',2,17),(80,'f4ce5c3b7b41afc8697e67d03ac237c5',0,0,7,17,0,'FF',9,0.00,NULL,NULL,0,0,NULL,4,NULL,'Current:','','',2,18),(81,'e658a67093b52dda92170fa4de2891f7',0,0,7,17,0,'FF',9,0.00,NULL,NULL,0,0,NULL,1,NULL,'Average:','','',2,19),(82,'35ad8af76239bf66294a5363b9232066',0,0,7,17,0,'FF',9,0.00,NULL,NULL,0,0,NULL,3,NULL,'Max:','','on',2,20),(83,'dd37f3befa52f79f80e21b1d809099a1',0,0,8,24,9,'FF',4,0.00,NULL,NULL,0,0,NULL,1,NULL,'Runtime','','',2,1),(84,'99b331bf616afc6a6a839ccec7869d24',0,0,8,24,0,'FF',9,0.00,NULL,NULL,0,0,NULL,4,NULL,'Current:','','',2,2),(85,'793cdef16374fa8c60fa8c6f7e1e19b3',0,0,8,24,0,'FF',9,0.00,NULL,NULL,0,0,NULL,1,NULL,'Average:','','',2,3),(86,'87ef1e72bbe1d795959ab482908b8ede',0,0,8,24,0,'FF',9,0.00,NULL,NULL,0,0,NULL,3,NULL,'Maximum:','','on',2,4),(87,'fcbadf401144aca864ee6e351dbefc71',0,0,8,25,21,'FF',4,0.00,NULL,NULL,0,0,NULL,1,NULL,'RRD Updates','','',2,5),(88,'f0b956b88bb80efdd2274e8fc854e3f6',0,0,8,25,0,'FF',9,0.00,NULL,NULL,0,0,NULL,4,NULL,'Current:','','',2,6),(89,'ae0c95809d23aa0f352588e8687b18bd',0,0,8,25,0,'FF',9,0.00,NULL,NULL,0,0,NULL,1,NULL,'Average:','','',2,7),(90,'dc5c9a4d95596a2f53bc3e750328bbbd',0,0,8,25,0,'FF',9,0.00,NULL,NULL,0,0,NULL,3,NULL,'Maximum:','','on',2,8),(91,'32cbb9bde78d9d3611655d4ac4e54675',0,0,9,26,9,'FF',4,0.00,NULL,NULL,0,0,NULL,1,NULL,'SNMP','','',2,1),(92,'55bdcf6eadd5c7c4d92bc7bdd0a1cac5',0,0,9,26,0,'FF',9,0.00,NULL,NULL,0,0,NULL,4,NULL,'Current:','','',2,2),(93,'1e8b5a13351b987ecbac92383ee69c65',0,0,9,26,0,'FF',9,0.00,NULL,NULL,0,0,NULL,1,NULL,'Average:','','',2,3),(94,'869609c7466eb1aa33341fc6a9b6a35d',0,0,9,26,0,'FF',9,0.00,NULL,NULL,0,0,NULL,3,NULL,'Maximum:','','on',2,4),(95,'f23734f91729f5e138af13364029c7ce',0,0,9,27,21,'FF',4,0.00,NULL,NULL,0,0,NULL,1,NULL,'Scripts','','',2,5),(96,'1b4d3a3012335db9379f467358c2bb6d',0,0,9,27,0,'FF',9,0.00,NULL,NULL,0,0,NULL,4,NULL,'Current:','','',2,6),(97,'1830564fe0d6c049416579e32205e2a7',0,0,9,27,0,'FF',9,0.00,NULL,NULL,0,0,NULL,1,NULL,'Average:','','',2,7),(98,'efdc02a9435514c364db2b92fe7fe509',0,0,9,27,0,'FF',9,0.00,NULL,NULL,0,0,NULL,3,NULL,'Maximum:','','on',2,8),(99,'27d50f2128ea10ffd3e35957cb709fe0',0,0,9,28,12,'FF',4,0.00,NULL,NULL,0,0,NULL,1,NULL,'Script Server','','',2,9),(100,'637a299a9a12c774df8313a031325966',0,0,9,28,0,'FF',9,0.00,NULL,NULL,0,0,NULL,4,NULL,'Current:','','',2,10),(101,'74e490ca676857d171128263ab09b706',0,0,9,28,0,'FF',9,0.00,NULL,NULL,0,0,NULL,1,NULL,'Average:','','',2,11),(102,'f863289ac9e6a795504a3d050dbd324f',0,0,9,28,0,'FF',9,0.00,NULL,NULL,0,0,NULL,3,NULL,'Maximum:','','on',2,12),(103,'04fb5222980d21b5251e1c9ed5d347db',0,0,10,30,9,'FF',4,0.00,NULL,NULL,0,0,NULL,1,NULL,'Time','','',2,1),(104,'c727c1b340f092245c9bde6d87c6ddc6',0,0,10,30,0,'FF',9,0.00,NULL,NULL,0,0,NULL,4,NULL,'Current:','','',2,2),(105,'8639f3c18e23ecf82d33e17ea2fe5f26',0,0,10,30,0,'FF',9,0.00,NULL,NULL,0,0,NULL,1,NULL,'Average:','','',2,3),(106,'4dccef4553ab01ada824f8e65778c812',0,0,10,30,0,'FF',9,0.00,NULL,NULL,0,0,NULL,3,NULL,'Maximum:','','on',2,4),(107,'40319938001b6d218ce1db73c88a6b3a',0,0,10,29,21,'FF',4,0.00,NULL,NULL,0,0,NULL,1,NULL,'Hosts','','',2,5),(108,'f5ec7bf6219291a82cf21db887e6aa4d',0,0,10,29,0,'FF',9,0.00,NULL,NULL,0,0,NULL,4,NULL,'Current:','','',2,6),(109,'623af2e8a0466b4f77aa5aadda2ca456',0,0,10,29,0,'FF',9,0.00,NULL,NULL,0,0,NULL,1,NULL,'Average:','','',2,7),(110,'59159dce481d701109e86a9606b32ac0',0,0,10,29,0,'FF',9,0.00,NULL,NULL,0,0,NULL,3,NULL,'Maximum:','','on',2,8),(111,'6cc297d3afcd57a647d0bf3afd124225',0,0,11,23,11,'FF',4,0.00,NULL,NULL,0,0,NULL,1,NULL,'Poller Runtime','','',2,1),(112,'44f6a38aa50874c414298d1df046bec3',0,0,11,23,0,'FF',9,0.00,NULL,NULL,0,0,NULL,4,NULL,'Current:','','',2,2),(113,'bdaeca7e2ec39fba5c4c800dc0fecfcf',0,0,11,23,0,'FF',9,0.00,NULL,NULL,0,0,NULL,1,NULL,'Average:','','',2,3),(114,'71d76fda51089f9da9dea83138bebc6f',0,0,11,23,0,'FF',9,0.00,NULL,NULL,0,0,NULL,3,NULL,'Maximum:','','on',2,4),(115,'3c764c5315fffd7c67b3fa1dfca25bc1',0,0,11,22,29,'FF',4,0.00,NULL,NULL,0,0,NULL,1,NULL,'Processes','','',2,5),(116,'e1d514b3cface87552f96ddd3d759769',0,0,11,22,0,'FF',9,0.00,NULL,NULL,0,0,NULL,4,NULL,'Current:','','',2,6),(117,'e5840dc4e0b35c9c81ada6a3e2a28c97',0,0,11,22,0,'FF',9,0.00,NULL,NULL,0,0,NULL,1,NULL,'Average:','','',2,7),(118,'8783841513dcaa7482ec88095e5a31f3',0,0,11,22,0,'FF',9,0.00,NULL,NULL,0,0,NULL,3,NULL,'Maximum:','','on',2,8),(119,'75526bdbdfaf4453a152c2f3b21500e2',0,0,11,21,31,'FF',4,0.00,NULL,NULL,0,0,NULL,1,NULL,'Threads','','',2,9),(120,'e9a67f629ecc1629fb887f1f4a736871',0,0,11,21,0,'FF',9,0.00,NULL,NULL,0,0,NULL,4,NULL,'Current:','','',2,10),(121,'b3768741be21ff91be6f1b3d1854b3d9',0,0,11,21,0,'FF',9,0.00,NULL,NULL,0,0,NULL,1,NULL,'Average:','','',2,11),(122,'03cc00dfac46da693a8ea5117aa71c85',0,0,11,21,0,'FF',9,0.00,NULL,NULL,0,0,NULL,3,NULL,'Maximum:','','on',2,12),(123,'73babc37c735c91d6470277c475e2f15',0,0,12,31,33,'99',7,0.00,NULL,NULL,0,0,NULL,1,NULL,'Memory','','',2,1),(124,'592b60422e32093971aa2c7e11cf008c',0,0,12,31,0,'FF',9,0.00,NULL,NULL,0,0,NULL,4,NULL,'Current:','','',2,2),(125,'9763a5c1d8da163c9bc6f71775f260bf',0,0,12,31,0,'FF',9,0.00,NULL,NULL,0,0,NULL,1,NULL,'Average:','','',2,3),(126,'cf2232500ece6afbc42356874bd23e36',0,0,12,31,0,'FF',9,0.00,NULL,NULL,0,0,NULL,3,NULL,'Maximum:','','',2,4),(127,'cff727ebf877a5749700cc731a6ff92a',0,0,12,31,9,'FF',4,0.00,NULL,NULL,0,0,NULL,3,NULL,'Peak Usage','','on',2,5),(128,'098b10c13a5701ddb7d4d1d2e2b0fdb7',0,0,13,32,9,'FF',7,0.00,NULL,NULL,0,0,NULL,1,NULL,'CPU Usage','','',2,1),(129,'1dbda412a9926b0ee5c025aa08f3b230',0,0,13,32,0,'FF',9,0.00,NULL,NULL,0,0,NULL,4,NULL,'Current:','','',3,2),(130,'725c45917146807b6a4257fc351f2bae',0,0,13,32,0,'FF',9,0.00,NULL,NULL,0,0,NULL,1,NULL,'Average:','','',3,3),(131,'4e336fdfeb84ce65f81ded0e0159a5e0',0,0,13,32,0,'FF',9,0.00,NULL,NULL,0,0,NULL,3,NULL,'Maximum:','','on',3,4),(132,'0470b2427dbfadb6b8346e10a71268fa',0,0,14,33,22,'FF',7,0.00,'',0,2,0,'',1,'','Inbound','','',2,1),(133,'84a5fe0db518550266309823f994ce9c',0,0,14,33,0,'FF',9,0.00,'',0,2,0,'',4,'','Current:','','',2,2),(134,'2f222f28084085cd06a1f46e4449c793',0,0,14,33,0,'FF',9,0.00,'',0,2,0,'',1,'','Average:','','',2,3),(135,'55acbcc33f46ee6d754e8e81d1b54808',0,0,14,33,0,'FF',9,0.00,'',0,2,0,'',3,'','Maximum:','','on',2,4),(136,'fdaf2321fc890e355711c2bffc07d036',0,0,14,34,20,'FF',4,0.00,'',0,2,0,'',1,'','Outbound','','',2,5),(137,'768318f42819217ed81196d2179d3e1b',0,0,14,34,0,'FF',9,0.00,'',0,2,0,'',4,'','Current:','','',2,6),(138,'cb3aa6256dcb3acd50d4517b77a1a5c3',0,0,14,34,0,'FF',9,0.00,'',0,2,0,'',1,'','Average:','','',2,7),(139,'671e989be7cbf12c623b4e79d91c7bed',0,0,14,34,0,'FF',9,0.00,'',0,2,0,'',3,'','Maximum:','','on',2,8),(140,'7e04a041721df1f8828381a9ea2f2154',0,0,15,36,31,'FF',4,0.00,'',0,0,0,'',1,'','Discards In','','',2,1),(141,'afc8bca6b1b3030a6d71818272336c6c',0,0,15,36,0,'FF',9,0.00,'',0,0,0,'',4,'','Current:','','',2,2),(142,'6ac169785f5aeaf1cc5cdfd38dfcfb6c',0,0,15,36,0,'FF',9,0.00,'',0,0,0,'',1,'','Average:','','',2,3),(143,'178c0a0ce001d36a663ff6f213c07505',0,0,15,36,0,'FF',9,0.00,'',0,0,0,'',3,'','Maximum:','','on',2,4),(144,'8e3268c0abde7550616bff719f10ee2f',0,0,15,35,48,'FF',4,0.00,'',0,0,0,'',1,'','Errors In','','',2,5),(145,'18891392b149de63b62c4258a68d75f8',0,0,15,35,0,'FF',9,0.00,'',0,0,0,'',4,'','Current:','','',2,6),(146,'dfc9d23de0182c9967ae3dabdfa55a16',0,0,15,35,0,'FF',9,0.00,'',0,0,0,'',1,'','Average:','','',2,7),(147,'c47ba64e2e5ea8bf84aceec644513176',0,0,15,35,0,'FF',9,0.00,'',0,0,0,'',3,'','Maximum:','','on',2,8),(148,'617d10dff9bbc3edd9d733d9c254da76',0,0,15,37,18,'FF',4,0.00,'',0,0,0,'',1,'','Discards Out','','',2,9),(149,'9269a66502c34d00ac3c8b1fcc329ac6',0,0,15,37,0,'FF',9,0.00,'',0,0,0,'',4,'','Current:','','',2,10),(150,'d45deed7e1ad8350f3b46b537ae0a933',0,0,15,37,0,'FF',9,0.00,'',0,0,0,'',1,'','Average:','','',2,11),(151,'2f64cf47dc156e8c800ae03c3b893e3c',0,0,15,37,0,'FF',9,0.00,'',0,0,0,'',3,'','Maximum:','','on',2,12),(152,'57434bef8cb21283c1a73f055b0ada19',0,0,15,38,89,'FF',4,0.00,'',0,0,0,'',1,'','Errors Out','','',2,13),(153,'660a1b9365ccbba356fd142faaec9f04',0,0,15,38,0,'FF',9,0.00,'',0,0,0,'',4,'','Current:','','',2,14),(154,'28c5297bdaedcca29acf245ef4bbed9e',0,0,15,38,0,'FF',9,0.00,'',0,0,0,'',1,'','Average:','','',2,15),(155,'99098604fd0c78fd7dabac8f40f1fb29',0,0,15,38,0,'FF',9,0.00,'',0,0,0,'',3,'','Maximum:','','on',2,16),(156,'d4e5f253f01c3ea77182c5a46418fc44',0,0,16,39,25,'FF',7,0.00,'',0,0,0,'',1,'','Unicast Packets In','','',2,1),(157,'526a96add143da021c5f00d8764a6c12',0,0,16,39,0,'FF',9,0.00,'',0,0,0,'',4,'','Current:','','',2,2),(158,'81eeb46f451212f00fd7caee42a81c0b',0,0,16,39,0,'FF',9,0.00,'',0,0,0,'',1,'','Average:','','',2,3),(159,'089e4d1c3faeb00fd5dcc9622b06d656',0,0,16,39,0,'FF',9,0.00,'',0,0,0,'',3,'','Maximum:','','on',2,4),(160,'9d052e7d632c479737fbfaced0821f79',0,0,16,40,71,'FF',4,0.00,'',0,0,0,'',1,'','Unicast Packets Out','','',2,5),(161,'9b9fa6268571b6a04fa4411d8e08c730',0,0,16,40,0,'FF',9,0.00,'',0,0,0,'',4,'','Current:','','',2,6),(162,'8e8f2fbeb624029cbda1d2a6ddd991ba',0,0,16,40,0,'FF',9,0.00,'',0,0,0,'',1,'','Average:','','',2,7),(163,'c76495beb1ed01f0799838eb8a893124',0,0,16,40,0,'FF',9,0.00,'',0,0,0,'',3,'','Maximum:','','on',2,8),(164,'fe66cb973966d22250de073405664200',0,0,17,42,25,'FF',7,0.00,'',0,0,0,'',1,'','Non-Unicast Packets In','','',2,1),(165,'1ba3fc3466ad32fdd2669cac6cad6faa',0,0,17,42,0,'FF',9,0.00,'',0,0,0,'',4,'','Current:','','',2,2),(166,'f810154d3a934c723c21659e66199cdf',0,0,17,42,0,'FF',9,0.00,'',0,0,0,'',1,'','Average:','','',2,3),(167,'98a161df359b01304346657ff1a9d787',0,0,17,42,0,'FF',9,0.00,'',0,0,0,'',3,'','Maximum:','','on',2,4),(168,'d5e55eaf617ad1f0516f6343b3f07c5e',0,0,17,41,71,'FF',4,0.00,'',0,0,0,'',1,'','Non-Unicast Packets Out','','',2,5),(169,'9fde6b8c84089b9f9044e681162e7567',0,0,17,41,0,'FF',9,0.00,'',0,0,0,'',4,'','Current:','','',2,6),(170,'9a3510727c3d9fa7e2e7a015783a99b3',0,0,17,41,0,'FF',9,0.00,'',0,0,0,'',1,'','Average:','','',2,7),(171,'451afd23f2cb59ab9b975fd6e2735815',0,0,17,41,0,'FF',9,0.00,'',0,0,0,'',3,'','Maximum:','','on',2,8),(172,'de3eefd6d6c58afabdabcaf6c0168378',0,0,18,33,22,'FF',7,0.00,'',0,0,0,'',1,'','Inbound','','',2,1),(173,'1a80fa108f5c46eecb03090c65bc9a12',0,0,18,33,0,'FF',9,0.00,'',0,0,0,'',4,'','Current:','','',2,2),(174,'fe458892e7faa9d232e343d911e845f3',0,0,18,33,0,'FF',9,0.00,'',0,0,0,'',1,'','Average:','','',2,3),(175,'175c0a68689bebc38aad2fbc271047b3',0,0,18,33,0,'FF',9,0.00,'',0,0,0,'',3,'','Maximum:','','on',2,4),(176,'1bf2283106510491ddf3b9c1376c0b31',0,0,18,34,20,'FF',4,0.00,'',0,0,0,'',1,'','Outbound','','',2,5),(177,'c5202f1690ffe45600c0d31a4a804f67',0,0,18,34,0,'FF',9,0.00,'',0,0,0,'',4,'','Current:','','',2,6),(178,'eb9794e3fdafc2b74f0819269569ed40',0,0,18,34,0,'FF',9,0.00,'',0,0,0,'',1,'','Average:','','',2,7),(179,'6bcedd61e3ccf7518ca431940c93c439',0,0,18,34,0,'FF',9,0.00,'',0,0,0,'',3,'','Maximum:','','on',2,8),(180,'918e6e7d41bb4bae0ea2937b461742a4',0,0,19,33,22,'FF',7,0.00,'',0,2,0,'',1,'','Inbound','','',2,1),(181,'f19fbd06c989ea85acd6b4f926e4a456',0,0,19,33,0,'FF',9,0.00,'',0,2,0,'',4,'','Current:','','',2,2),(182,'fc150a15e20c57e11e8d05feca557ef9',0,0,19,33,0,'FF',9,0.00,'',0,2,0,'',1,'','Average:','','',2,3),(183,'ccbd86e03ccf07483b4d29e63612fb18',0,0,19,33,0,'FF',9,0.00,'',0,2,0,'',3,'','Maximum:','','on',2,4),(184,'964c5c30cd05eaf5a49c0377d173de86',0,0,19,34,20,'FF',4,0.00,'',0,2,0,'',1,'','Outbound','','',2,5),(185,'b1a6fb775cf62e79e1c4bc4933c7e4ce',0,0,19,34,0,'FF',9,0.00,'',0,2,0,'',4,'','Current:','','',2,6),(186,'721038182a872ab266b5cf1bf7f7755c',0,0,19,34,0,'FF',9,0.00,'',0,2,0,'',1,'','Average:','','',2,7),(187,'2302f80c2c70b897d12182a1fc11ecd6',0,0,19,34,0,'FF',9,0.00,'',0,2,0,'',3,'','Maximum:','','on',2,8),(188,'4ffc7af8533d103748316752b70f8e3c',0,0,19,0,0,'FF',1,0.00,'',0,0,0,'',1,'','','','on',2,9),(189,'64527c4b6eeeaf627acc5117ff2180fd',0,0,19,34,9,'FF',2,0.00,'',0,0,0,'',1,'','95th Percentile','|95:bits:0:max:2|','',2,10),(190,'d5bbcbdbf83ae858862611ac6de8fc62',0,0,19,34,0,'FF',1,0.00,'',0,0,0,'',1,'','(|95:bits:6:max:2| mbit in+out)','','on',2,11),(191,'1995d8c23e7d8e1efa2b2c55daf3c5a7',0,0,20,33,22,'FF',7,0.00,'',0,2,0,'',1,'','Inbound','','',2,1),(192,'55083351cd728b82cc4dde68eb935700',0,0,20,33,0,'FF',9,0.00,'',0,2,0,'',4,'','Current:','','',2,2),(193,'54782f71929e7d1734ed5ad4b8dda50d',0,0,20,33,0,'FF',9,0.00,'',0,2,0,'',1,'','Average:','','',2,3),(194,'88d3094d5dc2164cbf2f974aeb92f051',0,0,20,33,0,'FF',9,0.00,'',0,2,0,'',3,'','Maximum:','','',2,4),(195,'5b43e4102600ad75379c5afd235099c4',0,0,20,33,0,'FF',1,0.00,'',0,0,0,'',1,'','Total In:  |sum:auto:current:2:auto|','','on',2,5),(196,'4a381a8e87d4db1ac99cf8d9078266d3',0,0,20,34,20,'FF',4,0.00,'',0,2,0,'',1,'','Outbound','','',2,6),(197,'5bff63207c7bf076d76ff3036b5dad54',0,0,20,34,0,'FF',9,0.00,'',0,2,0,'',4,'','Current:','','',2,7),(198,'979fff9d691ca35e3f4b3383d9cae43f',0,0,20,34,0,'FF',9,0.00,'',0,2,0,'',1,'','Average:','','',2,8),(199,'0e715933830112c23c15f7e3463f77b6',0,0,20,34,0,'FF',9,0.00,'',0,2,0,'',3,'','Maximum:','','',2,11),(200,'db7c15d253ca666601b3296f2574edc9',0,0,20,34,0,'FF',1,0.00,'',0,0,0,'',1,'','Total Out: |sum:auto:current:2:auto|','','on',2,12),(201,'3ff8dba1ca6279692b3fcabed0bc2631',0,0,21,33,22,'FF',7,0.00,'',0,0,0,'',1,'','Inbound','','',2,1),(202,'66bfdb701c8eeadffe55e926d6e77e71',0,0,21,33,0,'FF',9,0.00,'',0,0,0,'',4,'','Current:','','',2,2),(203,'777aa88fb0a79b60d081e0e3759f1cf7',0,0,21,33,0,'FF',9,0.00,'',0,0,0,'',1,'','Average:','','',2,3),(204,'de265acbbfa99eb4b3e9f7e90c7feeda',0,0,21,33,0,'FF',9,0.00,'',0,0,0,'',3,'','Maximum:','','',2,4),(205,'76ae747365553a02313a2d8a0dd55c8a',0,0,21,33,0,'FF',1,0.00,'',0,0,0,'',1,'','Total In:  |sum:auto:current:2:auto|','','on',2,5),(206,'cf8c9f69878f0f595d583eac109a9be1',0,0,21,34,20,'FF',4,0.00,'',0,0,0,'',1,'','Outbound','','',2,6),(207,'54e3971b3dd751dd2509f62721c12b41',0,0,21,34,0,'FF',9,0.00,'',0,0,0,'',4,'','Current:','','',2,7),(208,'6824d29c3f13fe1e849f1dbb8377d3f1',0,0,21,34,0,'FF',9,0.00,'',0,0,0,'',1,'','Average:','','',2,8),(209,'fdaec5b9227522c758ad55882c483a83',0,0,21,34,0,'FF',9,0.00,'',0,0,0,'',3,'','Maximum:','','',2,11),(210,'d6041d14f9c8fb9b7ddcf3556f763c03',0,0,21,34,0,'FF',1,0.00,'',0,0,0,'',1,'','Total Out: |sum:auto:current:2:auto|','','on',2,12),(211,'876dba3247f200e2779b827c1288adf1',0,0,22,43,46,'FF',5,0.00,NULL,NULL,0,0,NULL,1,NULL,'Runtime','','',2,2),(212,'c3367632f1bc7cfc463daeb48db7daac',0,0,22,43,0,'FF',9,0.00,NULL,NULL,0,0,NULL,4,NULL,'Cur:','','',2,4),(213,'77a59680450b0e9ef222e230830fc931',0,0,22,43,0,'FF',9,0.00,NULL,NULL,0,0,NULL,1,NULL,'Avg:','','',2,5),(214,'c65e3c6185e31fe8affded37a00be666',0,0,22,43,0,'FF',9,0.00,NULL,NULL,0,0,NULL,2,NULL,'Min:','','',2,6),(215,'563de739ddb54d146977ffba108fd346',0,0,22,43,0,'FF',9,0.00,NULL,NULL,0,0,NULL,3,NULL,'Max:','','on',2,7),(216,'4ee683974df8801ddd274711ca40cfc4',0,0,22,44,0,'FF',9,0.00,NULL,NULL,0,0,NULL,1,NULL,'Availability (%):','','on',2,8),(217,'5b067ff2a1e47c849a2fe3afafc6e499',0,0,23,45,9,'FF',7,0.00,NULL,NULL,0,0,NULL,1,NULL,'In Use:','','',2,1),(218,'14fdcac2f9d3998f5e458bed4840cfc6',0,0,23,45,0,'FF',9,0.00,NULL,NULL,0,0,NULL,4,NULL,'Cur:','','',3,2),(219,'cbd2e4086e4b248961753ee75c0a5062',0,0,23,45,0,'FF',9,0.00,NULL,NULL,0,0,NULL,1,NULL,'Avg:','','',3,3),(220,'c2acaa7cf3e40d531b72fe03bdbd4235',0,0,23,45,0,'FF',9,0.00,NULL,NULL,0,0,NULL,2,NULL,'Min:','','on',3,4),(221,'c93305ab65f5334b5c8332cfa7752f45',0,0,23,48,31,'FF',8,0.00,NULL,NULL,0,0,NULL,1,NULL,'Reserved:','','',2,6),(222,'23250d9580d44e8980d0a3db33c0a062',0,0,23,48,0,'FF',9,0.00,NULL,NULL,0,0,NULL,4,NULL,'','','on',3,7),(223,'f8a831291be3910b6353b3c368d1eb26',0,0,23,47,25,'FF',7,0.00,NULL,NULL,3,0,NULL,1,NULL,'Queued:','','',2,8),(224,'3eb6bbc15c8cd50465f883d47d1cac67',0,0,23,47,0,'FF',9,0.00,NULL,NULL,0,0,NULL,4,NULL,'','','on',3,9),(225,'34d42c5c2687994029bf439ef0ee85ba',0,0,23,46,61,'FF',5,0.00,NULL,NULL,0,0,NULL,1,NULL,'Max Available:','','',2,10),(226,'bb88845c105bf168eb9ae9575cecc559',0,0,23,46,0,'FF',9,0.00,NULL,NULL,0,0,NULL,1,NULL,'','','on',3,11),(227,'b725eccf9d5b5a1348cd56ae699ba224',0,0,23,45,37,'FF',4,0.00,NULL,NULL,0,0,NULL,3,NULL,'Max In Use:','','',2,12),(228,'646ca73cd255c1745ac8f228be252fba',0,0,23,45,0,'FF',9,0.00,NULL,NULL,0,0,NULL,3,NULL,'','','on',3,13),(229,'745b66988e937cbfa2e9579d11ca3a0f',0,0,24,49,9,'FF',5,0.00,NULL,NULL,0,0,NULL,1,NULL,'Max Available','','',2,1),(230,'9a31b244c9979d99cc945590370d9a9d',0,0,24,49,0,'FF',9,0.00,NULL,NULL,0,0,NULL,4,NULL,'Cur:','','on',3,2),(231,'c83e1e51307edc2978204a897f197f32',0,0,24,52,102,'FF',7,0.00,NULL,NULL,0,0,NULL,1,NULL,'In Use','','',2,3),(232,'827cb4c51a269f6c7174e1ec51b39ac9',0,0,24,52,0,'FF',9,0.00,NULL,NULL,0,0,NULL,4,NULL,'Cur:','','on',3,4),(233,'83653d779db5aba88009c5e6d5be2aba',0,0,24,50,65,'FF',4,0.00,NULL,NULL,0,0,NULL,1,NULL,'Queued','','',2,5),(234,'bfbb24cb29f156f5775d60a33d569e3b',0,0,24,50,0,'FF',9,0.00,NULL,NULL,0,0,NULL,4,NULL,'Cur:','','on',3,6),(235,'82d8140bcb291954c7084b04cb8f2942',0,0,24,51,82,'FF',6,0.00,NULL,NULL,0,0,NULL,1,NULL,'Denied','','',2,7),(236,'aac097660705a6b592452c6c16578caa',0,0,24,51,0,'FF',9,0.00,NULL,NULL,0,0,NULL,4,NULL,'Cur:','','on',3,8),(237,'602f2bf773e1789d0de277e620e0bc4b',0,0,25,56,9,'FF',5,0.00,NULL,NULL,0,0,NULL,1,NULL,'Max Available','','',2,1),(238,'50a0f6a5408e4602f71462534ebde72b',0,0,25,56,0,'FF',9,0.00,NULL,NULL,0,0,NULL,4,NULL,'Cur:','','on',3,2),(239,'78b963d5201f6b3405eed821922a1082',0,0,25,54,102,'FF',7,0.00,NULL,NULL,0,0,NULL,1,NULL,'In Use','','',2,3),(240,'35ac629778d55319c1e8a71934953116',0,0,25,54,0,'FF',9,0.00,NULL,NULL,0,0,NULL,4,NULL,'Cur:','','on',3,4),(241,'d43281450210b8e30545685696507c10',0,0,25,55,65,'FF',4,0.00,NULL,NULL,0,0,NULL,1,NULL,'Queued','','',2,5),(242,'50b655807eb5437aac05bc3d2a7999c7',0,0,25,55,0,'FF',9,0.00,NULL,NULL,0,0,NULL,4,NULL,'Cur:','','on',3,6),(243,'eebd657b1f850fb3d7309870e9bed68e',0,0,25,53,82,'FF',6,0.00,NULL,NULL,0,0,NULL,1,NULL,'Denied','','',2,7),(244,'8afb0881a47ae9ec883b1a4c7eaedb46',0,0,25,53,0,'FF',9,0.00,NULL,NULL,0,0,NULL,4,NULL,'Cur:','','on',3,8),(245,'dc100f892ca3f7b2ac0ad5eaed1b3730',0,0,26,60,9,'FF',5,0.00,NULL,NULL,0,0,NULL,1,NULL,'Max Available','','',2,1),(246,'a1a0af094c9b14c4e5424535d201ccee',0,0,26,60,0,'FF',9,0.00,NULL,NULL,0,0,NULL,4,NULL,'Cur:','','on',3,2),(247,'174aa6f217343510f7548f0a2b766b56',0,0,26,59,102,'FF',7,0.00,NULL,NULL,0,0,NULL,1,NULL,'In Use','','',2,3),(248,'f3ae40efe05f4940a48cc3054756aef7',0,0,26,59,0,'FF',9,0.00,NULL,NULL,0,0,NULL,4,NULL,'Cur:','','on',3,4),(249,'a5c56e9dec9fd32031952f51def4d919',0,0,26,57,65,'FF',4,0.00,NULL,NULL,0,0,NULL,1,NULL,'Queued','','',2,5),(250,'7387eddc762cc72865e6737266618ab1',0,0,26,57,0,'FF',9,0.00,NULL,NULL,0,0,NULL,4,NULL,'Cur:','','on',3,6),(251,'d3770c517ba54ad45ca5c32d362e2cc9',0,0,26,58,82,'FF',6,0.00,NULL,NULL,0,0,NULL,1,NULL,'Denied','','',2,7),(252,'51f54664d903e5e941122d269f4de3e8',0,0,26,58,0,'FF',9,0.00,NULL,NULL,0,0,NULL,4,NULL,'Cur:','','on',3,8),(253,'adf5c8dadadba5d9eea388400a4d5055',0,0,27,64,9,'FF',5,0.00,NULL,NULL,0,0,NULL,1,NULL,'Max Available','','',2,1),(254,'a68a647be6cbe037eedf1a4f341b1196',0,0,27,64,0,'FF',9,0.00,NULL,NULL,0,0,NULL,4,NULL,'Cur:','','on',3,2),(255,'007f6469ac45e26861c3be9a8719740c',0,0,27,62,102,'FF',7,0.00,NULL,NULL,0,0,NULL,1,NULL,'In Use','','',2,3),(256,'d319dd732e0e9d7f8b2d13e6bb48b2af',0,0,27,62,0,'FF',9,0.00,NULL,NULL,0,0,NULL,4,NULL,'Cur:','','on',3,4),(257,'8bd757c527b905412f4b95ea7a68b902',0,0,27,61,65,'FF',4,0.00,NULL,NULL,0,0,NULL,1,NULL,'Queued','','',2,5),(258,'807d5f6efe25c679256ded38a1ba0a85',0,0,27,61,0,'FF',9,0.00,NULL,NULL,0,0,NULL,4,NULL,'Cur:','','on',3,6),(259,'f6bcab693baaaf64c2983e11f49c148c',0,0,27,63,82,'FF',6,0.00,NULL,NULL,0,0,NULL,1,NULL,'Reserved','','',2,7),(260,'1513076018adf1af9786d1c8224b341b',0,0,27,63,0,'FF',9,0.00,NULL,NULL,0,0,NULL,4,NULL,'Cur:','','on',3,8),(261,'5b438bd6ea6aef9d032b926c37bab626',0,0,28,65,98,'FF',7,0.00,NULL,NULL,0,0,NULL,1,NULL,'Current Time:','','',2,1),(262,'33b882bde6551e8d58866135ee247c38',0,0,28,66,52,'FF',5,0.00,NULL,NULL,0,0,NULL,1,NULL,'Average Time','','',2,2),(263,'596e054d273bbacadcf69c71123b4abd',0,0,28,67,9,'FF',4,0.00,NULL,NULL,0,0,NULL,1,NULL,'Max Time:','','',2,3),(264,'5d72a9ca3de3fcbf8e8aba73124768a0',0,0,28,65,1,'FF',4,0.00,NULL,NULL,0,0,NULL,1,NULL,'','','',2,4),(265,'922ae76ebbd922b438f1d63813b16510',0,0,29,45,9,'FF',7,0.00,NULL,NULL,0,0,NULL,1,NULL,'In Use:','','',2,1),(266,'47d0539369bb821b4f6850c41795a293',0,0,29,45,0,'FF',9,0.00,NULL,NULL,0,0,NULL,4,NULL,'','','on',3,2),(267,'365d776edb5260a31525c23c4183aead',0,0,29,45,0,'FF',9,0.00,NULL,NULL,0,0,NULL,1,NULL,'Avg:','','',3,3),(268,'338788dc9528c72709e4e9b6764c54dd',0,0,29,45,0,'FF',9,0.00,NULL,NULL,0,0,NULL,2,NULL,'Min:','','',3,4),(269,'994dd51790e6e827a4d242138d0e9f08',0,0,29,45,0,'FF',9,0.00,NULL,NULL,0,0,NULL,3,NULL,'Max:','','on',3,5),(270,'eee774ad8df04e4f9523282a50fa2595',0,0,29,48,41,'FF',8,0.00,NULL,NULL,0,0,NULL,1,NULL,'Reserved:','','',2,6),(271,'e008efe2d0932c26a3f8c1938c93080f',0,0,29,48,0,'FF',9,0.00,NULL,NULL,0,0,NULL,4,NULL,'','','on',3,7),(272,'a0bdbda6166bf55e7c657f3dfc970320',0,0,29,47,25,'FF',7,0.00,NULL,NULL,3,0,NULL,1,NULL,'Queued:','','',2,8),(273,'c5aa6eafbf6dc1b1ed87aa7844fefdfe',0,0,29,47,0,'FF',9,0.00,NULL,NULL,0,0,NULL,4,NULL,'','','on',3,9),(274,'b15eaec07e6df24612d02baf2fdedbf1',0,0,29,46,61,'FF',5,0.00,NULL,NULL,0,0,NULL,1,NULL,'Max Available:','','',2,10),(275,'15731f0c3626ed14ba79b4521bb00d6d',0,0,29,46,0,'FF',9,0.00,NULL,NULL,0,0,NULL,4,NULL,'','','on',3,11),(276,'896031210cc4a219fdd510dcbe21dfed',0,0,29,46,0,'FF',9,0.00,NULL,NULL,0,0,NULL,1,NULL,'Avg:','','',3,12),(277,'3728a4c4b3eb8de59179a9c69bf16a0e',0,0,29,46,0,'FF',9,0.00,NULL,NULL,0,0,NULL,2,NULL,'Min:','','',3,13),(278,'52d41252c71c5b66af1e1c18e29667e8',0,0,29,46,0,'FF',9,0.00,NULL,NULL,0,0,NULL,3,NULL,'Max:','','on',3,14),(279,'54f12b9f4b76df8bdc939d77fa81eec3',0,0,29,45,37,'FF',4,0.00,NULL,NULL,0,0,NULL,3,NULL,'Max In Use:','','',2,15),(280,'47e9cd473934f813750715bb923d4cbf',0,0,29,45,0,'FF',9,0.00,NULL,NULL,0,0,NULL,3,NULL,'','','on',3,16),(281,'ff0a6125acbb029b814ed1f271ad2d38',0,0,30,68,9,'FF',7,0.00,'',0,0,0,'',1,'','System','','',2,1),(282,'f0776f7d6638bba76c2c27f75a424f0f',0,0,30,68,0,'FF',9,0.00,'',0,0,0,'',4,'','Current:','','',2,2),(283,'39f4e021aa3fed9207b5f45a82122b21',0,0,30,68,0,'FF',9,0.00,'',0,0,0,'',1,'','Average:','','',2,3),(284,'800f0b067c06f4ec9c2316711ea83c1e',0,0,30,68,0,'FF',9,0.00,'',0,0,0,'',3,'','Maximum:','','on',2,4),(285,'9419dd5dbf549ba4c5dc1462da6ee321',0,0,30,69,21,'FF',8,0.00,'',0,0,0,'',1,'','User','','',2,5),(286,'e461dd263ae47657ea2bf3fd82bec096',0,0,30,69,0,'FF',9,0.00,'',0,0,0,'',4,'','Current:','','',2,6),(287,'f2d1fbb8078a424ffc8a6c9d44d8caa0',0,0,30,69,0,'FF',9,0.00,'',0,0,0,'',1,'','Average:','','',2,7),(288,'e70a5de639df5ba1705b5883da7fccfc',0,0,30,69,0,'FF',9,0.00,'',0,0,0,'',3,'','Maximum:','','on',2,8),(289,'85fefb25ce9fd0317da2706a5463fc42',0,0,30,70,12,'FF',8,0.00,'',0,0,0,'',1,'','Nice','','',2,9),(290,'a1cb26878776999db16f1de7577b3c2a',0,0,30,70,0,'FF',9,0.00,'',0,0,0,'',4,'','Current:','','',2,10),(291,'7d0f9bf64a0898a0095f099674754273',0,0,30,70,0,'FF',9,0.00,'',0,0,0,'',1,'','Average:','','',2,11),(292,'b2879248a522d9679333e1f29e9a87c3',0,0,30,70,0,'FF',9,0.00,'',0,0,0,'',3,'','Maximum:','','on',2,12),(293,'d800aa59eee45383b3d6d35a11cdc864',0,0,30,0,1,'FF',4,0.00,'',0,12,0,'',1,'','Total','','',2,13),(294,'cab4ae79a546826288e273ca1411c867',0,0,30,0,0,'FF',9,0.00,'',0,12,0,'',4,'','Current:','','',2,14),(295,'d44306ae85622fec971507460be63f5c',0,0,30,0,0,'FF',9,0.00,'',0,12,0,'',1,'','Average:','','',2,15),(296,'aa5c2118035bb83be497d4e099afcc0d',0,0,30,0,0,'FF',9,0.00,'',0,12,0,'',3,'','Maximum:','','on',2,16),(297,'d77d2050be357ab067666a9485426e6b',0,0,31,71,15,'FF',7,0.00,'',0,0,0,'',1,'','1 Minute Average','','',2,1),(298,'13d22f5a0eac6d97bf6c97d7966f0a00',0,0,31,71,0,'FF',9,0.00,'',0,0,0,'',4,'','Current:','','on',4,2),(299,'8580230d31d2851ec667c296a665cbf9',0,0,31,72,8,'FF',8,0.00,'',0,0,0,'',1,'','5 Minute Average','','',2,3),(300,'b5b7d9b64e7640aa51dbf58c69b86d15',0,0,31,72,0,'FF',9,0.00,'',0,0,0,'',4,'','Current:','','on',4,4),(301,'2ec10edf4bfaa866b7efd544d4c3f446',0,0,31,73,9,'FF',8,0.00,'',0,0,0,'',1,'','15 Minute Average','','',2,5),(302,'b65666f0506c0c70966f493c19607b93',0,0,31,73,0,'FF',9,0.00,'',0,0,0,'',4,'','Current:','','on',4,6),(303,'6c73575c74506cfc75b89c4276ef3455',0,0,31,0,1,'FF',4,0.00,'',0,12,0,'',1,'','Total','','',2,7),(304,'7517a40d478e28ed88ba2b2a65e16b57',0,0,32,75,52,'FF',7,0.00,'',0,14,0,'',1,'','Memory Free','','',2,1),(305,'df0c8b353d26c334cb909dc6243957c5',0,0,32,75,0,'FF',9,0.00,'',0,14,0,'',4,'','Current:','','',2,2),(306,'c41a4cf6fefaf756a24f0a9510580724',0,0,32,75,0,'FF',9,0.00,'',0,14,0,'',1,'','Average:','','',2,3),(307,'9efa8f01c6ed11364a21710ff170f422',0,0,32,75,0,'FF',9,0.00,'',0,14,0,'',3,'','Maximum:','','on',2,4),(308,'95d6e4e5110b456f34324f7941d08318',0,0,32,74,35,'FF',8,0.00,'',0,14,0,'',1,'','Memory Buffers','','',2,5),(309,'0c631bfc0785a9cca68489ea87a6c3da',0,0,32,74,0,'FF',9,0.00,'',0,14,0,'',4,'','Current:','','',2,6),(310,'3468579d3b671dfb788696df7dcc1ec9',0,0,32,74,0,'FF',9,0.00,'',0,14,0,'',1,'','Average:','','',2,7),(311,'c3ddfdaa65449f99b7f1a735307f9abe',0,0,32,74,0,'FF',9,0.00,'',0,14,0,'',3,'','Maximum:','','on',2,8),(312,'8a1b44ab97d3b56207d0e9e77a035d25',0,0,32,76,30,'FF',8,0.00,'',0,14,0,'',1,'','Cache Memory','','',2,9),(313,'6db3f439e9764941ff43fbaae348f5dc',0,0,32,76,0,'FF',9,0.00,'',0,14,0,'',4,'','Current:','','',2,10),(314,'cc9b2fe7acf0820caa61c1519193f65e',0,0,32,76,0,'FF',9,0.00,'',0,14,0,'',1,'','Average:','','',2,11),(315,'9eea140bdfeaa40d50c5cdcd1f23f72d',0,0,32,76,0,'FF',9,0.00,'',0,14,0,'',3,'','Maximum:','','on',2,12),(316,'7218cf1daca7c875f9232a1b3d8e798a',0,0,33,79,9,'FF',5,0.00,'',0,0,0,'',1,'','Max Jobs','','',2,1),(317,'4efd25fc574211728e090747d568c712',0,0,33,79,0,'FF',9,0.00,'',0,0,0,'',4,'','Current','','on',3,2),(318,'cdab1ff81e2006f9bb26c9caeb88b07b',0,0,33,78,67,'FF',7,0.00,'',0,0,0,'',1,'','Running Jobs','','',2,3),(319,'da2bfaf3da3339ec583734b580c8351b',0,0,33,78,0,'FF',9,0.00,'',0,0,0,'',4,'','Current','','on',3,4),(320,'a5e21e2a2d377270896e5576dc5cbc9f',0,0,33,82,25,'FF',7,0.00,'',0,3,0,'',1,'','Reserved Jobs','','',2,5),(321,'768993502e00485e28f9ec6e552519ff',0,0,33,82,0,'FF',9,0.00,'',0,0,0,'',4,'','Current','','on',3,6),(322,'b850fad4c50691e54c66ac7f09ac852a',0,0,33,80,43,'FF',8,0.00,'',0,3,0,'',1,'','Sys Suspended','','',2,7),(323,'a4a69b200ad42eccfd2a121a6f2bc4bd',0,0,33,80,0,'FF',9,0.00,'',0,0,0,'',4,'','Current','','on',3,8),(324,'fabaca378c250afc1de89a22af795a42',0,0,33,81,47,'FF',8,0.00,'',0,3,0,'',1,'','Usr Suspended','','',2,9),(325,'30ec02019b7293e890efb29207ffc233',0,0,33,81,0,'FF',9,0.00,'',0,0,0,'',4,'','Current','','on',3,10),(326,'ea11142387dfc9d1f18a0693f8b306e7',0,0,33,81,1,'FF',2,0.00,'',0,0,0,'',1,'','','0','',2,11),(327,'a6db9a86551d873fde5c012ee87d6138',0,0,34,85,15,'FF',7,0.00,'',0,0,0,'',1,'','15 Second Average','','',2,1),(328,'c4d83bff744e4095e4a9190feee60da3',0,0,34,85,0,'FF',9,0.00,'',0,0,0,'',4,'','Current:','','on',4,2),(329,'9e0ea3d923872eddf60f61ff19be6ff9',0,0,34,83,8,'FF',8,0.00,'',0,0,0,'',1,'','1  Minute Average','','',2,3),(330,'995cd5b63aa592868920239ad2c97a57',0,0,34,83,0,'FF',9,0.00,'',0,0,0,'',4,'','Current:','','on',4,4),(331,'d5703998d169199aade40e138664b90a',0,0,34,84,9,'FF',8,0.00,'',0,0,0,'',1,'','15 Minute Average','','',2,5),(332,'218921f60b3a1877bf5f7ba9a1408436',0,0,34,84,0,'FF',9,0.00,'',0,0,0,'',4,'','Current:','','on',4,6),(333,'eb6a35ddecc5bc139b32aa3d36f8d4d4',0,0,34,0,1,'FF',4,0.00,'',0,12,0,'',1,'','','','',2,7),(334,'f75235b4938540a1b6d0c9b87fbb4941',0,0,34,0,1,'FF',4,0.00,'',0,12,0,'',1,'','Total','','',2,7),(335,'dc6cd7b0880c08d3c92394a929605e73',0,0,35,87,33,'FF',7,0.00,'',0,0,0,'',1,'','System IO','','',2,1),(336,'a4342c120646baa44e6019ce87820b9d',0,0,35,87,0,'FF',9,0.00,'',0,0,0,'',4,'','Cur:','','on',3,2),(337,'2a6ae7c1b1739badd92dabac6bfab465',0,0,35,86,12,'FF',8,0.00,'',0,0,0,'',1,'','System Paging Level','','',2,3),(338,'7737f0ccdc13925d2d6fd891d5c647e1',0,0,35,86,0,'FF',9,0.00,'',0,0,0,'',4,'','Cur:','','on',3,4),(339,'509c3392706cfa1ceae7fac874f02e10',0,0,35,0,1,'FF',4,0.00,'',0,12,0,'',1,'','','','',2,7),(340,'a3954444674c72ff8af3501b2dc2ab0d',0,0,36,88,10,'99',7,0.00,'',0,22,0,'',1,'','Physical Memory','','',2,1),(341,'d06c67f324298cdc70d97704562a53ed',0,0,36,88,0,'FF',9,0.00,'',0,22,0,'',4,'','Cur:','','',2,2),(342,'d6a60609bc72c924e0134bb2fa12f08e',0,0,36,88,0,'FF',9,0.00,'',0,22,0,'',1,'','Avg:','','',2,3),(343,'7dfb4d3d062851d17d2048086331f6fb',0,0,36,88,0,'FF',9,0.00,'',0,22,0,'',2,'','Min:','','',2,4),(344,'b24f7d00c9d00190f0fd398debf979f7',0,0,36,88,0,'FF',9,0.00,'',0,22,0,'',3,'','Max:','','on',2,5),(345,'c3b262a25f4f5b255dab0488d36b3117',0,0,36,0,1,'FF',4,0.00,'',0,12,0,'',1,'','','','',2,6),(346,'9531b08774b359f938c53fd8b797a6d1',0,0,36,89,34,'FF',6,0.00,'',0,22,0,'',1,'','Swap Memory','','',2,8),(347,'474e3aa107d433c4abc7dcef97cfd93c',0,0,36,89,0,'FF',9,0.00,'',0,22,0,'',4,'','Cur:','','',2,9),(348,'62372664880228c4259b3eb2ea7f2a15',0,0,36,89,0,'FF',9,0.00,'',0,22,0,'',1,'','Avg:','','',2,10),(349,'521b745c6a569e033afd7f4b674cf49c',0,0,36,89,0,'FF',9,0.00,'',0,22,0,'',2,'','Min:','','',2,11),(350,'7dd030f0ac43c63af8e76fb32d3a2e92',0,0,36,89,0,'FF',9,0.00,'',0,22,0,'',3,'','Max:','','on',2,12),(351,'cb7d01197738c9b1bbaf9a9401b02760',0,0,36,0,1,'FF',4,0.00,'',0,12,0,'',1,'','','','',2,13),(352,'8978e59d5a533b53b18aafb2624cb01f',0,0,37,90,66,'FF',7,0.00,'',0,16,0,'',1,'','Percent Utilized','','',2,1),(353,'f7b4af254e94b3d1d663c84907216e24',0,0,37,90,0,'FF',9,0.00,'',0,16,0,'',4,'','Current:','','on',4,2),(354,'ca33f9bd01d049c5f412366b9abdfec6',0,0,37,0,1,'FF',4,0.00,'',0,12,0,'',1,'','','','',2,7),(355,'da24c540c7b6b11022efdc5eaed18737',0,0,38,92,10,'99',7,0.00,'',0,22,0,'',1,'','Physical Memory','','',2,1),(356,'5963eabdf1a0e02e70e3deb96c99b147',0,0,38,92,0,'FF',9,0.00,'',0,22,0,'',4,'','Cur:','','',2,2),(357,'f0ce77019158cc894c89689cc3cfe8a0',0,0,38,92,0,'FF',9,0.00,'',0,22,0,'',1,'','Avg:','','',2,3),(358,'4979a4a871bfef34dee4dd5baca642d0',0,0,38,92,0,'FF',9,0.00,'',0,22,0,'',2,'','Min:','','',2,4),(359,'206b6b817d8b23f75d1824f0ebfbe0fd',0,0,38,92,0,'FF',9,0.00,'',0,22,0,'',3,'','Max:','','on',2,5),(360,'6a065d5983cd8f8380d83dfa58fa51cb',0,0,38,93,34,'FF',6,0.00,'',0,22,0,'',1,'','Swap Memory','','',2,6),(361,'e18a09ca8b9a560a82c7c850df8fedfa',0,0,38,93,0,'FF',9,0.00,'',0,22,0,'',4,'','Cur:','','',2,7),(362,'5af52ec633fb8dc0400240df9dc034ab',0,0,38,93,0,'FF',9,0.00,'',0,22,0,'',1,'','Avg:','','',2,8),(363,'bd6af7069a15426356eb843ffb62990c',0,0,38,93,0,'FF',9,0.00,'',0,22,0,'',2,'','Min:','','',2,9),(364,'fea1706ba7f194f88aa29ae1a8884c97',0,0,38,93,0,'FF',9,0.00,'',0,22,0,'',3,'','Max:','','on',2,10),(365,'e1d5f8f62ef1304c30b98f1d1b3196ff',0,0,38,91,11,'FF',5,0.00,'',0,22,0,'',1,'','Reserved:','','',2,11),(366,'41e6dd19783386fcba5d34dab88d513a',0,0,38,91,0,'FF',9,0.00,'',0,22,0,'',4,'','Cur:','','',2,12),(367,'75f7fbbea263f50bea04bbdb5f940b90',0,0,38,91,0,'FF',9,0.00,'',0,22,0,'',1,'','Avg:','','',2,13),(368,'fc34d738af4661afa8e71bb73df07046',0,0,38,91,0,'FF',9,0.00,'',0,22,0,'',1,'','Min:','','',2,14),(369,'9fe9619e668811f453d8c46f1e6efde8',0,0,38,91,0,'FF',9,0.00,'',0,22,0,'',3,'','Max:','','on',2,15),(370,'b561ed15b3ba66d277e6d7c1640b86f7',0,0,39,95,48,'FF',7,0.00,'',0,14,0,'',1,'','Used','','',2,1),(371,'99ef051057fa6adfa6834a7632e9d8a2',0,0,39,95,0,'FF',9,0.00,'',0,14,0,'',4,'','Current:','','',2,2),(372,'3986695132d3f4716872df4c6fbccb65',0,0,39,95,0,'FF',9,0.00,'',0,14,0,'',1,'','Average:','','',2,3),(373,'0444300017b368e6257f010dca8bbd0d',0,0,39,95,0,'FF',9,0.00,'',0,14,0,'',3,'','Maximum:','','on',2,4),(374,'4d6a0b9063124ca60e2d1702b3e15e41',0,0,39,94,20,'FF',8,0.00,'',0,14,0,'',1,'','Available','','',2,5),(375,'181b08325e4d00cd50b8cdc8f8ae8e77',0,0,39,94,0,'FF',9,0.00,'',0,14,0,'',4,'','Current:','','',2,6),(376,'bba0a9ff1357c990df50429d64314340',0,0,39,94,0,'FF',9,0.00,'',0,14,0,'',1,'','Average:','','',2,7),(377,'d4a67883d53bc1df8aead21c97c0bc52',0,0,39,94,0,'FF',9,0.00,'',0,14,0,'',3,'','Maximum:','','on',2,8),(378,'253c9ec2d66905245149c1c2dc8e536e',0,0,39,0,1,'FF',5,0.00,'',0,15,0,'',1,'','Total','','',2,9),(379,'ea9ea883383f4eb462fec6aa309ba7b5',0,0,39,0,0,'FF',9,0.00,'',0,15,0,'',4,'','Current:','','',2,10),(380,'83b746bcaba029eeca170a9f77ec4864',0,0,39,0,0,'FF',9,0.00,'',0,15,0,'',1,'','Average:','','',2,11),(381,'82e01dd92fd37887c0696192efe7af65',0,0,39,0,0,'FF',9,0.00,'',0,15,0,'',3,'','Maximum:','','on',2,12),(382,'88e533bada820e4c039d0d3c8ef98d4f',0,0,40,97,95,'FF',7,0.00,NULL,NULL,0,0,NULL,1,NULL,'Done Jobs:','','',2,1),(383,'701cf6b165e9da477a6f8ebe884ca197',0,0,40,97,0,'FF',9,0.00,NULL,NULL,0,0,NULL,4,NULL,'Cur:','','',2,2),(384,'2522d80f577cf2d5eaabb6ebaafdbbcb',0,0,40,97,0,'FF',9,0.00,NULL,NULL,0,0,NULL,1,NULL,'Avg:','','',2,3),(385,'19cc76f61849140fb0b2eb2f4ff73b1f',0,0,40,97,0,'FF',9,0.00,NULL,NULL,0,0,NULL,2,NULL,'Min:','','',2,4),(386,'ca64038902d1627f654ba59b0516bf7c',0,0,40,97,0,'FF',9,0.00,NULL,NULL,0,0,NULL,3,NULL,'Max:','','on',2,5),(387,'f4891dc9c13520568cf634a28f4fa422',0,0,40,96,9,'FF',8,0.00,NULL,NULL,0,0,NULL,1,NULL,'Exited Jobs:','','',2,6),(388,'a0356a0ad2d4c6ddec8b6b5267fe14ab',0,0,40,96,0,'FF',9,0.00,NULL,NULL,0,0,NULL,4,NULL,'Cur:','','',2,7),(389,'b56d0fe34fa7f5feff4cab008ced07f4',0,0,40,96,0,'FF',9,0.00,NULL,NULL,0,0,NULL,1,NULL,'Avg:','','',2,8),(390,'d5f0141c48482b94315f137f2044c592',0,0,40,96,0,'FF',9,0.00,NULL,NULL,0,0,NULL,2,NULL,'Min:','','',2,9),(391,'cd1956ef438a8f171dd8cd08f91e94cb',0,0,40,96,0,'FF',9,0.00,NULL,NULL,0,0,NULL,3,NULL,'Max:','','on',2,10),(392,'d72e5190345f951b4de850ea19d7bc5e',0,0,40,98,10,'FF',8,0.00,NULL,NULL,0,0,NULL,1,NULL,'Started Jobs:','','',2,11),(393,'b0176c184ce88a78cbd2e09c3179ea06',0,0,40,98,0,'FF',9,0.00,NULL,NULL,0,0,NULL,4,NULL,'Cur:','','',2,12),(394,'d5e62ebbaeef949acbe7b091f3715afe',0,0,40,98,0,'FF',9,0.00,NULL,NULL,0,0,NULL,1,NULL,'Avg:','','',2,13),(395,'6eed06977062e373e3fddb880c318697',0,0,40,98,0,'FF',9,0.00,NULL,NULL,0,0,NULL,2,NULL,'Min:','','',2,14),(396,'63d9452a867838686aa7ee05933588e7',0,0,40,98,0,'FF',9,0.00,NULL,NULL,0,0,NULL,3,NULL,'Max:','','on',2,15),(397,'13557678b4a4fa5d1570bd9584ee2165',0,0,41,99,104,'FF',7,0.00,NULL,NULL,0,0,NULL,1,NULL,'Pending Jobs:','','',2,1),(398,'c109fdbcca9179574f60dec88539e264',0,0,41,99,0,'FF',9,0.00,NULL,NULL,0,0,NULL,4,NULL,'Cur:','','',2,2),(399,'6c49ce50198bccb87d0e1da2a973c904',0,0,41,99,0,'FF',9,0.00,NULL,NULL,0,0,NULL,1,NULL,'Avg:','','',2,3),(400,'854a5c6bbe0dddebbf482fd5719dcd4f',0,0,41,99,0,'FF',9,0.00,NULL,NULL,0,0,NULL,2,NULL,'Min:','','',2,4),(401,'9a065c9cb7bd3e3dfa7ce872fd4c2d03',0,0,41,99,0,'FF',9,0.00,NULL,NULL,0,0,NULL,3,NULL,'Max:','','on',2,5),(402,'775aecfdf6262fd8ba0bf2081e3ce94c',0,0,42,100,56,'FF',7,0.00,NULL,NULL,0,0,NULL,1,NULL,'Cluster Efficiency','','',2,1),(403,'3d77518c9bcd79f34d038b6054bdf654',0,0,43,101,75,'FF',6,0.00,NULL,NULL,0,0,NULL,1,NULL,'Overall Capacity','','',2,1),(404,'fd61d6ac89fba855e9f22d708473f005',0,0,43,101,0,'FF',9,0.00,NULL,NULL,0,0,NULL,4,NULL,'Cur:','','',3,3),(405,'6aef3f460d4793467d9638c77d45f1b2',0,0,43,101,0,'FF',9,0.00,NULL,NULL,0,0,NULL,1,NULL,'Avg:','','',3,4),(406,'c2149ddecea994e755e9b249d1561ee8',0,0,43,101,0,'FF',9,0.00,NULL,NULL,0,0,NULL,2,NULL,'Min:','','',3,5),(407,'10fa25c0350520494c46e044162208f0',0,0,43,101,0,'FF',9,0.00,NULL,NULL,0,0,NULL,3,NULL,'Max:','','on',3,6),(408,'411a005d77d9f5f016d2ac96ec448fa5',0,0,43,102,99,'FF',7,0.00,NULL,NULL,0,0,NULL,1,NULL,'Overall Load','','',2,7),(409,'5107cbfb940e8de54095cee7424c8d80',0,0,43,102,0,'FF',9,0.00,NULL,NULL,0,0,NULL,4,NULL,'Cur:','','',3,8),(410,'4f369b8244aaa654b6c8104fdee8b96f',0,0,43,102,0,'FF',9,0.00,NULL,NULL,0,0,NULL,1,NULL,'Avg:','','',3,9),(411,'f82b7c8f8722f30d848aa7ccd8f40b7d',0,0,43,102,0,'FF',9,0.00,NULL,NULL,0,0,NULL,2,NULL,'Min:','','',3,10),(412,'93cd845c47cb8521e4910ea4a19f9362',0,0,43,102,0,'FF',9,0.00,NULL,NULL,0,0,NULL,3,NULL,'Max:','','on',3,11),(413,'b53158704390ac6b0a7db470880c83c8',0,0,44,108,46,'FF',5,0.00,NULL,NULL,0,0,NULL,1,NULL,'Runtime:','','',2,1),(414,'eefb699e857e4c08e01c2dca584921bb',0,0,44,107,56,'FF',5,0.00,NULL,NULL,0,0,NULL,1,NULL,'Total MBD:','','',2,2),(415,'ac9959af25f466bd66d5da57f09696e9',0,0,44,106,92,'FF',7,0.00,NULL,NULL,0,0,NULL,1,NULL,'Peak MBD:','','on',2,3),(416,'dfca700a84bfaeaf6a7ff46beb201d5c',0,0,44,105,0,'FF',9,0.00,NULL,NULL,0,0,NULL,1,NULL,'Pend:','','on',3,5),(417,'3af5de362c4fd40410a5028b5b29e885',0,0,44,104,0,'FF',9,0.00,NULL,NULL,0,0,NULL,1,NULL,'Run: ','','on',3,6),(418,'3dccc13783ac8d5c3e654ac8f89b1f0c',0,0,44,103,0,'FF',9,0.00,NULL,NULL,0,0,NULL,1,NULL,'Done:','','on',3,7),(419,'c66239bf53f2fdfb8868a6321bbf986a',0,0,45,109,40,'FF',7,0.00,NULL,NULL,0,0,NULL,1,NULL,'LIM Response:','','',2,1),(420,'4737cc9a29de78159e08df1f14f22f2b',0,0,45,109,0,'FF',9,0.00,NULL,NULL,0,0,NULL,4,NULL,'Cur:','','',2,2),(421,'d95e918a0c409c302683a622d70572e4',0,0,45,109,0,'FF',9,0.00,NULL,NULL,0,0,NULL,1,NULL,'Avg:','','',2,3),(422,'b61878a73151bd3354c9ebd99eafe8e6',0,0,45,109,0,'FF',9,0.00,NULL,NULL,0,0,NULL,2,NULL,'Min:','','',2,4),(423,'8697055568e13df5a3094ec8f2a6ff78',0,0,45,109,0,'FF',9,0.00,NULL,NULL,0,0,NULL,3,NULL,'Max:','','',2,5),(424,'1363966831bef2d6777bdc561bf9aec4',0,0,45,110,64,'66',7,0.00,NULL,NULL,0,0,NULL,1,NULL,'LSB Response:','','',2,6),(425,'dfe5e2988cf39b159679564b9c8eb110',0,0,45,110,0,'FF',9,0.00,NULL,NULL,0,0,NULL,4,NULL,'Cur:','','',2,7),(426,'a6dc898d19b13d43f3d5667f35474d1f',0,0,45,110,0,'FF',9,0.00,NULL,NULL,0,0,NULL,1,NULL,'Avg:','','',2,8),(427,'97bece2152c360f420dfeb44018f0d49',0,0,45,110,0,'FF',9,0.00,NULL,NULL,0,0,NULL,2,NULL,'Min:','','',2,9),(428,'514d03ae75e2506b5c39cb8ad1299b67',0,0,45,110,0,'FF',9,0.00,NULL,NULL,0,0,NULL,3,NULL,'Max:','','on',2,10),(429,'f1fd87b0b8c7a26888ac35115fc6f76b',0,0,46,111,33,'FF',5,0.00,NULL,NULL,0,0,NULL,1,NULL,'Float Client Licenses Used','','',2,1),(430,'2a5419c9f7d360330ccce97c05c498b8',0,0,46,111,0,'FF',9,0.00,NULL,NULL,0,0,NULL,4,NULL,'','','on',3,2),(431,'9c73261ab43ec2bf1c144b2c93ca5fb7',0,0,46,112,12,'FF',5,0.00,NULL,NULL,0,0,NULL,1,NULL,'Static Client Licenses Used','','',2,3),(432,'02877ab460dc8131958efdc75b90f918',0,0,46,112,0,'FF',9,0.00,NULL,NULL,0,0,NULL,4,NULL,'','','on',3,4),(433,'78b48ae8b7689f137c89efa649a8a239',0,0,47,115,9,'FF',5,0.00,NULL,NULL,0,0,NULL,1,NULL,'gridload runtime','','',2,1),(434,'5464cd0059242677873df6bbf818f540',0,0,48,113,42,'FF',5,0.00,NULL,NULL,0,0,NULL,1,NULL,'gridbhosts runtime','','on',2,1),(435,'ad0e60e0cf582a8ead54b1e2a83baa43',0,0,48,114,6,'FF',5,0.00,NULL,NULL,0,0,NULL,1,NULL,'gridhosts runtime','','',2,2),(436,'990fc972fdf4c705c35fffbf6110a8d1',0,0,49,121,51,'FF',5,0.00,NULL,NULL,0,0,NULL,1,NULL,'gridusers runtime','','on',2,1),(437,'c5ebcc3ec674e2b4ee513859a2a0cf26',0,0,49,119,93,'FF',5,0.00,NULL,NULL,0,0,NULL,1,NULL,'gridusergroups runtime','','',2,2),(438,'846b15521df281b716be2d201579e724',0,0,50,120,13,'FF',5,0.00,NULL,NULL,0,0,NULL,1,NULL,'gridqueues runtime','','',2,1),(439,'ef6bc238efd48a089bd40ca7be61881e',0,0,51,118,8,'FF',5,0.00,NULL,NULL,0,0,NULL,1,NULL,'gridparams runtime','','',2,1),(440,'1c74e73832d6ca97dc014835ecf5a194',0,0,52,117,59,'FF',5,0.00,NULL,NULL,0,0,NULL,1,NULL,'gridhostgroups runtime','','',2,1),(441,'56548ebb0efbc1fb748e2f9d9f3c7efe',0,0,53,116,10,'FF',5,0.00,NULL,NULL,0,0,NULL,1,NULL,'gridarray runtime','','',2,1),(442,'b2ffb1593f310eca9b649ea2d543c7f4',0,0,54,123,9,'FF',7,0.00,NULL,NULL,19,0,NULL,1,NULL,'Avg Pend:','','',2,1),(443,'7108503b51f446a95794db71691bb616',0,0,54,123,0,'FF',9,0.00,NULL,NULL,19,0,NULL,4,NULL,'Cur:','','',2,2),(444,'f7bfff6caad40237cea6f0c6f19f9bd3',0,0,54,123,0,'FF',9,0.00,NULL,NULL,19,0,NULL,1,NULL,'Avg:','','',2,3),(445,'25f03e90ef872504f01d65b0c0a1fb0c',0,0,54,123,0,'FF',9,0.00,NULL,NULL,19,0,NULL,2,NULL,'Min:','','',2,4),(446,'69b3df129de3d5f060a90aee0035feea',0,0,54,123,0,'FF',9,0.00,NULL,NULL,19,0,NULL,3,NULL,'Max:','','on',2,5),(447,'e10081d90e7f4b6c661644d4d3c8c087',0,0,54,122,10,'FF',5,0.00,NULL,NULL,19,0,NULL,1,NULL,'Max Pend:','','',2,6),(448,'b7f27bce42417478f7a2df0e1f2534f3',0,0,54,122,0,'FF',9,0.00,NULL,NULL,19,0,NULL,4,NULL,'Cur:','','',2,7),(449,'8fb4dd52e9f4ec25c66e392809e193b3',0,0,54,122,0,'FF',9,0.00,NULL,NULL,19,0,NULL,1,NULL,'Avg:','','',2,8),(450,'c58958ed4b5127ee839eea5bd4e88a6c',0,0,54,122,0,'FF',9,0.00,NULL,NULL,19,0,NULL,2,NULL,'Min:','','',2,9),(451,'4fc4c097b0b6fcf592aa8195b8a633cd',0,0,54,122,0,'FF',9,0.00,NULL,NULL,19,0,NULL,3,NULL,'Max:','','on',2,10),(452,'2b719b397fb7955ab7c72ebd908e8bcf',0,0,55,128,21,'FF',7,0.00,NULL,NULL,0,0,NULL,1,NULL,'Ended:','','',2,1),(453,'c48ec5253de2eb05a73107917cc85fe4',0,0,55,128,0,'FF',9,0.00,NULL,NULL,0,0,NULL,4,NULL,'Current:','','',3,2),(454,'c5836c50da6d4f4926610beb91044b31',0,0,55,128,0,'FF',9,0.00,NULL,NULL,0,0,NULL,1,NULL,'Average:','','',3,3),(455,'6e5507e0e8197c8a230960fa5e23d6f9',0,0,55,128,0,'FF',9,0.00,NULL,NULL,0,0,NULL,3,NULL,'Maximum:','','on',3,4),(456,'96f1ac3202d6ef47edb4e7b02acc773d',0,0,55,132,48,'FF',8,0.00,NULL,NULL,0,0,NULL,1,NULL,'Exited:','','',2,5),(457,'fc8ca5d2715f08f0452fc6c1163ab64d',0,0,55,132,0,'FF',9,0.00,NULL,NULL,0,0,NULL,4,NULL,'Current:','','',3,6),(458,'30a077a44c57e86353c9848eaf4c0d5e',0,0,55,132,0,'FF',9,0.00,NULL,NULL,0,0,NULL,1,NULL,'Average:','','',3,7),(459,'ac5e25788ac82fc9a924236ebe2ba1c8',0,0,55,132,0,'FF',9,0.00,NULL,NULL,0,0,NULL,3,NULL,'Maximum:','','on',3,8),(460,'99971ba8d19ece91a707c124e54bcb3c',0,0,55,130,1,'FF',8,0.00,NULL,NULL,0,0,NULL,1,NULL,'Pending','','',2,9),(461,'d47a6748e33ca4e840ceb54e332b8e03',0,0,55,130,0,'FF',9,0.00,NULL,NULL,0,0,NULL,4,NULL,'Current:','','',3,10),(462,'ce8377fc3914bea71066976bd28ffd22',0,0,55,130,0,'FF',9,0.00,NULL,NULL,0,0,NULL,1,NULL,'Average:','','',3,11),(463,'f38df4ced76a6124bfadc6079e139745',0,0,55,130,0,'FF',9,0.00,NULL,NULL,0,0,NULL,3,NULL,'Maximum:','','on',3,12),(464,'614f0a50d197883592a8d85bab9a5238',0,0,55,129,12,'FF',8,0.00,NULL,NULL,0,0,NULL,1,NULL,'Running:','','',2,13),(465,'611039c700c9f161c47bbcba7b89e072',0,0,55,129,0,'FF',9,0.00,NULL,NULL,0,0,NULL,4,NULL,'Current:','','',3,14),(466,'24332736ccd1d5b3b10dfab79c511c62',0,0,55,129,0,'FF',9,0.00,NULL,NULL,0,0,NULL,1,NULL,'Average:','','',3,15),(467,'2bbffc78ebd335f1e436fe7e7e753fd7',0,0,55,129,0,'FF',9,0.00,NULL,NULL,0,0,NULL,3,NULL,'Maximum:','','on',3,16),(468,'9f59ad67710958398a335ccbd955de67',0,0,55,126,81,'FF',8,0.00,NULL,NULL,0,0,NULL,1,NULL,'Started','','',2,17),(469,'6d21feaf674b55927edf2d69fa9311b3',0,0,55,126,0,'FF',9,0.00,NULL,NULL,0,0,NULL,4,NULL,'Current:','','',3,18),(470,'459c23496f703aa1643ce3b1123d72fe',0,0,55,126,0,'FF',9,0.00,NULL,NULL,0,0,NULL,1,NULL,'Average:','','',3,19),(471,'0ace3cdc50c94a0979aaf6c2b5e8d1cf',0,0,55,126,0,'FF',9,0.00,NULL,NULL,0,0,NULL,3,NULL,'Maximum:','','on',3,20),(472,'37a3d973435fbf0710670e6364a5deb6',0,0,55,127,28,'FF',8,0.00,NULL,NULL,0,0,NULL,1,NULL,'Submitted:','','',2,21),(473,'3066e06d5d9da404f965f2f478771207',0,0,55,127,0,'FF',9,0.00,NULL,NULL,0,0,NULL,4,NULL,'Current:','','',3,22),(474,'e9ce97b0a74f9940087c599c9f95e047',0,0,55,127,0,'FF',9,0.00,NULL,NULL,0,0,NULL,1,NULL,'Average:','','',3,23),(475,'c9f0e49e7d94682dd41091c791d1f93b',0,0,55,127,0,'FF',9,0.00,NULL,NULL,0,0,NULL,3,NULL,'Maximum:','','on',3,24),(476,'34511a1f1c61c8a071b42583446fde26',0,0,55,131,98,'FF',8,0.00,NULL,NULL,0,0,NULL,1,NULL,'Suspended:','','',2,25),(477,'e060a7988a8cd23b640760f17ff85aa5',0,0,55,131,0,'FF',9,0.00,NULL,NULL,0,0,NULL,4,NULL,'Current:','','',3,26),(478,'4dcccfbb6f38c22483ec3da7c703fdb1',0,0,55,131,0,'FF',9,0.00,NULL,NULL,0,0,NULL,1,NULL,'Average:','','',3,27),(479,'ff58b420fe471ce64b2f09e099539c5e',0,0,55,131,0,'FF',9,0.00,NULL,NULL,0,0,NULL,3,NULL,'Maximum:','','on',3,28),(480,'cb444b984b7d6a3410d8f381650ea8c1',0,0,56,125,8,'FF',4,0.00,NULL,NULL,0,0,NULL,3,NULL,'','','',2,1),(481,'13ca71915a186c2e1e78b0f49289d066',0,0,56,125,8,'4C',7,0.00,NULL,NULL,19,0,NULL,1,NULL,'Avg Disp:','','',2,2),(482,'4c965040ba2dc7a8cbeee70e5bc2280b',0,0,56,125,0,'FF',9,0.00,NULL,NULL,19,0,NULL,4,NULL,'Cur:','','',2,3),(483,'c1befa49ac2f8694e26499c2590e69a2',0,0,56,125,0,'FF',9,0.00,NULL,NULL,19,0,NULL,1,NULL,'Avg:','','',2,4),(484,'34fd1df7a036f178882b9c2386b466c7',0,0,56,125,0,'FF',9,0.00,NULL,NULL,19,0,NULL,2,NULL,'Min:','','',2,5),(485,'d03add70b1678c0e9af8b15dd1263428',0,0,56,125,0,'FF',9,0.00,NULL,NULL,19,0,NULL,3,NULL,'Max:','','on',2,6),(486,'39aef121a058ef6771d6ddbc81165de1',0,0,56,124,49,'FF',4,0.00,NULL,NULL,0,0,NULL,3,NULL,'','','',2,7),(487,'7a4441d1fecfa1d0e94768135b954c3c',0,0,56,124,49,'4C',5,0.00,NULL,NULL,19,0,NULL,1,NULL,'Max Disp:','','',2,8),(488,'28793701a455d590bdc2f8df7671a442',0,0,56,124,0,'FF',9,0.00,NULL,NULL,19,0,NULL,4,NULL,'Cur:','','',2,9),(489,'8ab5f6f1a6f8e80b901218bef1ddd19c',0,0,56,124,0,'FF',9,0.00,NULL,NULL,19,0,NULL,1,NULL,'Avg:','','',2,10),(490,'f94481367d8f37d260a0b952c89ab967',0,0,56,124,0,'FF',9,0.00,NULL,NULL,19,0,NULL,2,NULL,'Min:','','',2,11),(491,'67f306ab7dcbf7a938f505521138a8ec',0,0,56,124,0,'FF',9,0.00,NULL,NULL,19,0,NULL,3,NULL,'Max:','','on',2,12),(492,'511dec9ce9d16e30c1b43fa79281ae96',0,0,57,133,440,'FF',4,0.00,NULL,NULL,0,0,NULL,3,NULL,'','','',2,1),(493,'e34c9420277100d838b405b03dfd469c',0,0,57,133,47,'4C',7,0.00,NULL,NULL,0,0,NULL,1,NULL,'Users:','','',2,2),(494,'1b684f4e1bbb74ccf104f2381a2aa7a8',0,0,57,133,0,'FF',9,0.00,NULL,NULL,0,0,NULL,4,NULL,'Current:','','',3,3),(495,'7cad61fff47f33dd584871061e93263d',0,0,57,133,0,'FF',9,0.00,NULL,NULL,0,0,NULL,1,NULL,'Average:','','',3,4),(496,'94d55a6312274cf8549ec40f0e9fde50',0,0,57,133,0,'FF',9,0.00,NULL,NULL,0,0,NULL,3,NULL,'Maximum:','','on',3,5),(497,'c82d12288dd67cbde2035b8af7337b66',0,0,58,135,18,'FF',7,0.00,NULL,NULL,0,0,NULL,1,NULL,'Done:','','',2,1),(498,'f40874d3924eaff9f2a2d75b299a23da',0,0,58,135,0,'FF',9,0.00,NULL,NULL,0,0,NULL,4,NULL,'Current:','','',3,2),(499,'cc00e0911ff8a0473a3f37a118c8a4c3',0,0,58,135,0,'FF',9,0.00,NULL,NULL,0,0,NULL,1,NULL,'Average:','','',3,3),(500,'4645a68c01333836834ab41926f67356',0,0,58,135,0,'FF',9,0.00,NULL,NULL,0,0,NULL,3,NULL,'Maximum:','','on',3,4),(501,'dcfddb5b0aa075a769c451a57a7261d8',0,0,58,136,441,'FF',8,0.00,NULL,NULL,0,0,NULL,1,NULL,'Exited:','','',2,5),(502,'e5cc29b57899acce946b8e1aa7d5485f',0,0,58,136,0,'FF',9,0.00,NULL,NULL,0,0,NULL,4,NULL,'Current:','','',3,6),(503,'dd02820aa3af9ddf1521a8c9d82a6957',0,0,58,136,0,'FF',9,0.00,NULL,NULL,0,0,NULL,1,NULL,'Average:','','',3,7),(504,'2f9ff46326d2d73781d4cc12b3c31a7a',0,0,58,136,0,'FF',9,0.00,NULL,NULL,0,0,NULL,3,NULL,'Maximum:','','on',3,8),(505,'3298d0a6a04810f1e7212a163d964513',0,0,58,134,67,'FF',8,0.00,NULL,NULL,0,0,NULL,1,NULL,'Started:','','',2,9),(506,'6c100d6f97e54beef0d95637044eecb2',0,0,58,134,0,'FF',9,0.00,NULL,NULL,0,0,NULL,4,NULL,'Current:','','',3,10),(507,'cab492a9fbf814690812ac1b8d124de6',0,0,58,134,0,'FF',9,0.00,NULL,NULL,0,0,NULL,1,NULL,'Average:','','',3,11),(508,'25c37b22b5e1a14f6a0908926e9ee87e',0,0,58,134,0,'FF',9,0.00,NULL,NULL,0,0,NULL,3,NULL,'Maximum:','','on',3,12),(509,'f408d5ff66730761d22ddc38d602d2cd',0,0,59,137,41,'CC',7,0.00,NULL,NULL,0,0,NULL,3,NULL,'Total Slots','','',2,1),(510,'cbf80114eb2d074c8bbdf860de56aa7d',0,0,59,137,0,'FF',9,0.00,NULL,NULL,0,0,NULL,4,NULL,'Current:','','',3,2),(511,'0b70233841eca931e965d6adbadaaf97',0,0,59,137,0,'FF',9,0.00,NULL,NULL,0,0,NULL,1,NULL,'Average:','','',3,3),(512,'783d62119deeb80cf916dd9f8a912fd4',0,0,59,137,0,'FF',9,0.00,NULL,NULL,0,0,NULL,3,NULL,'Maximum:','','on',3,4),(513,'8c14f24f03ac1b19e07ca4a53d870206',0,0,59,141,47,'7F',7,0.00,NULL,NULL,0,0,NULL,1,NULL,'Total Dedicated:','','',2,5),(514,'ce4ed69ade0145c2dc0e630ba9c2e0b1',0,0,59,141,0,'FF',9,0.00,NULL,NULL,0,0,NULL,4,NULL,'Current:','','',3,6),(515,'da54e9dbaec7564a3530a8fddbdb6ae5',0,0,59,141,0,'FF',9,0.00,NULL,NULL,0,0,NULL,1,NULL,'Average:','','',3,7),(516,'7bcf9cbe46781ff88f920b94ea1580d0',0,0,59,141,0,'FF',9,0.00,NULL,NULL,0,0,NULL,3,NULL,'Maximum:','','on',3,8),(517,'81ec0d84d6f8ab5f7823bba95285cf04',0,0,59,140,68,'7F',8,0.00,NULL,NULL,0,0,NULL,3,NULL,'Total Shared:','','',2,9),(518,'1451a9b03209207e3387d91f4b22c18b',0,0,59,140,0,'FF',9,0.00,NULL,NULL,0,0,NULL,4,NULL,'Current:','','',3,10),(519,'5f926b9d15fa772e3f9cb5997a7e1912',0,0,59,140,0,'FF',9,0.00,NULL,NULL,0,0,NULL,1,NULL,'Average:','','',3,11),(520,'b4d55801dd7bfe2a1b9531ee659170a7',0,0,59,140,0,'FF',9,0.00,NULL,NULL,0,0,NULL,3,NULL,'Maximum:','','on',3,12),(521,'3dd54e6192938c9bdc7bd022e2f94a11',0,0,59,139,47,'FF',5,0.00,NULL,NULL,0,0,NULL,1,NULL,'Open Dedicated:','','',2,13),(522,'af0a1cd71dbfd33bc32ec392c9e822b3',0,0,59,139,0,'FF',9,0.00,NULL,NULL,0,0,NULL,4,NULL,'Current:','','',3,14),(523,'13adf473346c31fd5d5da9bcefd501c9',0,0,59,139,0,'FF',9,0.00,NULL,NULL,0,0,NULL,1,NULL,'Average:','','',3,15),(524,'a925511e5a0832bbee3ab7e742f65bf8',0,0,59,139,0,'FF',9,0.00,NULL,NULL,0,0,NULL,3,NULL,'Maximum:','','on',3,16),(525,'a5317a9c08299c3c97049cd647e22d18',0,0,59,138,68,'FF',5,0.00,NULL,NULL,0,0,NULL,1,NULL,'Open Shared:','','',2,17),(526,'df80ec8b2e0145e127a64136172a0634',0,0,59,138,0,'FF',9,0.00,NULL,NULL,0,0,NULL,4,NULL,'Current:','','',3,18),(527,'b3fbec88e02dd7f030aa1d877a1e416b',0,0,59,138,0,'FF',9,0.00,NULL,NULL,0,0,NULL,1,NULL,'Average:','','',3,19),(528,'dc76ed52aef6fca65bf240a006ced22a',0,0,59,138,0,'FF',9,0.00,NULL,NULL,0,0,NULL,3,NULL,'Maximum:','','on',3,20),(529,'773722314cdf26572fe5c10ed7a17d2b',0,0,60,142,1,'FF',4,0.00,NULL,NULL,0,0,NULL,3,NULL,'','','',2,1),(530,'aea725b624251f190e6469fc040ac6e5',0,0,60,142,1,'4C',7,0.00,NULL,NULL,0,0,NULL,1,NULL,'Pending:','','',2,2),(531,'11185f9be95134a156c88aa89ea3d5df',0,0,60,142,0,'FF',9,0.00,NULL,NULL,0,0,NULL,4,NULL,'Current:','','',3,3),(532,'9974a22d42994a265b5f690c6ed1756b',0,0,60,142,0,'FF',9,0.00,NULL,NULL,0,0,NULL,1,NULL,'Average:','','',3,4),(533,'ea2cee7b63fc422c511249a12bccf145',0,0,60,142,0,'FF',9,0.00,NULL,NULL,0,0,NULL,3,NULL,'Maximum:','','on',3,5),(534,'d976a710b814ede6b7cff0b7f83cb5dd',0,0,61,143,21,'FF',4,0.00,NULL,NULL,0,0,NULL,3,NULL,'','','',2,1),(535,'cbb903b8c87498eff61841494692608a',0,0,61,143,21,'4C',7,0.00,NULL,NULL,0,0,NULL,1,NULL,'Running:','','',2,2),(536,'7f92329aec26f78bca4862ef6238cb80',0,0,61,143,0,'FF',9,0.00,NULL,NULL,0,0,NULL,4,NULL,'Current:','','',3,3),(537,'5759ee770851ae46c234dec11065b651',0,0,61,143,0,'FF',9,0.00,NULL,NULL,0,0,NULL,1,NULL,'Average:','','',3,4),(538,'bf9f1f0f900777774d81036af44c3793',0,0,61,143,0,'FF',9,0.00,NULL,NULL,0,0,NULL,3,NULL,'Maximum:','','on',3,5),(539,'11fe89247104d827fb919b6f9ba646c8',0,0,62,145,96,'FF',7,0.00,NULL,NULL,0,0,NULL,3,NULL,'Slot:','','',2,1),(540,'4a99cee03f1afe53ca404ebf0313869b',0,0,62,145,0,'FF',9,0.00,NULL,NULL,0,0,NULL,4,NULL,'Current:','','',5,2),(541,'2b968e4b97a05cdc70bb4bd447004f8a',0,0,62,145,0,'FF',9,0.00,NULL,NULL,0,0,NULL,1,NULL,'Average:','','',5,3),(542,'7974bfeadf3145dbfb5cf9a5958608a3',0,0,62,145,0,'FF',9,0.00,NULL,NULL,0,0,NULL,3,NULL,'Maximum:','','on',5,4),(543,'4c57e9db9f00f4d823f9383e37d07c08',0,0,62,146,67,'FF',7,0.00,NULL,NULL,0,0,NULL,3,NULL,'CPU:','','',2,5),(544,'7674b54186e2d7bafcae512fb12367bb',0,0,62,146,0,'FF',9,0.00,NULL,NULL,0,0,NULL,4,NULL,'Current:','','',5,6),(545,'f67ce182c8e87d956133b94c7c157684',0,0,62,146,0,'FF',9,0.00,NULL,NULL,0,0,NULL,1,NULL,'Average:','','',5,7),(546,'f416efad8d235d8a36fa78db90fb7bea',0,0,62,146,0,'FF',9,0.00,NULL,NULL,0,0,NULL,3,NULL,'Maximum:','','on',5,8),(547,'03eb9db3d96d7a09cc92b03de06c1926',0,0,62,144,31,'FF',5,0.00,NULL,NULL,0,0,NULL,3,NULL,'Memory:','','',2,9),(548,'98187d95837e565e0bfa1cbe62522fe0',0,0,62,144,0,'FF',9,0.00,NULL,NULL,0,0,NULL,4,NULL,'Current:','','',5,10),(549,'4a8a52fa2dcbc981bbd8c6d1ed29d73d',0,0,62,144,0,'FF',9,0.00,NULL,NULL,0,0,NULL,1,NULL,'Average:','','',5,11),(550,'e5d4a3a10e55dfbcdf71d43110da61a0',0,0,62,144,0,'FF',9,0.00,NULL,NULL,0,0,NULL,3,NULL,'Maximum:','','on',5,12),(551,'53fde1e2ce6c50ed388705a2ce23365e',0,0,63,147,1,'FF',4,0.00,'',0,0,0,'',3,'','','','',2,1),(552,'a4fa8f495d2645c4f66b24f318291224',0,0,63,147,1,'4C',7,0.00,'',0,0,0,'',1,'','Pending:','','',2,2),(553,'33c83f2012cc034e3c5c0ee8f54a5dd2',0,0,63,147,0,'FF',9,0.00,'',0,0,0,'',4,'','Current:','','',3,3),(554,'942a8c00e3c2b88e3ec28e65bf75ef3d',0,0,63,147,0,'FF',9,0.00,'',0,0,0,'',1,'','Average:','','',3,4),(555,'7f0dd2de3462dd231a354430a39ef8a4',0,0,63,147,0,'FF',9,0.00,'',0,0,0,'',3,'','Maximum:','','on',3,5),(556,'233ca83442922ef8aad80dc46bf3098f',0,0,63,148,21,'FF',4,0.00,'',0,0,0,'',3,'','','','',2,6),(557,'ecbf8d9fb26fcdcd4d9399757abf4554',0,0,63,148,21,'4C',7,0.00,'',0,0,0,'',1,'','Running:','','',2,7),(558,'e3b1b167b5b2a1759c588e0ab4226619',0,0,63,148,0,'FF',9,0.00,'',0,0,0,'',4,'','Current:','','',3,8),(559,'2450835c09e4f2c2fb2a41ab23daccf8',0,0,63,148,0,'FF',9,0.00,'',0,0,0,'',1,'','Average:','','',3,9),(560,'4b1bd472a61eaa401fa663ed8b2378fa',0,0,63,148,0,'FF',9,0.00,'',0,0,0,'',3,'','Maximum:','','on',3,10),(561,'a73de4431f19ca3361fca736dbfae37d',0,0,64,149,74,'FF',7,0.00,NULL,NULL,16,0,NULL,1,NULL,'CPU %','','',2,1),(562,'a305e004527233e65aa4b083a8dcd3d5',0,0,64,149,9,'FF',2,0.00,NULL,NULL,0,0,NULL,1,NULL,'','100','',2,2),(563,'bfa14c9a802cb854f07416eb325d8ca8',0,0,65,151,33,'FF',7,0.00,NULL,NULL,0,0,NULL,1,NULL,'Page Rate:','','',2,1),(564,'f5cbb903615f305c4a688795361511b0',0,0,65,150,49,'FF',8,0.00,NULL,NULL,0,0,NULL,1,NULL,'IO Rate:','','',2,2),(565,'806a529465002b38663e50c97457ed18',0,0,65,0,1,'FF',4,0.00,NULL,NULL,12,0,NULL,1,NULL,'','','',2,3),(566,'a30673f520d9a07a8fa935303136efd2',0,0,66,152,75,'FF',5,0.00,NULL,NULL,21,0,NULL,1,NULL,'Total','','',3,1),(567,'f8ba15b8f09aaa5a11e8a07868d8b28b',0,0,66,152,0,'FF',9,0.00,NULL,NULL,21,0,NULL,4,NULL,'Cur:','','',3,2),(568,'8fa31dd06281bff4a1eb1e9d9fc59820',0,0,66,152,0,'FF',9,0.00,NULL,NULL,21,0,NULL,1,NULL,'Avg:','','',3,3),(569,'9fed50a171309f3c7bbd860b441fabcc',0,0,66,152,0,'FF',9,0.00,NULL,NULL,21,0,NULL,2,NULL,'Min:','','',3,4),(570,'19c7bfbcee5f3849a4a486fb848a5078',0,0,66,152,0,'FF',9,0.00,NULL,NULL,21,0,NULL,3,NULL,'Max:','','on',3,5),(571,'56108fda24a2ea25bb1ae3c80dfb9c4f',0,0,66,153,5,'FF',7,0.00,NULL,NULL,21,0,NULL,1,NULL,'Load','','',2,6),(572,'d5bbfe77a4d2fdc07bcfb21752ae4127',0,0,66,153,0,'FF',9,0.00,NULL,NULL,21,0,NULL,4,NULL,'Cur:','','',3,7),(573,'adb99ec229ef1f7ffae88e933d0d7744',0,0,66,153,0,'FF',9,0.00,NULL,NULL,21,0,NULL,1,NULL,'Avg:','','',3,8),(574,'b866d0da948331347b00316cb855b7d5',0,0,66,153,0,'FF',9,0.00,NULL,NULL,21,0,NULL,2,NULL,'Min:','','',3,9),(575,'80ece2f09c01042657c2f9173cbb9b80',0,0,66,153,0,'FF',9,0.00,NULL,NULL,21,0,NULL,3,NULL,'Max:','','on',3,10),(576,'bfa97233bf86e46c54c6a4c8d428fdaa',0,0,66,153,0,'FF',1,0.00,NULL,NULL,0,0,NULL,1,NULL,'Normalized to opt24 or CPU Factor of 100','','on',2,12),(577,'62b32a3fc6a95dd22fcd7bd3e40847e8',0,0,67,155,5,'FF',7,0.00,NULL,NULL,0,0,NULL,1,NULL,'Total Job Slots:','','',2,1),(578,'bbd46ee7d8cd3349235e898f843e5361',0,0,67,155,0,'FF',9,0.00,NULL,NULL,0,0,NULL,4,NULL,'Cur:','','',3,2),(579,'ee028c3d35cba0789b34aebf1f3047ed',0,0,67,155,0,'FF',9,0.00,NULL,NULL,0,0,NULL,1,NULL,'Avg:','','',3,3),(580,'1fbc56ccacf77c49623fc0d98d7fb8ac',0,0,67,155,0,'FF',9,0.00,NULL,NULL,0,0,NULL,2,NULL,'Min:','','',3,4),(581,'9ac4eee27be744bd9bd7d4e00e61e0bd',0,0,67,155,0,'FF',9,0.00,NULL,NULL,0,0,NULL,3,NULL,'Max:','','on',3,5),(582,'f821030418937721b76b9552cc838fba',0,0,67,154,68,'FF',5,0.00,NULL,NULL,0,0,NULL,1,NULL,'Total Avail Slots:','','',2,6),(583,'2dc5f9edc79b6413188e43abb3f4ddd0',0,0,67,154,0,'FF',9,0.00,NULL,NULL,0,0,NULL,4,NULL,'Cur:','','',3,7),(584,'e881f68aceac58ef2bc7b9986ac00bdf',0,0,67,154,0,'FF',9,0.00,NULL,NULL,0,0,NULL,1,NULL,'Avg:','','',3,8),(585,'1a12e24de20f315fd038afd30053d3c5',0,0,67,154,0,'FF',9,0.00,NULL,NULL,0,0,NULL,2,NULL,'Min:','','',3,9),(586,'0395269d2c505adbcb53b0774de81e12',0,0,67,154,0,'FF',9,0.00,NULL,NULL,0,0,NULL,3,NULL,'Max:','','on',3,10),(587,'a3de8fd27030272eb41714348f64135b',0,0,68,156,68,'FF',5,0.00,NULL,NULL,0,0,NULL,1,NULL,'Done:','','',2,1),(588,'d734d3e6236ded706bc863b35c55ecf6',0,0,68,156,0,'FF',9,0.00,NULL,NULL,0,0,NULL,4,NULL,'Cur:','','',3,2),(589,'9c2cddc5af4c6248b1220d752163d6db',0,0,68,156,0,'FF',9,0.00,NULL,NULL,0,0,NULL,1,NULL,'Avg:','','',3,3),(590,'0f7117325c65b65e7e793583750a0541',0,0,68,156,0,'FF',9,0.00,NULL,NULL,0,0,NULL,2,NULL,'Min:','','',3,4),(591,'887525cc2b22d735ffeaff42dbf427cf',0,0,68,156,0,'FF',9,0.00,NULL,NULL,0,0,NULL,3,NULL,'Max:','','on',3,5),(592,'ca3cbb096ad12557413e14d6fc86ac32',0,0,68,157,5,'FF',7,0.00,NULL,NULL,0,0,NULL,1,NULL,'Exited Jobs:','','',2,6),(593,'ede99371470d60801ded04e50b1a8b48',0,0,68,157,0,'FF',9,0.00,NULL,NULL,0,0,NULL,4,NULL,'Cur:','','',3,7),(594,'871467ee3bb03e1d35d3008e5542d1e1',0,0,68,157,0,'FF',9,0.00,NULL,NULL,0,0,NULL,1,NULL,'Avg:','','',3,8),(595,'a0378745de488d80d67036d4c82b7bee',0,0,68,157,0,'FF',9,0.00,NULL,NULL,0,0,NULL,2,NULL,'Min:','','',3,9),(596,'e5703d024ebab03912a5417242cf5eb8',0,0,68,157,0,'FF',9,0.00,NULL,NULL,0,0,NULL,3,NULL,'Max:','','on',3,10),(597,'8baec2554b550b8c5e5deae10f3a1882',0,0,69,158,56,'FF',7,0.00,NULL,NULL,0,0,NULL,4,NULL,'Pending','','',3,1),(598,'853c38ed9760ec3adb728758efd4b645',0,0,70,159,74,'FF',7,0.00,NULL,NULL,0,0,NULL,4,NULL,'Running','','',3,1),(599,'fa01b77f6914d81510aa09e6c5f93f6e',0,0,71,160,10,'99',7,0.00,NULL,NULL,22,0,NULL,1,NULL,'Physical Memory','','',2,1),(600,'5ffca215818d62f79af8d047b250a0b0',0,0,71,160,0,'FF',9,0.00,NULL,NULL,22,0,NULL,4,NULL,'Cur:','','',2,2),(601,'b22b02670a5e1ecf26713d984fc93661',0,0,71,160,0,'FF',9,0.00,NULL,NULL,22,0,NULL,1,NULL,'Avg:','','',2,3),(602,'70be6fd370d98a1275be67af094aa3a7',0,0,71,160,0,'FF',9,0.00,NULL,NULL,22,0,NULL,2,NULL,'Min:','','',2,4),(603,'ed8f924e6140782ba3cbeeb81d76d3d4',0,0,71,160,0,'FF',9,0.00,NULL,NULL,22,0,NULL,3,NULL,'Max:','','on',2,7),(604,'c97da07721d5f1fbaa9980bc3a2c8795',0,0,71,161,34,'FF',6,0.00,NULL,NULL,22,0,NULL,1,NULL,'Swap Memory','','',2,8),(605,'3adf6a6e8aaeeaf4375fc67b80f9e429',0,0,71,161,0,'FF',9,0.00,NULL,NULL,22,0,NULL,4,NULL,'Cur:','','',2,9),(606,'9b7bf0f8bd1c5a3fb67e7d7d9e2b2b0e',0,0,71,161,0,'FF',9,0.00,NULL,NULL,22,0,NULL,1,NULL,'Avg:','','',2,10),(607,'428a7ca51621f7c2ae40a6a4263cd81a',0,0,71,161,0,'FF',9,0.00,NULL,NULL,22,0,NULL,2,NULL,'Min:','','',2,11),(608,'c60ca8fb04059c054da0bddd469627fc',0,0,71,161,0,'FF',9,0.00,NULL,NULL,22,0,NULL,3,NULL,'Max:','','on',2,13),(609,'3eeb46cfe31dfdb49b4190e2b28e3f97',0,0,71,162,9,'FF',6,0.00,NULL,NULL,22,0,NULL,1,NULL,'Total Memory:','','',2,14),(610,'52aa3eecbcc489b5c376fd1679ed9dae',0,0,71,162,0,'FF',9,0.00,NULL,NULL,22,0,NULL,4,NULL,'Cur:','','on',2,15),(611,'c408622e564a9878476c202e8d130293',0,0,72,164,56,'FF',7,0.00,NULL,NULL,14,0,NULL,1,NULL,'Average:','','',2,1),(612,'df40ec6e0716413c3b0105bef53779e9',0,0,72,164,0,'FF',9,0.00,NULL,NULL,14,0,NULL,4,NULL,'Cur:','','',2,2),(613,'832224e50422dd4ebbc455e55758784e',0,0,72,164,0,'FF',9,0.00,NULL,NULL,14,0,NULL,1,NULL,'Avg:','','',2,3),(614,'dc1953c2445a0928fbeebee1a55729f0',0,0,72,164,0,'FF',9,0.00,NULL,NULL,14,0,NULL,2,NULL,'Min:','','',2,4),(615,'c98fb98ff48374429a617074abcb6aab',0,0,72,164,0,'FF',9,0.00,NULL,NULL,14,0,NULL,3,NULL,'Max:','','on',2,5),(616,'0f60234b411c8725f971085c041224ea',0,0,72,163,66,'FF',5,0.00,NULL,NULL,14,0,NULL,1,NULL,'Maximum','','',2,6),(617,'e14ad4fb71986906e5a6258c1c2f05d4',0,0,72,163,0,'FF',9,0.00,NULL,NULL,14,0,NULL,4,NULL,'Cur:','','',2,7),(618,'a341633f8c166c420dde8a7dc8bb74de',0,0,72,163,0,'FF',9,0.00,NULL,NULL,14,0,NULL,1,NULL,'Avg:','','',2,8),(619,'5b1cb70506cac29fbdc380f549e3b003',0,0,72,163,0,'FF',9,0.00,NULL,NULL,14,0,NULL,2,NULL,'Min:','','',2,9),(620,'7c609cdba6304597d3f46eddd153f057',0,0,72,163,0,'FF',9,0.00,NULL,NULL,14,0,NULL,3,NULL,'Max:','','on',2,10),(621,'673e40d6d06e76008c1292052210185f',0,0,73,166,12,'FF',7,0.00,NULL,NULL,0,0,NULL,1,NULL,'OK:','','',2,1),(622,'1613d73388c291d2f54c9b51cfcc6ed7',0,0,73,167,1,'FF',8,0.00,NULL,NULL,0,0,NULL,1,NULL,'Closed:','','',2,2),(623,'ca9f0da67336a08daab9e76365ee5a65',0,0,73,168,21,'FF',8,0.00,NULL,NULL,0,0,NULL,1,NULL,'Out of Service:','','',2,3),(624,'c345404e01c7f1b2dd72509044b69057',0,0,73,165,9,'FF',4,0.00,NULL,NULL,0,0,NULL,1,NULL,'Total:','','',2,5),(625,'7f38b548d6a15a55a11e1bb8e003da27',0,0,74,171,68,'FF',5,0.00,NULL,NULL,0,0,NULL,1,NULL,'Pending:','','',2,1),(626,'cd45c0561952f85df010ce162f7618f0',0,0,74,171,0,'FF',9,0.00,NULL,NULL,0,0,NULL,4,NULL,'Cur:','','',3,2),(627,'e49b1456655e5fc8d6b39f0e17c23bf1',0,0,74,171,0,'FF',9,0.00,NULL,NULL,0,0,NULL,1,NULL,'Avg:','','',3,3),(628,'525ebaa574f365a99d140d96b15ebcbf',0,0,74,171,0,'FF',9,0.00,NULL,NULL,0,0,NULL,2,NULL,'Min:','','',3,4),(629,'0837746f03a2b9fd8aa4afaf59f241cc',0,0,74,171,0,'FF',9,0.00,NULL,NULL,0,0,NULL,3,NULL,'Max:','','on',3,5),(630,'d447aea6953cd5be82a4b996e438b31c',0,0,74,172,6,'FF',5,0.00,NULL,NULL,0,0,NULL,1,NULL,'Running','','',3,6),(631,'649b2bc61bd17434ef6d48ca728edcb8',0,0,74,172,0,'FF',9,0.00,NULL,NULL,0,0,NULL,4,NULL,'Cur:','','',3,7),(632,'771a57beae83b2aa0e9053abae654edb',0,0,74,172,0,'FF',9,0.00,NULL,NULL,0,0,NULL,1,NULL,'Avg:','','',3,8),(633,'7bdf1212611ca9313437af051c12dd98',0,0,74,172,0,'FF',9,0.00,NULL,NULL,0,0,NULL,2,NULL,'Min:','','',3,9),(634,'b69fee91b430af80290dfc586ce0e28b',0,0,74,172,0,'FF',9,0.00,NULL,NULL,0,0,NULL,3,NULL,'Max:','','on',3,10),(635,'7de517356e59a40b478de48d071f0e95',0,0,74,175,27,'FF',7,0.00,NULL,NULL,0,0,NULL,1,NULL,'Reserved:','','',2,11),(636,'23270ead874163e5a41160edf8adb490',0,0,74,175,0,'FF',9,0.00,NULL,NULL,0,0,NULL,4,NULL,'Cur:','','',3,12),(637,'050ad5b72bd1c4589ce8a8e2270a4aae',0,0,74,175,0,'FF',9,0.00,NULL,NULL,0,0,NULL,1,NULL,'Avg:','','',3,13),(638,'5201fc5b6d3c5c3e75ff628c7d9038a9',0,0,74,175,0,'FF',9,0.00,NULL,NULL,0,0,NULL,2,NULL,'Min:','','',3,14),(639,'72ff0d706e4c28c60a56ab2b0c076f47',0,0,74,175,0,'FF',9,0.00,NULL,NULL,0,0,NULL,3,NULL,'Max:','','on',3,15),(640,'3cdb9c30bcac1c17bc986b65de1cf049',0,0,74,173,9,'FF',5,0.00,NULL,NULL,0,0,NULL,1,NULL,'Sys Susp:','','',3,16),(641,'ca5795918613ba1c549d9088fa14ad63',0,0,74,173,0,'FF',9,0.00,NULL,NULL,0,0,NULL,4,NULL,'Cur:','','',3,17),(642,'f34b7ec71a92dcf856cf227a852cb128',0,0,74,173,0,'FF',9,0.00,NULL,NULL,0,0,NULL,1,NULL,'Avg:','','',3,18),(643,'e711018a5435cf085e9e0913b19bb3b5',0,0,74,173,0,'FF',9,0.00,NULL,NULL,0,0,NULL,2,NULL,'Min:','','',3,19),(644,'3387f1121604da00055372ccdd0627a4',0,0,74,173,0,'FF',9,0.00,NULL,NULL,0,0,NULL,3,NULL,'Max:','','on',3,20),(645,'73153d801c51895e52739b26e6d1d66d',0,0,74,174,30,'FF',4,0.00,NULL,NULL,0,0,NULL,1,NULL,'User Susp:','','',3,21),(646,'3d219decd5470ac1ac9438bca9e65f15',0,0,74,174,0,'FF',9,0.00,NULL,NULL,0,0,NULL,4,NULL,'Cur:','','',3,22),(647,'2d8e1e38541d492b8308fd63d378b55c',0,0,74,174,0,'FF',9,0.00,NULL,NULL,0,0,NULL,1,NULL,'Avg:','','',3,23),(648,'f934fbed050991236b11d384d6171371',0,0,74,174,0,'FF',9,0.00,NULL,NULL,0,0,NULL,2,NULL,'Min:','','',3,24),(649,'43c54c2bf3f7c506b59c0b5caba52ef7',0,0,74,174,0,'FF',9,0.00,NULL,NULL,0,0,NULL,3,NULL,'Max:','','on',3,25),(650,'36a6cc8872aef5c767b95131322b606a',0,0,75,177,56,'FF',7,0.00,NULL,NULL,14,0,NULL,1,NULL,'Average:','','',2,1),(651,'47c1585c1e5d0799be375454f8df042e',0,0,75,177,0,'FF',9,0.00,NULL,NULL,14,0,NULL,4,NULL,'Cur:','','',2,2),(652,'24286ba075bc698d782e563c6971e23a',0,0,75,177,0,'FF',9,0.00,NULL,NULL,14,0,NULL,1,NULL,'Avg:','','',2,3),(653,'cfb0ef1ed968877adcf175f747ab1478',0,0,75,177,0,'FF',9,0.00,NULL,NULL,14,0,NULL,2,NULL,'Min:','','',2,4),(654,'e6c3899c45ce7b899f034dbd36995d76',0,0,75,177,0,'FF',9,0.00,NULL,NULL,14,0,NULL,3,NULL,'Max:','','on',2,5),(655,'d4f6f0272acf5d10530051fe04acbc44',0,0,75,176,66,'FF',5,0.00,NULL,NULL,14,0,NULL,1,NULL,'Maximum','','',2,6),(656,'b5640811cc9ef8c0e41afba8e40228ae',0,0,75,176,0,'FF',9,0.00,NULL,NULL,14,0,NULL,4,NULL,'Cur:','','',2,7),(657,'d061fe2d56d4303a05aa77a0aa75fdf3',0,0,75,176,0,'FF',9,0.00,NULL,NULL,14,0,NULL,1,NULL,'Avg:','','',2,8),(658,'cf42784c3a24229c9b1dd8af5a17cb5c',0,0,75,176,0,'FF',9,0.00,NULL,NULL,14,0,NULL,2,NULL,'Min:','','',2,9),(659,'a0bb78ea57808c8336e943dd25905069',0,0,75,176,0,'FF',9,0.00,NULL,NULL,14,0,NULL,3,NULL,'Max:','','on',2,10),(660,'05eb6862202c6659229e3cbc28e4872a',0,0,76,178,29,'FF',7,0.00,NULL,NULL,0,0,NULL,1,NULL,'Efficiency','','',5,1),(661,'8becaa1371b469c067d57fa20683f48d',0,0,76,178,0,'FF',9,0.00,NULL,NULL,0,0,NULL,4,NULL,'Cur:','','',5,2),(662,'a89d19f1fdd997d2a87e30220a94bed8',0,0,76,178,0,'FF',9,0.00,NULL,NULL,0,0,NULL,1,NULL,'Avg:','','',5,3),(663,'1c669829f6d7561063f6892915500333',0,0,76,178,0,'FF',9,0.00,NULL,NULL,0,0,NULL,2,NULL,'Min','','',5,4),(664,'6c9cd7f9135d11c712275b6b2cd07119',0,0,76,178,0,'FF',9,0.00,NULL,NULL,0,0,NULL,3,NULL,'Max:','','on',5,5),(665,'944eee808c98a347e382abfed94788df',0,0,77,179,50,'FF',7,0.00,NULL,NULL,19,0,NULL,1,NULL,'Total CPU','','',2,1),(666,'7f8f297375e39627228ce4c402aae5a8',0,0,77,179,0,'FF',9,0.00,NULL,NULL,19,0,NULL,4,NULL,'Cur:','','',2,2),(667,'a874eef4cfd7ff00c9f1ecdb46a18de7',0,0,77,179,0,'FF',9,0.00,NULL,NULL,19,0,NULL,1,NULL,'Avg:','','',2,3),(668,'5d6c7bac556c996e8a1d0d102187bf85',0,0,77,179,0,'FF',9,0.00,NULL,NULL,19,0,NULL,2,NULL,'Min','','',2,4),(669,'e9ef150b744d714a090570a67171d69b',0,0,77,179,0,'FF',9,0.00,NULL,NULL,19,0,NULL,3,NULL,'Max:','','on',2,5),(670,'6aec0f4c4594eee7c01ddd7de5e53c2f',0,0,78,181,68,'FF',7,0.00,NULL,NULL,0,0,NULL,1,NULL,'Pending:','','',3,1),(671,'712b005be2f7a9850c32cc9f3bfb2f9f',0,0,78,181,0,'FF',9,0.00,NULL,NULL,0,0,NULL,4,NULL,'','','',3,2),(672,'18dda90bcff42cc74b1a443396935eb1',0,0,78,184,12,'FF',8,0.00,NULL,NULL,0,0,NULL,1,NULL,'Done:','','',3,3),(673,'82a91edd2a97b22500786e05317ce820',0,0,78,184,0,'FF',9,0.00,NULL,NULL,0,0,NULL,4,NULL,'','','',3,4),(674,'e35c5d63f313672a1b39827c46c00e13',0,0,78,186,9,'FF',8,0.00,NULL,NULL,0,0,NULL,1,NULL,'Exited:','','',3,5),(675,'4ff970561e1c6611b458a5ecf0693043',0,0,78,186,0,'FF',9,0.00,NULL,NULL,0,0,NULL,4,NULL,'','','on',3,6),(676,'d2e3739003253bc8a4caf8293f31f513',0,0,78,182,30,'FF',8,0.00,NULL,NULL,0,0,NULL,1,NULL,'Running:','','',3,7),(677,'4c646045b1b504c81f2baea9c1391e28',0,0,78,182,0,'FF',9,0.00,NULL,NULL,0,0,NULL,4,NULL,'','','',3,8),(678,'2dec6da9dd578a2cf2933add055c15a6',0,0,78,185,21,'FF',8,0.00,NULL,NULL,0,0,NULL,1,NULL,'Started:','','',3,9),(679,'38447db84f35847e2a5800d69bc9a9f4',0,0,78,185,0,'FF',9,0.00,NULL,NULL,0,0,NULL,4,NULL,'','','on',3,10),(680,'2df1dd4a41719524aa32c48268cd640c',0,0,79,190,13,'FF',7,0.00,NULL,NULL,0,0,NULL,1,NULL,'Reserved:','','',2,1),(681,'84901fd18e990dab0cb56d334ccb9c0e',0,0,79,190,0,'FF',9,0.00,NULL,NULL,0,0,NULL,4,NULL,'Cur:','','',3,2),(682,'17e8569037a7c593917c994910cf6e22',0,0,79,190,0,'FF',9,0.00,NULL,NULL,0,0,NULL,1,NULL,'Avg:','','',3,3),(683,'e77203e5e4a2129957429bdd67c159a3',0,0,79,190,0,'FF',9,0.00,NULL,NULL,0,0,NULL,2,NULL,'Min:','','',3,4),(684,'6e34b32fd2320ef6034fbe9989a93554',0,0,79,190,0,'FF',9,0.00,NULL,NULL,0,0,NULL,3,NULL,'Max:','','on',3,5),(685,'0bbbd705ca6b55b855313b6648f9c489',0,0,79,189,51,'FF',5,0.00,NULL,NULL,0,0,NULL,1,NULL,'Available:','','',2,6),(686,'aa89f386746e231df46ad77827e9d886',0,0,79,189,0,'FF',9,0.00,NULL,NULL,0,0,NULL,4,NULL,'Cur:','','',3,7),(687,'161b0414895c12fa7cdd7a99f9a161c0',0,0,79,189,0,'FF',9,0.00,NULL,NULL,0,0,NULL,1,NULL,'Avg:','','',3,8),(688,'17e7cbc1928bb1fde940dec604a60608',0,0,79,189,0,'FF',9,0.00,NULL,NULL,0,0,NULL,2,NULL,'Min:','','',3,9),(689,'3d25da8a7bddcf2826275443757e909d',0,0,79,189,0,'FF',9,0.00,NULL,NULL,0,0,NULL,3,NULL,'Max:','','on',3,10),(690,'995975b6a80cd6287b7802545e32c960',0,0,79,188,27,'FF',4,0.00,NULL,NULL,0,0,NULL,1,NULL,'Max Value:','','',2,11),(691,'cb59cbe3cbe8bbe0f3f9d817ab13b1a0',0,0,79,188,0,'FF',9,0.00,NULL,NULL,0,0,NULL,4,NULL,'Cur:','','on',3,12),(692,'139922c5e672ee6f8f768667cb6e2dac',0,0,80,191,29,'FF',7,0.00,NULL,NULL,0,0,NULL,1,NULL,'Efficiency','','',5,1),(693,'dd9c73db50879b95562d9fac9600bb30',0,0,80,191,0,'FF',9,0.00,NULL,NULL,0,0,NULL,4,NULL,'Cur:','','',5,2),(694,'d3647d7e7434c0c7031ab23b3be23832',0,0,80,191,0,'FF',9,0.00,NULL,NULL,0,0,NULL,1,NULL,'Avg:','','',5,3),(695,'9aef2280c4706a996a3b2c2f8cc4e3ec',0,0,80,191,0,'FF',9,0.00,NULL,NULL,0,0,NULL,2,NULL,'Min','','',5,4),(696,'6768a16316487ffb912ce552702f0f5d',0,0,80,191,0,'FF',9,0.00,NULL,NULL,0,0,NULL,3,NULL,'Max:','','on',5,5),(697,'ffbbdc85e2edb268bf3ef956796bf57c',0,0,81,192,50,'FF',7,0.00,NULL,NULL,0,0,NULL,1,NULL,'Total CPU','','',2,1),(698,'cb4ec24741d38c277abef915173caf68',0,0,81,192,0,'FF',9,0.00,NULL,NULL,0,0,NULL,4,NULL,'Cur:','','',2,2),(699,'582734473dfe4f0500cac55e52bfe30b',0,0,81,192,0,'FF',9,0.00,NULL,NULL,0,0,NULL,1,NULL,'Avg:','','',2,3),(700,'25ed3296b47b3c2479667a4730cf3c50',0,0,81,192,0,'FF',9,0.00,NULL,NULL,0,0,NULL,2,NULL,'Min','','',2,4),(701,'d37eddfb3cff746ea623f337898d5498',0,0,81,192,0,'FF',9,0.00,NULL,NULL,0,0,NULL,3,NULL,'Max:','','on',2,5),(702,'13dbe4cc5cfab929575c64372addefdf',0,0,82,194,56,'FF',7,0.00,NULL,NULL,14,0,NULL,1,NULL,'Average:','','',2,1),(703,'796ad7163b924546548a022aadd198c6',0,0,82,194,0,'FF',9,0.00,NULL,NULL,14,0,NULL,4,NULL,'Cur:','','',2,2),(704,'48b1ba20f55f82134555ab9d085b57ca',0,0,82,194,0,'FF',9,0.00,NULL,NULL,14,0,NULL,1,NULL,'Avg:','','',2,3),(705,'00cc3502262473d1d6c5d0a5f8b02eb6',0,0,82,194,0,'FF',9,0.00,NULL,NULL,14,0,NULL,2,NULL,'Min:','','',2,4),(706,'a8a7bdb4d57a06553d2055853c6574a3',0,0,82,194,0,'FF',9,0.00,NULL,NULL,14,0,NULL,3,NULL,'Max:','','on',2,5),(707,'2bfd60b22e4dee19ff6983a42b4f77d4',0,0,82,193,66,'FF',5,0.00,NULL,NULL,14,0,NULL,1,NULL,'Maximum','','',2,6),(708,'3a11f818844eeca9a57a53341d57f086',0,0,82,193,0,'FF',9,0.00,NULL,NULL,14,0,NULL,4,NULL,'Cur:','','',2,7),(709,'c046191347650ad0aaa0a9876643f719',0,0,82,193,0,'FF',9,0.00,NULL,NULL,14,0,NULL,1,NULL,'Avg:','','',2,8),(710,'0867eef7c38260ab33edffecd2880904',0,0,82,193,0,'FF',9,0.00,NULL,NULL,14,0,NULL,2,NULL,'Min:','','',2,9),(711,'af620fec5ed787395ed32a77ed3df5ef',0,0,82,193,0,'FF',9,0.00,NULL,NULL,14,0,NULL,3,NULL,'Max:','','on',2,10),(712,'92354825729e90ca52b87d675535b841',0,0,83,195,16,'FF',7,0.00,NULL,NULL,14,0,NULL,1,NULL,'Average:','','',2,1),(713,'9806c8c8b9c8abcb6081e22b1e409fba',0,0,83,195,0,'FF',9,0.00,NULL,NULL,14,0,NULL,4,NULL,'Cur:','','',2,2),(714,'c5ea70b61506a18dc3980eb181adbc83',0,0,83,195,0,'FF',9,0.00,NULL,NULL,14,0,NULL,1,NULL,'Avg:','','',2,3),(715,'3caf2814a2a9b1bf883e9081f2f4ce9e',0,0,83,195,0,'FF',9,0.00,NULL,NULL,14,0,NULL,2,NULL,'Min:','','',2,4),(716,'4f3ac35ca81cd867d9c27a93d8dc82aa',0,0,83,195,0,'FF',9,0.00,NULL,NULL,14,0,NULL,3,NULL,'Max:','','on',2,5),(717,'124e266666dc1b4801a98015d16732c5',0,0,83,196,66,'FF',5,0.00,NULL,NULL,14,0,NULL,1,NULL,'Maximum','','',2,6),(718,'6da812291593d01e870af8081f012273',0,0,83,196,0,'FF',9,0.00,NULL,NULL,14,0,NULL,4,NULL,'Cur:','','',2,7),(719,'6204b1e37ead56d94489a0cd4df6b47b',0,0,83,196,0,'FF',9,0.00,NULL,NULL,14,0,NULL,1,NULL,'Avg:','','',2,8),(720,'3b5d0c9003b987a2b273f0dbfbf96b1d',0,0,83,196,0,'FF',9,0.00,NULL,NULL,14,0,NULL,2,NULL,'Min:','','',2,9),(721,'a11ba325c4f86047cfd9b535d57dad78',0,0,83,196,0,'FF',9,0.00,NULL,NULL,14,0,NULL,3,NULL,'Max:','','on',2,10),(722,'95cd5b3b58ed6ea402983e304050857a',0,0,84,197,1,'FF',7,0.00,NULL,NULL,0,0,NULL,1,NULL,'Pending','','',3,1),(723,'21849f098eafce5fd1e39e1259b52e18',0,0,84,197,0,'FF',9,0.00,NULL,NULL,0,0,NULL,4,NULL,'Cur:','','',3,2),(724,'4f883ffe425e48096625f8dfee8f33cb',0,0,84,197,0,'FF',9,0.00,NULL,NULL,0,0,NULL,1,NULL,'Avg:','','',3,3),(725,'a8a46fb938f4948fd1297f11f232f9ee',0,0,84,197,0,'FF',9,0.00,NULL,NULL,0,0,NULL,2,NULL,'Min','','',3,4),(726,'dddcbc578b7dc826c29cefbf1f256d43',0,0,84,197,0,'FF',9,0.00,NULL,NULL,0,0,NULL,3,NULL,'Max:','','on',3,5),(727,'f150f069ef4a50ee060a716201185d6e',0,0,85,198,90,'FF',7,0.00,NULL,NULL,0,0,NULL,1,NULL,'Running','','',3,1),(728,'6de8eed3694b7291b8c6cf8ca864e52f',0,0,85,198,0,'FF',9,0.00,NULL,NULL,0,0,NULL,4,NULL,'Cur:','','',3,2),(729,'89d809d1562255bad9e45793d4e041ab',0,0,85,198,0,'FF',9,0.00,NULL,NULL,0,0,NULL,1,NULL,'Avg:','','',3,3),(730,'209bb985f472dee95d38fe779f260691',0,0,85,198,0,'FF',9,0.00,NULL,NULL,0,0,NULL,2,NULL,'Min','','',3,4),(731,'15ea58f4bb2b6af65b49821343beab9c',0,0,85,198,0,'FF',9,0.00,NULL,NULL,0,0,NULL,3,NULL,'Max:','','on',3,5),(732,'6dfb7e180b4d92110d7b4110e31693ff',0,0,86,199,1,'FF',7,0.00,NULL,NULL,0,0,NULL,1,NULL,'Pending','','',3,1),(733,'d64c0c8b52f5ddde6f03af3ee0ecbd23',0,0,86,199,0,'FF',9,0.00,NULL,NULL,0,0,NULL,4,NULL,'Cur:','','',3,2),(734,'a43fb2553d95e252f68208b96a0bc263',0,0,86,199,0,'FF',9,0.00,NULL,NULL,0,0,NULL,1,NULL,'Avg:','','',3,3),(735,'d96a5b7c2539bd39d2130e8e723a4635',0,0,86,199,0,'FF',9,0.00,NULL,NULL,0,0,NULL,2,NULL,'Min','','',3,4),(736,'ffae56dfef5b45ad872a1e1404dc83eb',0,0,86,199,0,'FF',9,0.00,NULL,NULL,0,0,NULL,3,NULL,'Max:','','on',3,5),(737,'a72dbfe6c861223430f3513fc1da10bd',0,0,87,200,90,'FF',7,0.00,NULL,NULL,0,0,NULL,1,NULL,'Running','','',3,1),(738,'a1a00da2971abb0ccd7e3de20746d0e1',0,0,87,200,0,'FF',9,0.00,NULL,NULL,0,0,NULL,4,NULL,'Cur:','','',3,2),(739,'436c6ea98d289df65e1d6337e2ff0504',0,0,87,200,0,'FF',9,0.00,NULL,NULL,0,0,NULL,1,NULL,'Avg:','','',3,3),(740,'834a2efbd482cada1475c4ffe5df7554',0,0,87,200,0,'FF',9,0.00,NULL,NULL,0,0,NULL,2,NULL,'Min','','',3,4),(741,'5cab0cbd0189e335c3af34db0494797a',0,0,87,200,0,'FF',9,0.00,NULL,NULL,0,0,NULL,3,NULL,'Max:','','on',3,5),(742,'4eb3ffba31e7f12f15fc499983f0e59c',0,0,88,201,29,'FF',7,0.00,NULL,NULL,0,0,NULL,1,NULL,'Efficiency','','',5,1),(743,'02a4362a1481d47f71b79e9e0953b769',0,0,88,201,0,'FF',9,0.00,NULL,NULL,0,0,NULL,4,NULL,'Cur:','','',5,2),(744,'fb7c4e0fc32b0c50d33109aa57a9d7b5',0,0,88,201,0,'FF',9,0.00,NULL,NULL,0,0,NULL,1,NULL,'Avg:','','',5,3),(745,'d41988cb9f52b499dcffbcbbe9f3886f',0,0,88,201,0,'FF',9,0.00,NULL,NULL,0,0,NULL,2,NULL,'Min','','',5,4),(746,'9b66a5c858412744ac284c8af5490aee',0,0,88,201,0,'FF',9,0.00,NULL,NULL,0,0,NULL,3,NULL,'Max:','','on',5,5),(747,'ee1242e1b4c219f0d6cbe8b34c608384',0,0,89,203,56,'FF',7,0.00,NULL,NULL,14,0,NULL,1,NULL,'Average:','','',2,1),(748,'ca53f4b50174473ae0ea22ed7145e7fd',0,0,89,203,0,'FF',9,0.00,NULL,NULL,14,0,NULL,4,NULL,'Cur:','','',2,2),(749,'b420f49c4f5780a6b5dcc8281d9c6a3b',0,0,89,203,0,'FF',9,0.00,NULL,NULL,14,0,NULL,1,NULL,'Avg:','','',2,3),(750,'2a5a1f4dfb2254ae0a927a207e197940',0,0,89,203,0,'FF',9,0.00,NULL,NULL,14,0,NULL,2,NULL,'Min:','','',2,4),(751,'63255348cefae580fc42ff6af05186d8',0,0,89,203,0,'FF',9,0.00,NULL,NULL,14,0,NULL,3,NULL,'Max:','','on',2,5),(752,'d21923095bdfee06adb7bc95d62a4e38',0,0,89,202,66,'FF',5,0.00,NULL,NULL,14,0,NULL,1,NULL,'Maximum','','',2,6),(753,'9f3e5b22ee56342e8b4ce9960f42ac36',0,0,89,202,0,'FF',9,0.00,NULL,NULL,14,0,NULL,4,NULL,'Cur:','','',2,7),(754,'b37edbe552cf0debcaf5f0634592c2ff',0,0,89,202,0,'FF',9,0.00,NULL,NULL,14,0,NULL,1,NULL,'Avg:','','',2,8),(755,'4e26a0de59c08a0d27cfd8cdaab46963',0,0,89,202,0,'FF',9,0.00,NULL,NULL,14,0,NULL,2,NULL,'Min:','','',2,9),(756,'bb88b859811916940ee035ba00720c94',0,0,89,202,0,'FF',9,0.00,NULL,NULL,14,0,NULL,3,NULL,'Max:','','on',2,10),(757,'ab61d20c131ce8bb6a51db96e44ae7f1',0,0,90,204,1,'FF',7,0.00,NULL,NULL,0,0,NULL,1,NULL,'Pending','','',3,1),(758,'4d03b31ed1b1401ced02eb7986832a6a',0,0,90,204,0,'FF',9,0.00,NULL,NULL,0,0,NULL,4,NULL,'Cur:','','',3,2),(759,'d3e65b456ed6b1532597c12d488f7fa4',0,0,90,204,0,'FF',9,0.00,NULL,NULL,0,0,NULL,1,NULL,'Avg:','','',3,3),(760,'0c1ad646ce5ba37aed6c127f0a1dd6eb',0,0,90,204,0,'FF',9,0.00,NULL,NULL,0,0,NULL,2,NULL,'Min','','',3,4),(761,'d42d994dd1ef8557d8ad76a2df462201',0,0,90,204,0,'FF',9,0.00,NULL,NULL,0,0,NULL,3,NULL,'Max:','','on',3,5),(762,'9d0fa47a72a4cad56be59664cd1852ff',0,0,91,205,90,'FF',7,0.00,NULL,NULL,0,0,NULL,1,NULL,'Running','','',3,1),(763,'af26fe4d8b41681af093cba6432abd00',0,0,91,205,0,'FF',9,0.00,NULL,NULL,0,0,NULL,4,NULL,'Cur:','','',3,2),(764,'9186ebb0a2bcbcccd91147f3ae2ceaf2',0,0,91,205,0,'FF',9,0.00,NULL,NULL,0,0,NULL,1,NULL,'Avg:','','',3,3),(765,'512a4e54cf257a9622ea7366054df0a0',0,0,91,205,0,'FF',9,0.00,NULL,NULL,0,0,NULL,2,NULL,'Min','','',3,4),(766,'d0840b14384a50ecafc252112bce4dc2',0,0,91,205,0,'FF',9,0.00,NULL,NULL,0,0,NULL,3,NULL,'Max:','','on',3,5),(767,'a4bd2a59df1ef5c6fec86b97c5e81a66',0,0,92,206,50,'FF',7,0.00,NULL,NULL,0,0,NULL,1,NULL,'Total CPU','','',2,1),(768,'54d4a2a54347b0d3e8dcc32648942555',0,0,92,206,0,'FF',9,0.00,NULL,NULL,0,0,NULL,4,NULL,'Cur:','','',2,2),(769,'825cbd2f73b2f4ea3536cc3e077e505d',0,0,92,206,0,'FF',9,0.00,NULL,NULL,0,0,NULL,1,NULL,'Avg:','','',2,3),(770,'01d96ed8ba12097fd035401df561f8ef',0,0,92,206,0,'FF',9,0.00,NULL,NULL,0,0,NULL,2,NULL,'Min','','',2,4),(771,'d05aa8b37c9a14c0661e810178366e1b',0,0,92,206,0,'FF',9,0.00,NULL,NULL,0,0,NULL,3,NULL,'Max:','','on',2,5),(772,'0095454308312e3d642f0facf36fbe59',0,0,93,207,16,'FF',7,0.00,NULL,NULL,14,0,NULL,1,NULL,'Average:','','',2,1),(773,'b4347e7faed20be3c6d3b515b8c30462',0,0,93,207,0,'FF',9,0.00,NULL,NULL,14,0,NULL,4,NULL,'Cur:','','',2,2),(774,'156c311d7e3431c37f3742579273779a',0,0,93,207,0,'FF',9,0.00,NULL,NULL,14,0,NULL,1,NULL,'Avg:','','',2,3),(775,'bad8afc2abff756a1e3ee94f0a4ab962',0,0,93,207,0,'FF',9,0.00,NULL,NULL,14,0,NULL,2,NULL,'Min:','','',2,4),(776,'b3fc33b0325bae929631b7afe2817456',0,0,93,207,0,'FF',9,0.00,NULL,NULL,14,0,NULL,3,NULL,'Max:','','on',2,5),(777,'ddb2037fcadfcf3ab62a9dcd06d13701',0,0,93,208,66,'FF',5,0.00,NULL,NULL,14,0,NULL,1,NULL,'Maximum','','',2,6),(778,'a6c948f7c88532c622033c924ef24615',0,0,93,208,0,'FF',9,0.00,NULL,NULL,14,0,NULL,4,NULL,'Cur:','','',2,7),(779,'48062c1bf94ceb93dfd7a2d58614163a',0,0,93,208,0,'FF',9,0.00,NULL,NULL,14,0,NULL,1,NULL,'Avg:','','',2,8),(780,'7857a251eeea4027a25d7c4520b28069',0,0,93,208,0,'FF',9,0.00,NULL,NULL,14,0,NULL,2,NULL,'Min:','','',2,9),(781,'ad406772be58d86e0b1f620eb7493db5',0,0,93,208,0,'FF',9,0.00,NULL,NULL,14,0,NULL,3,NULL,'Max:','','on',2,10),(782,'f816cf329e8f82251f4fb163c1599b12',0,0,94,209,29,'FF',7,0.00,NULL,NULL,0,0,NULL,1,NULL,'Efficiency','','',5,1),(783,'c1b4fde58b828654cec8455aa0c829c8',0,0,94,209,0,'FF',9,0.00,NULL,NULL,0,0,NULL,4,NULL,'Cur:','','',5,2),(784,'564c4409a17fe716611800c5145b4df5',0,0,94,209,0,'FF',9,0.00,NULL,NULL,0,0,NULL,1,NULL,'Avg:','','',5,3),(785,'f4ccedd8b8ef4354af932311932e33e2',0,0,94,209,0,'FF',9,0.00,NULL,NULL,0,0,NULL,2,NULL,'Min','','',5,4),(786,'47e8c96623eb341bb3c2b913bb20c12b',0,0,94,209,0,'FF',9,0.00,NULL,NULL,0,0,NULL,3,NULL,'Max:','','on',5,5),(787,'12649383c0ae4a34796f034f9f837afe',0,0,95,211,56,'FF',7,0.00,NULL,NULL,14,0,NULL,1,NULL,'Average:','','',2,1),(788,'6dc41502d66ec93164c606a894b21401',0,0,95,211,0,'FF',9,0.00,NULL,NULL,14,0,NULL,4,NULL,'Cur:','','',2,2),(789,'df5095f6072b038783359249c470c534',0,0,95,211,0,'FF',9,0.00,NULL,NULL,14,0,NULL,1,NULL,'Avg:','','',2,3),(790,'db730388808595e73d1f77864b116a43',0,0,95,211,0,'FF',9,0.00,NULL,NULL,14,0,NULL,2,NULL,'Min:','','',2,4),(791,'86759a78d689ae051477017d7ed55b71',0,0,95,211,0,'FF',9,0.00,NULL,NULL,14,0,NULL,3,NULL,'Max:','','on',2,5),(792,'e510eef14b90af79adf0b3e8b3cd3d5e',0,0,95,210,66,'FF',5,0.00,NULL,NULL,14,0,NULL,1,NULL,'Maximum','','',2,6),(793,'dc7e3d94f132c98402b61cb1bce6fe0c',0,0,95,210,0,'FF',9,0.00,NULL,NULL,14,0,NULL,4,NULL,'Cur:','','',2,7),(794,'c54f7371e339c0fccf671f9c50f11063',0,0,95,210,0,'FF',9,0.00,NULL,NULL,14,0,NULL,1,NULL,'Avg:','','',2,8),(795,'bbaa0aa7c9190a52515c2bc7a988c1da',0,0,95,210,0,'FF',9,0.00,NULL,NULL,14,0,NULL,2,NULL,'Min:','','',2,9),(796,'e110eb26e2afb968b6517c0da2a2a951',0,0,95,210,0,'FF',9,0.00,NULL,NULL,14,0,NULL,3,NULL,'Max:','','on',2,10),(797,'15cc753c6776573f1c7eea62ea600ce8',0,0,96,212,1,'FF',7,0.00,NULL,NULL,0,0,NULL,1,NULL,'Pending','','',3,1),(798,'cbd8b0c0f99ec525fad63cd4d55f7ded',0,0,96,212,0,'FF',9,0.00,NULL,NULL,0,0,NULL,4,NULL,'Cur:','','',3,2),(799,'002b29103f14d69968280a6e52fa08ed',0,0,96,212,0,'FF',9,0.00,NULL,NULL,0,0,NULL,1,NULL,'Avg:','','',3,3),(800,'754f1cd76a64439a9cb31b5990d4f0af',0,0,96,212,0,'FF',9,0.00,NULL,NULL,0,0,NULL,2,NULL,'Min','','',3,4),(801,'30454e9a67d1e369e76834031f80c1d5',0,0,96,212,0,'FF',9,0.00,NULL,NULL,0,0,NULL,3,NULL,'Max:','','on',3,5),(802,'306a55befa0c6707e70ed5c89b4d318c',0,0,97,213,90,'FF',7,0.00,NULL,NULL,0,0,NULL,1,NULL,'Running','','',3,1),(803,'53b57bd5684bd6908b22f22748475a59',0,0,97,213,0,'FF',9,0.00,NULL,NULL,0,0,NULL,4,NULL,'Cur:','','',3,2),(804,'e695cbccc32c85b0ff50dd521520002a',0,0,97,213,0,'FF',9,0.00,NULL,NULL,0,0,NULL,1,NULL,'Avg:','','',3,3),(805,'7a9e7eeb81270ed485be4994f562f56a',0,0,97,213,0,'FF',9,0.00,NULL,NULL,0,0,NULL,2,NULL,'Min','','',3,4),(806,'4aa2cff233254e1b7d54a0b01794eb71',0,0,97,213,0,'FF',9,0.00,NULL,NULL,0,0,NULL,3,NULL,'Max:','','on',3,5),(807,'d877ede1dcd7225dcd7eaff0c92be7ab',0,0,98,214,50,'FF',7,0.00,NULL,NULL,0,0,NULL,1,NULL,'Total CPU','','',2,1),(808,'b4f14e905214411ff94301c4fb6508f1',0,0,98,214,0,'FF',9,0.00,NULL,NULL,0,0,NULL,4,NULL,'Cur:','','',2,2),(809,'b971400a5aa7561cb0cf8dd1dbe6f8a0',0,0,98,214,0,'FF',9,0.00,NULL,NULL,0,0,NULL,1,NULL,'Avg:','','',2,3),(810,'ae27873dbd3468eb4c5ca2e20dd22ab5',0,0,98,214,0,'FF',9,0.00,NULL,NULL,0,0,NULL,2,NULL,'Min','','',2,4),(811,'3567656e23edc68bc380526df209a55a',0,0,98,214,0,'FF',9,0.00,NULL,NULL,0,0,NULL,3,NULL,'Max:','','on',2,5),(812,'d484b5e3df0337d2c5a7df9631ef2360',0,0,99,215,16,'FF',7,0.00,NULL,NULL,14,0,NULL,1,NULL,'Average:','','',2,1),(813,'c809aa373843bf79d9a1e647551354b7',0,0,99,215,0,'FF',9,0.00,NULL,NULL,14,0,NULL,4,NULL,'Cur:','','',2,2),(814,'f144c3a3eda05467272e4fe3673822c6',0,0,99,215,0,'FF',9,0.00,NULL,NULL,14,0,NULL,1,NULL,'Avg:','','',2,3),(815,'533a7417007cddedd5b45ddbacf98071',0,0,99,215,0,'FF',9,0.00,NULL,NULL,14,0,NULL,2,NULL,'Min:','','',2,4),(816,'6a878f2dcac9afcb130d0662ac96b593',0,0,99,215,0,'FF',9,0.00,NULL,NULL,14,0,NULL,3,NULL,'Max:','','on',2,5),(817,'97383f3a110f8dbc1e052b0f136c9155',0,0,99,216,66,'FF',5,0.00,NULL,NULL,14,0,NULL,1,NULL,'Maximum','','',2,6),(818,'ded61b76989f725593e3db9b48c954b9',0,0,99,216,0,'FF',9,0.00,NULL,NULL,14,0,NULL,4,NULL,'Cur:','','',2,7),(819,'e9c1bd7a2b81b09eb64468487449d173',0,0,99,216,0,'FF',9,0.00,NULL,NULL,14,0,NULL,1,NULL,'Avg:','','',2,8),(820,'0f09111b7515a6092d89f069d6635a78',0,0,99,216,0,'FF',9,0.00,NULL,NULL,14,0,NULL,2,NULL,'Min:','','',2,9),(821,'cfa29fc8b5955cc91850709eba525bb5',0,0,99,216,0,'FF',9,0.00,NULL,NULL,14,0,NULL,3,NULL,'Max:','','on',2,10),(822,'1be8d20200e8009c8dd7d984ba388098',0,0,100,217,90,'FF',7,0.00,NULL,NULL,0,0,NULL,1,NULL,'Running','','',3,1),(823,'544a34003417e2d88c4258ebd8095846',0,0,100,217,0,'FF',9,0.00,NULL,NULL,0,0,NULL,4,NULL,'Cur:','','',3,2),(824,'e0449793ea26534050a7eafcdad88922',0,0,100,217,0,'FF',9,0.00,NULL,NULL,0,0,NULL,1,NULL,'Avg:','','',3,3),(825,'c8e77dbaca633c7622bb69bcd3b827aa',0,0,100,217,0,'FF',9,0.00,NULL,NULL,0,0,NULL,2,NULL,'Min','','',3,4),(826,'8df78b26e3ea02a45584b15e8c3390c0',0,0,100,217,0,'FF',9,0.00,NULL,NULL,0,0,NULL,3,NULL,'Max:','','on',3,5),(827,'1162c156a67053a7a716d8b01069eefa',0,0,101,218,29,'FF',7,0.00,NULL,NULL,0,0,NULL,1,NULL,'Efficiency','','',5,1),(828,'37d04060508761aaf63d2c6be6c23e6e',0,0,101,218,0,'FF',9,0.00,NULL,NULL,0,0,NULL,4,NULL,'Cur:','','',5,2),(829,'044453c2dfcf10119bdce9bbb2664b91',0,0,101,218,0,'FF',9,0.00,NULL,NULL,0,0,NULL,1,NULL,'Avg:','','',5,3),(830,'1ac9dcd016506254404259655dc421e5',0,0,101,218,0,'FF',9,0.00,NULL,NULL,0,0,NULL,2,NULL,'Min','','',5,4),(831,'3d1f7afc9e58c591f2cb14e9ecfbe077',0,0,101,218,0,'FF',9,0.00,NULL,NULL,0,0,NULL,3,NULL,'Max:','','on',5,5),(832,'cec3ef1c8b557c131884de2cd36d0184',0,0,102,220,56,'FF',7,0.00,NULL,NULL,14,0,NULL,1,NULL,'Average:','','',2,1),(833,'aee39326176d42d06bea2ab1408bb1ca',0,0,102,220,0,'FF',9,0.00,NULL,NULL,14,0,NULL,4,NULL,'Cur:','','',2,2),(834,'36f7486fed93749a5ec565b67507bcb6',0,0,102,220,0,'FF',9,0.00,NULL,NULL,14,0,NULL,1,NULL,'Avg:','','',2,3),(835,'038e84de9c8c89e63236b0c3355bd1f2',0,0,102,220,0,'FF',9,0.00,NULL,NULL,14,0,NULL,2,NULL,'Min:','','',2,4),(836,'c144b86332420c06f05368479daa3eda',0,0,102,220,0,'FF',9,0.00,NULL,NULL,14,0,NULL,3,NULL,'Max:','','on',2,5),(837,'4b9531d55c4b2e4ee8aa2a5e548a67ca',0,0,102,219,66,'FF',5,0.00,NULL,NULL,14,0,NULL,1,NULL,'Maximum','','',2,6),(838,'53ec3fafb12783555fe7b18ce174c952',0,0,102,219,0,'FF',9,0.00,NULL,NULL,14,0,NULL,4,NULL,'Cur:','','',2,7),(839,'79cadcc8ded62c0504758ff32960faf4',0,0,102,219,0,'FF',9,0.00,NULL,NULL,14,0,NULL,1,NULL,'Avg:','','',2,8),(840,'d9a8c487e46723216d7cbeae1b8f46dc',0,0,102,219,0,'FF',9,0.00,NULL,NULL,14,0,NULL,2,NULL,'Min:','','',2,9),(841,'78ad813e22a4c8f9837b9c06cd091434',0,0,102,219,0,'FF',9,0.00,NULL,NULL,14,0,NULL,3,NULL,'Max:','','on',2,10),(842,'1d77187f2bda033cd2d0d30b0c912c26',0,0,103,221,1,'FF',7,0.00,NULL,NULL,0,0,NULL,1,NULL,'Pending','','',3,1),(843,'087e081744fb701aab87d469ba31cd78',0,0,103,221,0,'FF',9,0.00,NULL,NULL,0,0,NULL,4,NULL,'Cur:','','',3,2),(844,'5bfc5ba30fafe940fc32e41fd22151ae',0,0,103,221,0,'FF',9,0.00,NULL,NULL,0,0,NULL,1,NULL,'Avg:','','',3,3),(845,'bccb8cea461cd57d1314eff36d8a0719',0,0,103,221,0,'FF',9,0.00,NULL,NULL,0,0,NULL,2,NULL,'Min','','',3,4),(846,'abff554cb2a9e79843bfa74ffa06644b',0,0,103,221,0,'FF',9,0.00,NULL,NULL,0,0,NULL,3,NULL,'Max:','','on',3,5),(847,'3cee0012b8889ebd0e584e79bb0c6afa',0,0,104,222,50,'FF',7,0.00,NULL,NULL,19,0,NULL,1,NULL,'Total CPU','','',2,1),(848,'3f22e139ee62708cc1a175df2a48301c',0,0,104,222,0,'FF',9,0.00,NULL,NULL,19,0,NULL,4,NULL,'Cur:','','',2,2),(849,'9c3978f2338809c4483f4ccefbbe6254',0,0,104,222,0,'FF',9,0.00,NULL,NULL,19,0,NULL,1,NULL,'Avg:','','',2,3),(850,'b33152795d94fcc990246e73e21b9ddf',0,0,104,222,0,'FF',9,0.00,NULL,NULL,19,0,NULL,2,NULL,'Min','','',2,4),(851,'25d43d3c1c23460fd202212d16218ac3',0,0,104,222,0,'FF',9,0.00,NULL,NULL,19,0,NULL,3,NULL,'Max:','','on',2,5),(852,'3ac39020722134977afeb7ba8a57f15d',0,0,105,223,16,'FF',7,0.00,NULL,NULL,14,0,NULL,1,NULL,'Average:','','',2,1),(853,'4e532a696a57406223f98381d4369d08',0,0,105,223,0,'FF',9,0.00,NULL,NULL,14,0,NULL,4,NULL,'Cur:','','',2,2),(854,'7c1312da2f29342a635f5ccfdae5e80e',0,0,105,223,0,'FF',9,0.00,NULL,NULL,14,0,NULL,1,NULL,'Avg:','','',2,3),(855,'cbb960ee591bdf7cd907043446111249',0,0,105,223,0,'FF',9,0.00,NULL,NULL,14,0,NULL,2,NULL,'Min:','','',2,4),(856,'5caabaf846af9d1428f0487ed69d9b67',0,0,105,223,0,'FF',9,0.00,NULL,NULL,14,0,NULL,3,NULL,'Max:','','on',2,5),(857,'6d375135b8243fdf1b3d8e12b9e2d015',0,0,105,224,66,'FF',5,0.00,NULL,NULL,14,0,NULL,1,NULL,'Maximum','','',2,6),(858,'d17fcccb165a9ee065f9423fe3dd66df',0,0,105,224,0,'FF',9,0.00,NULL,NULL,14,0,NULL,4,NULL,'Cur:','','',2,7),(859,'9868e8d0222e6939b0ee5bf917381cd1',0,0,105,224,0,'FF',9,0.00,NULL,NULL,14,0,NULL,1,NULL,'Avg:','','',2,8),(860,'9d0167258f7066cc01800704b8c359cc',0,0,105,224,0,'FF',9,0.00,NULL,NULL,14,0,NULL,2,NULL,'Min:','','',2,9),(861,'3c43e31d80352123e94b5794680731d4',0,0,105,224,0,'FF',9,0.00,NULL,NULL,14,0,NULL,3,NULL,'Max:','','on',2,10),(862,'414f10afb97423e3eea392483092ccf4',0,0,106,228,1,'FF',5,0.00,NULL,NULL,0,0,NULL,4,NULL,'Pending:','','',3,1),(863,'5b7ca6df0081b2dc8783720b9fd87114',0,0,106,228,0,'FF',9,0.00,NULL,NULL,0,0,NULL,4,NULL,'Current:','','',3,2),(864,'2a104f16f2b22a1ace66b7f1cbce03d7',0,0,106,228,0,'FF',9,0.00,NULL,NULL,0,0,NULL,1,NULL,'Average:','','',3,3),(865,'8f75d58654e252a36cff9edc3b9a18e2',0,0,106,228,0,'FF',9,0.00,NULL,NULL,0,0,NULL,3,NULL,'Maximum:','','on',3,4),(866,'3d2a7a008a7129b10f5fa47f995989f1',0,0,106,229,12,'FF',5,0.00,NULL,NULL,0,0,NULL,4,NULL,'Running:','','',3,5),(867,'fc3fa5fee96b860bcf64a6f9d4d0cb46',0,0,106,229,0,'FF',9,0.00,NULL,NULL,0,0,NULL,4,NULL,'Current:','','',3,6),(868,'77b4a45e040e9e87b9177bd9d7749ba7',0,0,106,229,0,'FF',9,0.00,NULL,NULL,0,0,NULL,1,NULL,'Average:','','',3,7),(869,'6dcda65adbc5cc205546db28fdabb088',0,0,106,229,0,'FF',9,0.00,NULL,NULL,0,0,NULL,3,NULL,'Maximum:','','on',3,8),(870,'e8bc9023bb11da28be087dbd9f61b004',0,0,106,225,8,'FF',5,0.00,NULL,NULL,0,0,NULL,4,NULL,'Guar Config: ','','',3,9),(871,'bfdb093a38e65855d96bdad2f54d054e',0,0,106,225,0,'FF',9,0.00,NULL,NULL,0,0,NULL,4,NULL,'Current:','','',3,10),(872,'2e291e4718a9e19e8e1c80598d5e7b2d',0,0,106,225,0,'FF',9,0.00,NULL,NULL,0,0,NULL,1,NULL,'Average:','','',3,11),(873,'124dec1ce5cff14bef446d5299193a24',0,0,106,225,0,'FF',9,0.00,NULL,NULL,0,0,NULL,3,NULL,'Maximum:','','on',3,12),(874,'cb92acf7e013b8d9dfcea14261670d39',0,0,106,226,49,'FF',5,0.00,NULL,NULL,0,0,NULL,4,NULL,'Guar Used:','','',3,13),(875,'336be0957fa7a9d18928ebceb78e9141',0,0,106,226,0,'FF',9,0.00,NULL,NULL,0,0,NULL,4,NULL,'Current:','','',3,14),(876,'04cdb812db6654738353d2887b040dfd',0,0,106,226,0,'FF',9,0.00,NULL,NULL,0,0,NULL,1,NULL,'Average:','','',3,15),(877,'3bfff7f170acda1fd3915231b3858db0',0,0,106,226,0,'FF',9,0.00,NULL,NULL,0,0,NULL,3,NULL,'Maximum:','','on',3,16),(878,'7ecc9dfc98b09f06e479059b4aa2affe',0,0,106,227,21,'FF',5,0.00,NULL,NULL,0,0,NULL,4,NULL,'Total Used:','','',3,17),(879,'32c95e14c3f364b72135c306f529630e',0,0,106,227,0,'FF',9,0.00,NULL,NULL,0,0,NULL,4,NULL,'Current:','','',3,18),(880,'740e8b2d1ab5338c3febe5985c490f44',0,0,106,227,0,'FF',9,0.00,NULL,NULL,0,0,NULL,1,NULL,'Average:','','',3,19),(881,'2bece0fd85fd3c301f2b5bd6d60bc8c3',0,0,106,227,0,'FF',9,0.00,NULL,NULL,0,0,NULL,3,NULL,'Maximum:','','on',3,20),(882,'91b82e07789e11fa404e702da94c4891',0,0,106,0,0,'FF',1,0.00,NULL,NULL,0,0,NULL,1,NULL,'-----------------------------------------------------','','on',2,21),(883,'0c268e11abecfc055a8f70665a2f5270',0,0,106,0,1,'FF',1,0.00,NULL,NULL,0,0,NULL,4,NULL,'Type: |query_gridPoolType|','','on',3,22),(884,'747edb6019d8dc6414be9b308621e9a5',0,0,107,234,1,'FF',5,0.00,NULL,NULL,0,0,NULL,4,NULL,'Pending:','','',3,1),(885,'9ede6ed617c757c24e6c420bf6de95f9',0,0,107,234,0,'FF',9,0.00,NULL,NULL,0,0,NULL,4,NULL,'Current:','','',3,2),(886,'639b419f2698ffe9567535d1056b6908',0,0,107,234,0,'FF',9,0.00,NULL,NULL,0,0,NULL,1,NULL,'Average:','','',3,3),(887,'b65375bf6f6a8229e208bb6e9688f2ec',0,0,107,234,0,'FF',9,0.00,NULL,NULL,0,0,NULL,3,NULL,'Maximum:','','on',3,4),(888,'4245cf875b7952342c530e3bcbb7e63c',0,0,107,235,12,'FF',5,0.00,NULL,NULL,0,0,NULL,4,NULL,'Running:','','',3,5),(889,'b1dc7a309e53ec30c9c76f28d6324dc9',0,0,107,235,0,'FF',9,0.00,NULL,NULL,0,0,NULL,4,NULL,'Current:','','',3,6),(890,'2ba351d6ac3c27971c016cde290c9447',0,0,107,235,0,'FF',9,0.00,NULL,NULL,0,0,NULL,1,NULL,'Average:','','',3,7),(891,'6a5cd50a3f50ce4da137493da78d87cd',0,0,107,235,0,'FF',9,0.00,NULL,NULL,0,0,NULL,3,NULL,'Maximum:','','on',3,8),(892,'c1008cee07acf4ab07f537b9dbed2633',0,0,107,230,8,'FF',5,0.00,NULL,NULL,0,0,NULL,4,NULL,'Guar Config: ','','',3,9),(893,'ab9af30c9cbd91b4b0c5a950922bbae7',0,0,107,230,0,'FF',9,0.00,NULL,NULL,0,0,NULL,4,NULL,'Current:','','',3,10),(894,'506cd8dce8ff73859ead47732b6a0b16',0,0,107,230,0,'FF',9,0.00,NULL,NULL,0,0,NULL,1,NULL,'Average:','','',3,11),(895,'65febc000cf7a83b0c9ca8b0d249fa34',0,0,107,230,0,'FF',9,0.00,NULL,NULL,0,0,NULL,3,NULL,'Maximum:','','on',3,12),(896,'e39d2b30dff95d07db0a598de8eeaa07',0,0,107,231,49,'FF',5,0.00,NULL,NULL,0,0,NULL,4,NULL,'Guar Used:','','',3,13),(897,'1d4b5f12430c3ba1002a68692e13f459',0,0,107,231,0,'FF',9,0.00,NULL,NULL,0,0,NULL,4,NULL,'Current:','','',3,14),(898,'8fdaab38d2508246f9d0f51ec3132c4f',0,0,107,231,0,'FF',9,0.00,NULL,NULL,0,0,NULL,1,NULL,'Average:','','',3,15),(899,'57544d799b0f63779d475c02417afd44',0,0,107,231,0,'FF',9,0.00,NULL,NULL,0,0,NULL,4,NULL,'Maximum:','','on',3,16),(900,'e5845be43f5a51c9b056501e10919de6',0,0,107,232,21,'FF',5,0.00,NULL,NULL,0,0,NULL,4,NULL,'Total Res: ','','',3,17),(901,'93e56e567295dde9e24799f7309f10c0',0,0,107,232,0,'FF',9,0.00,NULL,NULL,0,0,NULL,4,NULL,'Current:','','',3,18),(902,'e698704123d2335289167386057fb8e6',0,0,107,232,0,'FF',9,0.00,NULL,NULL,0,0,NULL,1,NULL,'Average:','','',3,19),(903,'63ea716fd6977f57ee5fcf5b243fa9d0',0,0,107,232,0,'FF',9,0.00,NULL,NULL,0,0,NULL,3,NULL,'Maximum:','','on',3,20),(904,'5146ccfc3b846ec5644b519027938208',0,0,107,233,11,'FF',5,0.00,NULL,NULL,0,0,NULL,4,NULL,'Free Res: ','','',3,21),(905,'de57d9f561f320dda13030d734481275',0,0,107,233,0,'FF',9,0.00,NULL,NULL,0,0,NULL,4,NULL,'Current:','','',3,22),(906,'b5f79a8bc10535a7de2522186d435ff5',0,0,107,233,0,'FF',9,0.00,NULL,NULL,0,0,NULL,1,NULL,'Average:','','',3,23),(907,'cfa8aaefb26293f3e77204b937eddaa1',0,0,107,233,0,'FF',9,0.00,NULL,NULL,0,0,NULL,3,NULL,'Maximum:','','on',3,24),(908,'094deaf692e550999bdd3c6f30239868',0,0,107,0,0,'FF',1,0.00,NULL,NULL,0,0,NULL,1,NULL,'-----------------------------------------------------','','on',2,25),(909,'d08d7b5135a6bdc626d3cb5bd1e0b004',0,0,107,0,1,'FF',1,0.00,NULL,NULL,0,0,NULL,4,NULL,'Type: |query_gridPoolType|','','on',3,26),(910,'c949c89be0a18f35c687e4c6364df113',0,0,108,0,0,'FF',1,0.00,NULL,NULL,0,0,NULL,1,NULL,'Benchmark: |query_benchmarkName|','','on',2,1),(911,'a656a43e5979f2030cdfc2c1097c981d',0,0,108,0,0,'FF',1,0.00,NULL,NULL,0,0,NULL,1,NULL,'','','on',2,2),(912,'8b7f626373f65aa748e108747a5d38da',0,0,108,236,33,'FF',5,0.00,NULL,NULL,0,0,NULL,4,NULL,'submitTime','','',2,3),(913,'a5f7404817d6d80e1567bdadfa56f594',0,0,108,236,0,'FF',9,0.00,NULL,NULL,0,0,NULL,1,NULL,'Avg:','','',2,4),(914,'1fa73492bc41a9bf853ab4defe245844',0,0,108,236,0,'FF',9,0.00,NULL,NULL,0,0,NULL,3,NULL,'Max:','','',2,5),(915,'21bcbb8370c507f269f3cc6fa0168a2f',0,0,108,236,0,'FF',9,0.00,NULL,NULL,0,0,NULL,4,NULL,'Last:','','on',2,6),(916,'3f0def72f33746d3a86aa913541733f4',0,0,108,238,8,'FF',5,0.00,NULL,NULL,0,0,NULL,4,NULL,'seenTime','','',2,7),(917,'48912a3c5e4293d578c47ae9813d7ff4',0,0,108,238,0,'FF',9,0.00,NULL,NULL,0,0,NULL,1,NULL,'Avg:','','',2,8),(918,'83fef3d08a54a2167bc9f6d30fa60b6a',0,0,108,238,0,'FF',9,0.00,NULL,NULL,0,0,NULL,3,NULL,'Max:','','',2,9),(919,'020ce04c7645780328baa69a6d15f95e',0,0,108,238,0,'FF',9,0.00,NULL,NULL,0,0,NULL,4,NULL,'Last:','','on',2,10),(920,'50d9f5a7bfd15a53925aa8efe3ecfe0d',0,0,108,241,66,'FF',5,0.00,NULL,NULL,0,0,NULL,4,NULL,'startTime','','',2,11),(921,'b8da0e03b2679d3c120cc48dbb40baff',0,0,108,241,0,'FF',9,0.00,NULL,NULL,0,0,NULL,1,NULL,'Avg:','','',2,12),(922,'41eb591d1897408255e8c627ee1b2eac',0,0,108,241,0,'FF',9,0.00,NULL,NULL,0,0,NULL,3,NULL,'Max:','','',2,13),(923,'b59e232a218cbeec52324e3a52e34074',0,0,108,241,0,'FF',9,0.00,NULL,NULL,0,0,NULL,4,NULL,'Last:','','on',2,14),(924,'69340bcb7a19f72b0de85427acfdcaba',0,0,108,239,98,'FF',5,0.00,NULL,NULL,0,0,NULL,4,NULL,'runTime','','',2,15),(925,'1584485269217e7d8b63e05710adfab3',0,0,108,239,0,'FF',9,0.00,NULL,NULL,0,0,NULL,1,NULL,'Avg:','','',2,16),(926,'6aabeded96e2111b21fed61e7d7fd587',0,0,108,239,0,'FF',9,0.00,NULL,NULL,0,0,NULL,3,NULL,'Max:','','',2,17),(927,'e3774302be5202306d8a6f5c999dfbb3',0,0,108,239,0,'FF',9,0.00,NULL,NULL,0,0,NULL,4,NULL,'Last:','','on',2,18),(928,'c33d699b3799c98a6ac75503d08aba20',0,0,108,237,55,'FF',5,0.00,NULL,NULL,0,0,NULL,4,NULL,'doneTime','','',2,19),(929,'8651ccc10052367cfb495d1144c9a5ac',0,0,108,237,0,'FF',9,0.00,NULL,NULL,0,0,NULL,1,NULL,'Avg:','','',2,20),(930,'d70ebfb5cc6de6fca34eeff6778d8204',0,0,108,237,0,'FF',9,0.00,NULL,NULL,0,0,NULL,3,NULL,'Max:','','',2,21),(931,'91b559a7451d0b6b31659cd97f141102',0,0,108,237,0,'FF',9,0.00,NULL,NULL,0,0,NULL,4,NULL,'Last:','','on',2,22),(932,'64beddae0be087f1fbb9818072749930',0,0,108,240,87,'FF',5,0.00,NULL,NULL,0,0,NULL,4,NULL,'seenDoneTime','','',2,23),(933,'a0a11efcda9e3d844f0ef760676153bf',0,0,108,240,0,'FF',9,0.00,NULL,NULL,0,0,NULL,1,NULL,'Avg:','','',2,24),(934,'d6c45a85a4dee11e8de72595b09fef99',0,0,108,240,0,'FF',9,0.00,NULL,NULL,0,0,NULL,3,NULL,'Max:','','',2,25),(935,'f26d042df2cbe3e198d94bed3927acf4',0,0,108,240,0,'FF',9,0.00,NULL,NULL,0,0,NULL,4,NULL,'Last:','','on',2,26),(936,'e16b32035b69f7ba7ab44b625d208116',0,0,109,242,73,'FF',5,0.00,NULL,NULL,0,0,NULL,3,NULL,'','','',2,1),(937,'231cf1df379eb4ccf66521aa6da68886',0,0,109,242,0,'FF',1,0.00,NULL,NULL,0,0,NULL,1,NULL,'Branch: |query_gridQtree|','','on',3,2),(938,'9577e7f5091b137c7e5a7bda89f3557b',0,0,109,242,73,'4C',7,0.00,NULL,NULL,0,0,NULL,1,NULL,'Priority:','','',2,3),(939,'2d32ef200da43ed59ecd93304f2b94a4',0,0,109,242,0,'FF',9,0.00,NULL,NULL,0,0,NULL,4,NULL,'Current:','','',3,4),(940,'9552720135157f750f6b771d5d277877',0,0,109,242,0,'FF',9,0.00,NULL,NULL,0,0,NULL,1,NULL,'Average:','','',3,5),(941,'8f0b150e31f360a6974eaaf373ceeb8b',0,0,109,242,0,'FF',9,0.00,NULL,NULL,0,0,NULL,3,NULL,'Maximum:','','on',3,6),(942,'9457176325226228a5c8ade89e968d6e',0,0,110,243,37,'FF',5,0.00,NULL,NULL,0,0,NULL,3,NULL,'','','',2,1),(943,'130234f1a9c641e088a4dd6564c53c54',0,0,110,243,0,'FF',1,0.00,NULL,NULL,0,0,NULL,1,NULL,'Branch: |query_gridQtree|','','on',3,2),(944,'2dc467188bed508146d9488446558ce2',0,0,110,243,37,'4C',7,0.00,NULL,NULL,0,0,NULL,1,NULL,'Started:','','',2,3),(945,'0908946a1253e6e51f525e6fd951b1e0',0,0,110,243,0,'FF',9,0.00,NULL,NULL,0,0,NULL,4,NULL,'Current:','','',3,4),(946,'1b2c304bd02575726e0a92b8d5d1f80c',0,0,110,243,0,'FF',9,0.00,NULL,NULL,0,0,NULL,1,NULL,'Average:','','',3,5),(947,'93f61c92ee5108a70cce253c087ed1c1',0,0,110,243,0,'FF',9,0.00,NULL,NULL,0,0,NULL,3,NULL,'Maximum:','','on',3,6),(948,'95ca3b8d2ac4c000bf7d8ccf70a5d696',0,0,111,244,72,'FF',5,0.00,NULL,NULL,0,0,NULL,3,NULL,'','','',2,1),(949,'0ca82be0d9eda347ad07ef01f5657a9c',0,0,111,244,0,'FF',1,0.00,NULL,NULL,0,0,NULL,1,NULL,'Branch: |query_gridQtree|','','on',3,2),(950,'82f94dd9d70f3d2a4c05b1f43477540e',0,0,111,244,20,'4C',7,0.00,NULL,NULL,0,0,NULL,1,NULL,'Share:','','',2,3),(951,'7495224ea1f2e15a8279683838b48970',0,0,111,244,0,'FF',9,0.00,NULL,NULL,0,0,NULL,4,NULL,'Current:','','',3,4),(952,'7e2bbadcd96eed78bb1db5c8859ec640',0,0,111,244,0,'FF',9,0.00,NULL,NULL,0,0,NULL,1,NULL,'Average:','','',3,5),(953,'a5131149ae5026ea0973bdb43dd93e2d',0,0,111,244,0,'FF',9,0.00,NULL,NULL,0,0,NULL,3,NULL,'Maximum:','','on',3,6),(954,'aeee0e7022bc1e10bafef3ca44fd2c8b',0,0,112,245,73,'FF',5,0.00,NULL,NULL,24,0,NULL,3,NULL,'','','',2,1),(955,'6103bd5f0eebccea76f1ea92cf9ba1e9',0,0,112,246,0,'FF',1,0.00,NULL,NULL,0,0,NULL,1,NULL,'Branch: |query_gridQtree|','','on',3,2),(956,'b74e889a0f6d4527cfcf1427f85446e1',0,0,112,245,73,'4C',7,0.00,NULL,NULL,24,0,NULL,1,NULL,'RUN Time:','','',2,3),(957,'413dfc69d459ae04aa34f717cf566444',0,0,112,245,0,'FF',9,0.00,NULL,NULL,24,0,NULL,4,NULL,'Current:','','',3,4),(958,'520ae8c7f4ee73439e185689a9121fec',0,0,112,245,0,'FF',9,0.00,NULL,NULL,24,0,NULL,1,NULL,'Average:','','',3,5),(959,'ef99795284946ee08f85811f3c2338e7',0,0,112,245,0,'FF',9,0.00,NULL,NULL,24,0,NULL,3,NULL,'Maximum:','','on',3,6),(960,'c6fb8278b2e31312882a654f9d05f64a',0,0,112,246,40,'FF',5,0.00,NULL,NULL,24,0,NULL,3,NULL,'','','',2,7),(961,'4c5efa19d8165c9250298fd1ef408ad0',0,0,112,246,40,'4C',7,0.00,NULL,NULL,24,0,NULL,1,NULL,'CPU Time:','','',2,8),(962,'4434902f88b76235e147069b0fd30dc9',0,0,112,246,0,'FF',9,0.00,NULL,NULL,24,0,NULL,4,NULL,'Current:','','',3,9),(963,'450d5485678d43b88198a8bdd44f60b3',0,0,112,246,0,'FF',9,0.00,NULL,NULL,24,0,NULL,1,NULL,'Average:','','',3,10),(964,'57ca60d201e8bd79fe3a1319505f85e0',0,0,112,246,0,'FF',9,0.00,NULL,NULL,24,0,NULL,3,NULL,'Maximum:','','on',3,11),(965,'45d4a5534a71feb4fe0a0deb89cf7fb4',0,0,113,247,29,'FF',5,0.00,NULL,NULL,0,0,NULL,3,NULL,'','','',2,1),(966,'3d9bdd696d1347e6d38a581ac3d57a62',0,0,113,247,0,'FF',1,0.00,NULL,NULL,0,0,NULL,1,NULL,'Branch: |query_gridQtree|','','on',3,2),(967,'e756ada7492c8a90376ad6ca78ca375f',0,0,113,247,29,'FF',7,0.00,NULL,NULL,0,0,NULL,1,NULL,'Running Jobs:','','',2,3),(968,'bdf0c57dc028ed061bbcccbab8ac1ee6',0,0,113,247,0,'FF',9,0.00,NULL,NULL,0,0,NULL,4,NULL,'Current:','','',3,4),(969,'7b2d44f799e13de0f71d085028c4e924',0,0,113,247,0,'FF',9,0.00,NULL,NULL,0,0,NULL,1,NULL,'Average:','','',3,5),(970,'e0b16cf7351f5f0020ce67dd8b80b56b',0,0,113,247,0,'FF',9,0.00,NULL,NULL,0,0,NULL,3,NULL,'Maximum:','','on',3,6),(971,'a5407f6949daeb38832b104206a7262c',0,0,114,248,39,'FF',5,0.00,NULL,NULL,0,0,NULL,3,NULL,'','','',2,1),(972,'25825201690fd08ae426cf611dca2e1e',0,0,114,248,0,'FF',1,0.00,NULL,NULL,0,0,NULL,1,NULL,'Branch: |query_gridQtree|','','on',3,2),(973,'a62b6361187c0731c030c2ad9b8d002f',0,0,114,248,39,'FF',7,0.00,NULL,NULL,0,0,NULL,1,NULL,'Running Slots:','','',2,3),(974,'4def71d409562c33db97c6241d2a8955',0,0,114,248,0,'FF',9,0.00,NULL,NULL,0,0,NULL,4,NULL,'Current:','','',3,4),(975,'7b6d3a1db2ac5b4e438cbbc0ff543d07',0,0,114,248,0,'FF',9,0.00,NULL,NULL,0,0,NULL,1,NULL,'Average:','','',3,5),(976,'e5dc2af9a86d95a74e4658581d19153a',0,0,114,248,0,'FF',9,0.00,NULL,NULL,0,0,NULL,3,NULL,'Maximum:','','on',3,6),(977,'405e4bec24400db93e60bac9f385a61e',0,0,115,249,53,'FF',5,0.00,NULL,NULL,0,0,NULL,3,NULL,'','','',2,1),(978,'f71f16bb61130f39627284ed0b6e06f2',0,0,115,249,0,'FF',1,0.00,NULL,NULL,0,0,NULL,1,NULL,'Branch: |query_gridQtree|','','on',3,2),(979,'70502bc13e21c76edf34f0ae48fc3cca',0,0,115,249,53,'FF',7,0.00,NULL,NULL,0,0,NULL,1,NULL,'Pending Jobs:','','',2,3),(980,'a64f4e4549541103dbddf6bddb771e96',0,0,115,249,0,'FF',9,0.00,NULL,NULL,0,0,NULL,4,NULL,'Current:','','',3,4),(981,'e5d9381074b0b0651ee7af296bf8eb4b',0,0,115,249,0,'FF',9,0.00,NULL,NULL,0,0,NULL,1,NULL,'Average:','','',3,5),(982,'cbfc0cc6fa86772d23a125635f83efb4',0,0,115,249,0,'FF',9,0.00,NULL,NULL,0,0,NULL,3,NULL,'Maximum:','','on',3,6),(983,'a127cefd1daee28b991c1eb0cb15b7f9',0,0,116,250,55,'FF',5,0.00,NULL,NULL,0,0,NULL,3,NULL,'','','',2,1),(984,'ad7efd4fdd62d177e88e9f44f1249fd1',0,0,116,250,0,'FF',1,0.00,NULL,NULL,0,0,NULL,1,NULL,'Branch: |query_gridQtree|','','on',3,2),(985,'a1c284787a35184a820f1c1820a6cd88',0,0,116,250,55,'FF',7,0.00,NULL,NULL,0,0,NULL,1,NULL,'Pending Slots:','','',2,3),(986,'542c8bdd8a5572cbe82d215627beb720',0,0,116,250,0,'FF',9,0.00,NULL,NULL,0,0,NULL,4,NULL,'Current:','','',3,4),(987,'dab0835de392c23064958dbd11407b65',0,0,116,250,0,'FF',9,0.00,NULL,NULL,0,0,NULL,1,NULL,'Average:','','',3,5),(988,'da2b80f067428b513b2269868a4b4508',0,0,116,250,0,'FF',9,0.00,NULL,NULL,0,0,NULL,3,NULL,'Maximum:','','on',3,6),(989,'4aa34ea1b7542b770ace48e8bc395a22',0,0,117,252,48,'FF',7,0.00,NULL,NULL,0,0,NULL,1,NULL,'Signal Level','','',2,1),(990,'22f118a9d81d0a9c8d922efbbc8a9cc1',0,0,117,252,0,'FF',9,0.00,NULL,NULL,0,0,NULL,4,NULL,'Current:','','',2,2),(991,'229de0c4b490de9d20d8f8d41059f933',0,0,117,252,0,'FF',9,0.00,NULL,NULL,0,0,NULL,1,NULL,'Average:','','',2,3),(992,'cd17feb30c02fd8f21e4d4dcde04e024',0,0,117,252,0,'FF',9,0.00,NULL,NULL,0,0,NULL,3,NULL,'Maximum:','','on',2,4),(993,'8723600cfd0f8a7b3f7dc1361981aabd',0,0,117,251,25,'FF',5,0.00,NULL,NULL,0,0,NULL,1,NULL,'Noise Level','','',2,5),(994,'cb06be2601b5abfb7a42fc07586de1c2',0,0,117,251,0,'FF',9,0.00,NULL,NULL,0,0,NULL,4,NULL,'Current:','','',2,6),(995,'55a2ee0fd511e5210ed85759171de58f',0,0,117,251,0,'FF',9,0.00,NULL,NULL,0,0,NULL,1,NULL,'Average:','','',2,7),(996,'704459564c84e42462e106eef20db169',0,0,117,251,0,'FF',9,0.00,NULL,NULL,0,0,NULL,3,NULL,'Maximum:','','on',2,8),(997,'aaebb19ec522497eaaf8c87a631b7919',0,0,118,253,48,'FF',7,0.00,NULL,NULL,0,0,NULL,1,NULL,'Transmissions','','',2,1),(998,'8b54843ac9d41bce2fcedd023560ed64',0,0,118,253,0,'FF',9,0.00,NULL,NULL,0,0,NULL,4,NULL,'Current:','','',2,2),(999,'05927dc83e07c7d9cffef387d68f35c9',0,0,118,253,0,'FF',9,0.00,NULL,NULL,0,0,NULL,1,NULL,'Average:','','',2,3),(1000,'d11e62225a7e7a0cdce89242002ca547',0,0,118,253,0,'FF',9,0.00,NULL,NULL,0,0,NULL,3,NULL,'Maximum:','','on',2,4),(1001,'6397b92032486c476b0e13a35b727041',0,0,118,254,25,'FF',5,0.00,NULL,NULL,0,0,NULL,1,NULL,'Re-Transmissions','','',2,5),(1002,'cdfa5f8f82f4c479ff7f6f54160703f6',0,0,118,254,0,'FF',9,0.00,NULL,NULL,0,0,NULL,4,NULL,'Current:','','',2,6),(1003,'ce2a309fb9ef64f83f471895069a6f07',0,0,118,254,0,'FF',9,0.00,NULL,NULL,0,0,NULL,1,NULL,'Average:','','',2,7),(1004,'9cbfbf57ebde435b27887f27c7d3caea',0,0,118,254,0,'FF',9,0.00,NULL,NULL,0,0,NULL,3,NULL,'Maximum:','','on',2,8),(1005,'38f6891b0db92aa8950b4ce7ae902741',0,0,119,255,67,'FF',7,0.00,'',0,0,0,'',1,'','Users','','',2,1),(1006,'af13152956a20aa894ef4a4067b88f63',0,0,119,255,0,'FF',9,0.00,'',0,0,0,'',4,'','Current:','','',3,2),(1007,'1b2388bbede4459930c57dc93645284e',0,0,119,255,0,'FF',9,0.00,'',0,0,0,'',1,'','Average:','','',3,3),(1008,'6407dc226db1d03be9730f4d6f3eeccf',0,0,119,255,0,'FF',9,0.00,'',0,0,0,'',3,'','Maximum:','','on',3,4),(1009,'fca6a530c8f37476b9004a90b42ee988',0,0,120,256,48,'FF',7,0.00,'',0,0,0,'',1,'','Running Processes','','',2,1),(1010,'5acebbde3dc65e02f8fda03955852fbe',0,0,120,256,0,'FF',9,0.00,'',0,0,0,'',4,'','Current:','','',3,2),(1011,'311079ffffac75efaab2837df8123122',0,0,120,256,0,'FF',9,0.00,'',0,0,0,'',1,'','Average:','','',3,3),(1012,'724d27007ebf31016cfa5530fee1b867',0,0,120,256,0,'FF',9,0.00,'',0,0,0,'',3,'','Maximum:','','on',3,4),(1013,'53c9b0999e402a4a7cbeface3ea84479',0,0,121,257,48,'99',7,0.00,'',0,0,0,'',1,'','System:','','',2,1),(1014,'23ce25454b19d116c2665f36276178cd',0,0,121,257,0,'FF',9,0.00,'',0,0,0,'',4,'','Current:','','',5,2),(1015,'8f8f596cda649b141e6fb33753328441',0,0,121,257,0,'FF',9,0.00,'',0,0,0,'',1,'','Average:','','',5,3),(1016,'f64a0489181fca04c3ab9756d599cd2a',0,0,121,257,0,'FF',9,0.00,'',0,0,0,'',3,'','Maximum:','','on',5,4),(1017,'444155b1d39f0414b8f7536d05725f10',0,0,121,258,6,'99',8,0.00,'',0,0,0,'',1,'','User:','','',2,5),(1018,'ff1636dec0cf9582770ebc8d41f8ad92',0,0,121,258,0,'FF',9,0.00,'',0,0,0,'',4,'','Current:','','',5,6),(1019,'a9814713bdd7982063ede15294e44353',0,0,121,258,0,'FF',9,0.00,'',0,0,0,'',1,'','Average:','','',5,7),(1020,'b74446b41339040c50769c528f140afc',0,0,121,258,0,'FF',9,0.00,'',0,0,0,'',3,'','Maximum:','','on',5,8),(1021,'7a8fd8ba66b859e766b4b5f4f634dbce',0,0,121,259,99,'99',8,0.00,'',0,0,0,'',1,'','Idle:','','',2,9),(1022,'073b77aec68c56fb703c95e4999a99a6',0,0,121,259,0,'FF',9,0.00,'',0,0,0,'',4,'','Current:','','',5,10),(1023,'3c0f7af8872c51acbf79b71b79f0bad5',0,0,121,259,0,'FF',9,0.00,'',0,0,0,'',1,'','Average:','','',5,11),(1024,'ca50f081abe0f8718977f2982f2209f1',0,0,121,259,0,'FF',9,0.00,'',0,0,0,'',3,'','Maximum:','','on',5,12),(1025,'709a9acaaab34bc6976eb8499f1828ce',0,0,121,0,69,'7F',8,0.00,'',0,23,0,'',1,'','IO Wait:','','',2,13),(1026,'7d4a7f4d52491c0b25dcbbe2222d0f0d',0,0,121,0,0,'FF',9,0.00,'',0,23,0,'',4,'','Current:','','',5,14),(1027,'75390a70fc7589c23295d9ed45aa7614',0,0,121,0,0,'FF',9,0.00,'',0,23,0,'',1,'','Average:','','',5,15),(1028,'ee981253aa7b49d9761a80ec0ad1541a',0,0,121,0,0,'FF',9,0.00,'',0,23,0,'',3,'','Maximum:','','on',5,16),(1029,'e7261d3093976dbe63de4937296a9a96',0,0,122,260,46,'FF',7,0.00,'',0,0,0,'',1,'','Interrupts:','','',2,1),(1030,'959854c407cfa371240c0744d44618a6',0,0,122,260,0,'FF',9,0.00,'',0,0,0,'',4,'','Current:','','',3,2),(1031,'1fbdf8aef7acfbc90ba7d24b6644e432',0,0,122,260,0,'FF',9,0.00,'',0,0,0,'',1,'','Average:','','',3,3),(1032,'2df153e12b5db6ae3dea51df70f73651',0,0,122,260,0,'FF',9,0.00,'',0,0,0,'',3,'','Maximum:','','on',3,4),(1033,'64c92d07fe3877e99dcc3b570ee90966',0,0,123,261,65,'FF',7,0.00,'',0,0,0,'',1,'','Context Switches:','','',2,1),(1034,'72c6b8ab332e09e2894f18bcf5ba92fe',0,0,123,261,0,'FF',9,0.00,'',0,0,0,'',4,'','Current:','','',3,2),(1035,'37f9956018cb4615de77aec4695fbb0c',0,0,123,261,0,'FF',9,0.00,'',0,0,0,'',1,'','Average:','','',3,3),(1036,'1d7fe63be7b044229b79b6203298e506',0,0,123,261,0,'FF',9,0.00,'',0,0,0,'',3,'','Maximum:','','on',3,4),(1037,'d80e4a4901ab86ee39c9cc613e13532f',0,0,124,263,20,'FF',7,0.00,'',0,0,0,'',1,'','Total','','',2,1),(1038,'567c2214ee4753aa712c3d101ea49a5d',0,0,124,263,0,'FF',9,0.00,'',0,0,0,'',4,'','Current:','','',2,2),(1039,'ba0b6a9e316ef9be66abba68b80f7587',0,0,124,263,0,'FF',9,0.00,'',0,0,0,'',1,'','Average:','','',2,3),(1040,'4b8e4a6bf2757f04c3e3a088338a2f7a',0,0,124,263,0,'FF',9,0.00,'',0,0,0,'',3,'','Maximum:','','on',2,4),(1041,'16d6a9a7f608762ad65b0841e5ef4e9c',0,0,124,262,48,'FF',7,0.00,'',0,0,0,'',1,'','Used','','',2,5),(1042,'2c35b5cae64c5f146a55fcb416dd14b5',0,0,124,262,0,'FF',9,0.00,'',0,0,0,'',4,'','Current:','','',2,6),(1043,'36fa8063df3b07cece878d54443db727',0,0,124,262,0,'FF',9,0.00,'',0,0,0,'',1,'','Average:','','',2,7),(1044,'b7b381d47972f836785d338a3bef6661',0,0,124,262,0,'FF',9,0.00,'',0,0,0,'',3,'','Maximum:','','on',2,8),(1045,'42537599b5fb8ea852240b58a58633de',0,0,125,264,9,'FF',7,0.00,'',0,0,0,'',1,'','CPU Utilization','','',2,1),(1046,'d478a76de1df9edf896c9ce51506c483',0,0,125,264,0,'FF',9,0.00,'',0,0,0,'',4,'','Current:','','',3,2),(1047,'8536e034ab5268a61473f1ff2f6bd88f',0,0,125,264,0,'FF',9,0.00,'',0,0,0,'',1,'','Average:','','',3,3),(1048,'87e10f9942b625aa323a0f39b60058e7',0,0,125,264,0,'FF',9,0.00,'',0,0,0,'',3,'','Maximum:','','on',3,4),(1049,'4c64d5c1ce8b5d8b94129c23b46a5fd6',0,0,126,266,41,'FF',7,0.00,NULL,NULL,0,0,NULL,1,NULL,'Cache Hits','','',2,1),(1050,'5c1845c9bd1af684a3c0ad843df69e3e',0,0,126,266,0,'FF',9,0.00,NULL,NULL,0,0,NULL,4,NULL,'Current:','','',3,2),(1051,'e5169563f3f361701902a8da3ac0c77f',0,0,126,266,0,'FF',9,0.00,NULL,NULL,0,0,NULL,1,NULL,'Average:','','',3,3),(1052,'35e87262efa521edbb1fd27f09c036f5',0,0,126,266,0,'FF',9,0.00,NULL,NULL,0,0,NULL,3,NULL,'Maximum:','','on',3,4),(1053,'53069d7dba4c31b338f609bea4cd16f3',0,0,126,265,66,'FF',8,0.00,NULL,NULL,0,0,NULL,1,NULL,'Cache Checks','','',2,5),(1054,'d9c102579839c5575806334d342b50de',0,0,126,265,0,'FF',9,0.00,NULL,NULL,0,0,NULL,4,NULL,'Current:','','',3,6),(1055,'dc1897c3249dbabe269af49cee92f8c0',0,0,126,265,0,'FF',9,0.00,NULL,NULL,0,0,NULL,1,NULL,'Average:','','',3,7),(1056,'ccd21fe0b5a8c24057f1eff4a6b66391',0,0,126,265,0,'FF',9,0.00,NULL,NULL,0,0,NULL,3,NULL,'Maximum:','','on',3,8),(1057,'e4094625d5443b4c87f9a87ba616a469',0,0,127,267,67,'FF',7,0.00,NULL,NULL,0,0,NULL,1,NULL,'File System Reads','','',2,1),(1058,'ae68425cd10e8a6623076b2e6859a6aa',0,0,127,267,0,'FF',9,0.00,NULL,NULL,0,0,NULL,4,NULL,'Current:','','',3,2),(1059,'40b8e14c6568b3f6be6a5d89d6a9f061',0,0,127,267,0,'FF',9,0.00,NULL,NULL,0,0,NULL,1,NULL,'Average:','','',3,3),(1060,'4afbdc3851c03e206672930746b1a5e2',0,0,127,267,0,'FF',9,0.00,NULL,NULL,0,0,NULL,3,NULL,'Maximum:','','on',3,4),(1061,'ea47d2b5516e334bc5f6ce1698a3ae76',0,0,127,268,93,'FF',8,0.00,NULL,NULL,0,0,NULL,1,NULL,'File System Writes','','',2,5),(1062,'899c48a2f79ea3ad4629aff130d0f371',0,0,127,268,0,'FF',9,0.00,NULL,NULL,0,0,NULL,4,NULL,'Current:','','',3,6),(1063,'ab474d7da77e9ec1f6a1d45c602580cd',0,0,127,268,0,'FF',9,0.00,NULL,NULL,0,0,NULL,1,NULL,'Average:','','',3,7),(1064,'e143f8b4c6d4eeb6a28b052e6b8ce5a9',0,0,127,268,0,'FF',9,0.00,NULL,NULL,0,0,NULL,3,NULL,'Maximum:','','on',3,8),(1065,'facfeeb6fc2255ba2985b2d2f695d78a',0,0,128,269,30,'FF',7,0.00,NULL,NULL,0,0,NULL,1,NULL,'Current Logins','','',2,1),(1066,'2470e43034a5560260d79084432ed14f',0,0,128,269,0,'FF',9,0.00,NULL,NULL,0,0,NULL,4,NULL,'Current:','','',3,2),(1067,'e9e645f07bde92b52d93a7a1f65efb30',0,0,128,269,0,'FF',9,0.00,NULL,NULL,0,0,NULL,1,NULL,'Average:','','',3,3),(1068,'bdfe0d66103211cfdaa267a44a98b092',0,0,128,269,0,'FF',9,0.00,NULL,NULL,0,0,NULL,3,NULL,'Maximum:','','on',3,4),(1069,'803b96bcaec33148901b4b562d9d2344',0,0,129,270,89,'FF',7,0.00,NULL,NULL,0,0,NULL,1,NULL,'Open Files','','',2,1),(1070,'da26dd92666cb840f8a70e2ec5e90c07',0,0,129,270,0,'FF',9,0.00,NULL,NULL,0,0,NULL,4,NULL,'Current:','','',3,2),(1071,'5258970186e4407ed31cca2782650c45',0,0,129,270,0,'FF',9,0.00,NULL,NULL,0,0,NULL,1,NULL,'Average:','','',3,3),(1072,'7d08b996bde9cdc7efa650c7031137b4',0,0,129,270,0,'FF',9,0.00,NULL,NULL,0,0,NULL,3,NULL,'Maximum:','','on',3,4),(1073,'d2e98e51189e1d9be8888c3d5c5a4029',0,0,130,271,69,'FF',7,0.00,NULL,NULL,14,0,NULL,1,NULL,'Total Space','','',2,1),(1074,'12829294ee3958f4a31a58a61228e027',0,0,130,271,0,'FF',9,0.00,NULL,NULL,14,0,NULL,4,NULL,'Current:','','',2,2),(1075,'4b7e8755b0f2253723c1e9fb21fd37b1',0,0,130,271,0,'FF',9,0.00,NULL,NULL,14,0,NULL,1,NULL,'Average:','','',2,3),(1076,'cbb19ffd7a0ead2bf61512e86d51ee8e',0,0,130,271,0,'FF',9,0.00,NULL,NULL,14,0,NULL,3,NULL,'Maximum:','','on',2,4),(1077,'7dab7a3ceae2addd1cebddee6c483e7c',0,0,130,272,25,'FF',7,0.00,NULL,NULL,14,0,NULL,1,NULL,'Free Space','','',2,5),(1078,'aea239f3ceea8c63d02e453e536190b8',0,0,130,272,0,'FF',9,0.00,NULL,NULL,14,0,NULL,4,NULL,'Current:','','',2,6),(1079,'a0efae92968a6d4ae099b676e0f1430e',0,0,130,272,0,'FF',9,0.00,NULL,NULL,14,0,NULL,1,NULL,'Average:','','',2,7),(1080,'4fd5ba88be16e3d513c9231b78ccf0e1',0,0,130,272,0,'FF',9,0.00,NULL,NULL,14,0,NULL,3,NULL,'Maximum:','','on',2,8),(1081,'37b4cbed68f9b77e49149343069843b4',0,0,130,273,95,'FF',5,0.00,NULL,NULL,14,0,NULL,1,NULL,'Freeable Space','','',2,9),(1082,'5eb7532200f2b5cc93e13743a7db027c',0,0,130,273,0,'FF',9,0.00,NULL,NULL,14,0,NULL,4,NULL,'Current:','','',2,10),(1083,'b0f9f602fbeaaff090ea3f930b46c1c7',0,0,130,273,0,'FF',9,0.00,NULL,NULL,14,0,NULL,1,NULL,'Average:','','',2,11),(1084,'06477f7ea46c63272cee7253e7cd8760',0,0,130,273,0,'FF',9,0.00,NULL,NULL,14,0,NULL,3,NULL,'Maximum:','','on',2,12),(1085,'6877a2a5362a9390565758b08b9b37f7',0,0,131,275,77,'FF',7,0.00,NULL,NULL,0,0,NULL,1,NULL,'Used Directory Entries','','',2,1),(1086,'a978834f3d02d833d3d2def243503bf2',0,0,131,275,0,'FF',9,0.00,NULL,NULL,0,0,NULL,4,NULL,'Current:','','',3,2),(1087,'7422d87bc82de20a4333bd2f6460b2d4',0,0,131,275,0,'FF',9,0.00,NULL,NULL,0,0,NULL,1,NULL,'Average:','','',3,3),(1088,'4d52762859a3fec297ebda0e7fd760d9',0,0,131,275,0,'FF',9,0.00,NULL,NULL,0,0,NULL,3,NULL,'Maximum:','','on',3,4),(1089,'999d4ed1128ff03edf8ea47e56d361dd',0,0,131,274,1,'FF',5,0.00,NULL,NULL,0,0,NULL,1,NULL,'Available Directory Entries','','',2,5),(1090,'3dfcd7f8c7a760ac89d34398af79b979',0,0,131,274,0,'FF',9,0.00,NULL,NULL,0,0,NULL,4,NULL,'Current:','','',3,6),(1091,'217be75e28505c8f8148dec6b71b9b63',0,0,131,274,0,'FF',9,0.00,NULL,NULL,0,0,NULL,1,NULL,'Average:','','',3,7),(1092,'69b89e1c5d6fc6182c93285b967f970a',0,0,131,274,0,'FF',9,0.00,NULL,NULL,0,0,NULL,3,NULL,'Maximum:','','on',3,8),(1093,'ab09d41c358f6b8a9d0cad4eccc25529',0,0,132,276,9,'FF',7,0.00,NULL,NULL,0,0,NULL,1,NULL,'CPU Utilization','','',2,1),(1094,'5d5b8d8fbe751dc9c86ee86f85d7433b',0,0,132,276,0,'FF',9,0.00,NULL,NULL,0,0,NULL,4,NULL,'Current:','','',3,2),(1095,'4822a98464c6da2afff10c6d12df1831',0,0,132,276,0,'FF',9,0.00,NULL,NULL,0,0,NULL,1,NULL,'Average:','','',3,3),(1096,'fc6fbf2a964bea0b3c88ed0f18616aa7',0,0,132,276,0,'FF',9,0.00,NULL,NULL,0,0,NULL,3,NULL,'Maximum:','','on',3,4),(1097,'f8ea1f37b28f8b6e41de703742711730',0,0,133,281,80,'FF',7,0.00,'',0,0,0,'',1,'','Update','','',2,1),(1098,'0a3ca375ce3ff034ea4c3cef9db9e67d',0,0,133,281,1,'FF',4,0.00,'',0,0,0,'',1,'','','','',2,2),(1099,'0c7ead4c34e782a20bbf0fbe97d5a5d6',0,0,133,277,48,'FF',4,0.00,'',0,0,0,'',1,'','Delete','','',2,3),(1100,'ab60cf53d22007ff9fe05378f917d7bb',0,0,133,278,65,'FF',4,0.00,'',0,0,0,'',1,'','Insert','','',2,4),(1101,'c84823eb27e0a06806f5ffb63ce52cb0',0,0,133,279,17,'FF',4,0.00,'',0,0,0,'',1,'','Insert Select','','',2,5),(1102,'72913ad0d958e606923be5dc07843abc',0,0,133,280,15,'FF',4,0.00,'',0,0,0,'',1,'','Truncate','','',2,6),(1103,'9f62edfb02072683eeb1197d177d874a',0,0,133,282,8,'FF',4,0.00,'',0,0,0,'',1,'','UpdateMulti','','',2,7),(1104,'ea68c2fd17c7aca008890fe29e6dc555',0,0,134,287,80,'FF',7,0.00,'',0,0,0,'',1,'','Update','','',2,1),(1105,'60882014afab9a0dc158d27719c4845d',0,0,134,287,77,'FF',4,0.00,'',0,0,0,'',1,'','','','',2,2),(1106,'c609901e05c080da5f6099e1ecdc90b6',0,0,134,284,48,'FF',5,0.00,'',0,0,0,'',1,'','Delete','','',2,3),(1107,'c84831169e1027eed44c2a3df2a5b040',0,0,134,283,95,'FF',4,0.00,'',0,0,0,'',1,'','Commit','','',2,4),(1108,'a2d950324c30a64ad2d45b12fd569e8e',0,0,134,285,10,'FF',5,0.00,'',0,0,0,'',1,'','Discover','','',2,5),(1109,'27591971edecbf0f243e94990286da49',0,0,134,286,43,'FF',4,0.00,'',0,0,0,'',1,'','Rollback','','',2,6),(1110,'f9be16781adf29580149cbee64872f99',0,0,134,288,15,'FF',4,0.00,'',0,0,0,'',1,'','Write','','',2,7),(1111,'d8bbc5d1898ca6cb4d189d7b3b0570fb',0,0,135,289,63,'FF',7,0.00,'',0,0,0,'',1,'','Select','','',2,1),(1112,'af22fa663db1c4de4827e4985fbb1300',0,0,135,289,77,'FF',4,0.00,'',0,0,0,'',1,'','','','',2,2),(1113,'4ae80db87c37bf923216cd8b71a33f12',0,0,135,292,17,'FF',5,0.00,'',0,0,0,'',1,'','Range','','',2,3),(1114,'43a4a056edc73ba330e6c7697152be46',0,0,135,290,60,'FF',4,0.00,'',0,0,0,'',1,'','FullJoin','','',2,4),(1115,'e94c90ffb7a3abe97e954fa80b10c5ac',0,0,135,291,10,'FF',4,0.00,'',0,0,0,'',1,'','FullRangeJoin','','',2,5),(1116,'ac52d689d68d5162b891c521deac9dfa',0,0,135,293,48,'FF',4,0.00,'',0,0,0,'',1,'','RangeCheck','','',2,6),(1117,'8d66ecf6a3c7e677c8cbc1cb4e4765f3',0,0,135,294,1,'FF',4,0.00,'',0,0,0,'',1,'','Scan','','',2,7),(1118,'c78c1289c90b85aab83db9ce50e424ab',0,0,136,296,63,'FF',7,0.00,'',0,0,0,'',1,'','Read Key','','',2,1),(1119,'d4b00301da31dbe88f9acca98d9795ba',0,0,136,296,77,'FF',4,0.00,'',0,0,0,'',1,'','','','',2,2),(1120,'2cf0207f0cb0bb0478c64ed5abe3b9a5',0,0,136,300,9,'FF',4,0.00,'',0,0,0,'',1,'','Read Rnd Next','','',2,3),(1121,'ff839ec85520eec048e4d1b310841a8a',0,0,136,297,8,'FF',4,0.00,'',0,0,0,'',1,'','Read Next','','',2,4),(1122,'ff2effdc6c8d893430bd7a1b609dd0cd',0,0,136,299,43,'FF',4,0.00,'',0,0,0,'',1,'','Read Rnd','','',2,5),(1123,'c2c63d966c2655b4ba7147de022545ac',0,0,136,298,58,'FF',5,0.00,'',0,0,0,'',1,'','Read Prev','','',2,6),(1124,'54ecc7b22d591c473c7b3d87131ab40b',0,0,136,295,94,'FF',4,0.00,'',0,0,0,'',1,'','Read First','','',2,7),(1125,'dd70d611112a9d0722de9b803ddcd827',0,0,137,301,29,'FF',7,0.00,'',0,0,0,'',1,'','Key Read Req','','',2,1),(1126,'e40fe229b80bd5966a6f2d06ffa8c899',0,0,137,301,1,'FF',4,0.00,'',0,0,0,'',1,'','','','',2,2),(1127,'f1bdcdfd9b3471b83b23d6bbc920d049',0,0,137,303,48,'FF',4,0.00,'',0,0,0,'',1,'','Key Write Req','','',2,3),(1128,'e96b5c7da2079084560215ee4951e594',0,0,137,302,67,'FF',4,0.00,'',0,0,0,'',1,'','Key Reads','','',2,4),(1129,'0635096785e29f967903cad516df14d9',0,0,137,304,45,'FF',4,0.00,'',0,0,0,'',1,'','Key Writes','','',2,5),(1130,'b9ae86742f32cb11bbf6fc630da6c9b9',0,0,138,306,38,'FF',7,0.00,'',0,17,0,'',1,'','Free Kilobytes','','',2,1),(1131,'78b9242977d1f94e222d6dc0eecdd1c6',0,0,138,308,17,'FF',4,0.00,'',0,0,0,'',1,'','Cache Inserts','','',2,2),(1132,'6403b104533b7398ac3b2c5724c88a5b',0,0,138,310,77,'FF',4,0.00,'',0,0,0,'',1,'','Not Cached','','',2,3),(1133,'abf37d4e4131e97ae55287d980a72f95',0,0,138,311,10,'FF',5,0.00,'',0,0,0,'',1,'','Queries Cached','','',2,4),(1134,'ade89b86e349791b28c2c102fa22a1fd',0,0,138,307,28,'FF',5,0.00,'',0,0,0,'',1,'','Cache Hits','','',2,5),(1135,'f287f80dc45ec1db8a112ce8ab6552df',0,0,138,312,58,'FF',4,0.00,'',0,0,0,'',1,'','Total Blocks','','',2,6),(1136,'96a36ec2271cda6c4af013afc5284c6a',0,0,138,305,27,'FF',4,0.00,'',0,0,0,'',1,'','Free Blocks','','',2,7),(1137,'7990cc21d416b61e8bc015c098522a94',0,0,138,309,9,'FF',5,0.00,'',0,0,0,'',1,'','Lowmem Prunes','','',2,8),(1138,'dd32fd4ce31c734b99c76458a03977d8',0,0,139,315,55,'FF',7,0.00,'',0,0,0,'',1,'','Bytes Sent','','',2,1),(1139,'f460e749d29518c3f8b0b85470fcb259',0,0,139,315,59,'FF',4,0.00,'',0,0,0,'',1,'','','','',2,2),(1140,'0e7bb2797e9511d7681281a34019c3fc',0,0,139,314,8,'FF',5,0.00,'',0,0,0,'',1,'','Bytes Recvd','','',2,3),(1141,'610d1b001c90535abce5a8deee1821c2',0,0,139,317,95,'FF',5,0.00,'',0,0,0,'',1,'','Max Conn','','',2,4),(1142,'28897124a289605bb98555186b84eda3',0,0,139,313,10,'FF',4,0.00,'',0,14,0,'',1,'','Questions*1024','','',2,5),(1143,'39198617d1a4b640c93718e240ac5272',0,0,139,316,17,'FF',5,0.00,'',0,0,0,'',1,'','Connections','','',2,6),(1144,'2fb4710a124a7c4a87a6b3e16035fae0',0,0,140,320,31,'FF',7,0.00,'',0,17,0,'',1,'','kiloRows','','',2,1),(1145,'52deca0baaacb328170431f032bfbf1d',0,0,140,320,27,'FF',4,0.00,'',0,17,0,'',1,'','','','',2,2),(1146,'163baa4331a662ac3295b6b8cb37b7dd',0,0,140,319,17,'FF',5,0.00,'',0,0,0,'',1,'','Range','','',2,3),(1147,'54252f8a81de419ea96a534f1b333b6b',0,0,140,318,42,'FF',4,0.00,'',0,0,0,'',1,'','Merge Passes','','',2,4),(1148,'7d51c1f2d8555c710e097273a5e33ac1',0,0,140,321,10,'FF',5,0.00,'',0,0,0,'',1,'','Scan','','',2,5),(1149,'dd0e1be01b8d5dc277a85a2d5f19c8fd',0,0,141,322,63,'FF',7,0.00,'',0,0,0,'',1,'','Table Locks Immed','','',2,1),(1150,'2bfab3fb426b89b03785690b01b7f1c8',0,0,141,322,72,'FF',4,0.00,'',0,0,0,'',1,'','','','',2,2),(1151,'c37fd9b71917e93d4e4ca1f16fca873b',0,0,141,324,42,'FF',5,0.00,'',0,0,0,'',1,'','Slow Launch Threads','','',2,3),(1152,'df7472909745ab4edeefeed96e88bc63',0,0,141,325,94,'FF',5,0.00,'',0,0,0,'',1,'','Slow Queries','','',2,4),(1153,'2dd55398f267dc4c5ee3cf93957f82b9',0,0,141,323,8,'FF',5,0.00,'',0,0,0,'',1,'','Table Locks Waited','','',2,5),(1154,'1f1e0ba0edbc65928f07e2d45b3aa4d8',0,0,142,328,31,'FF',7,0.00,'',0,0,0,'',1,'','Temp Tables','','',2,1),(1155,'57863e2a0a5c0b1009bf8fe188e6af9b',0,0,142,328,27,'FF',4,0.00,'',0,0,0,'',1,'','','','',2,2),(1156,'fcb476249251f34c1b5fd717491e7839',0,0,142,326,48,'FF',4,0.00,'',0,0,0,'',1,'','Temp Disk Tables','','',2,3),(1157,'b201ae9fa5c9b8d53088d67e7d51274f',0,0,142,327,17,'FF',5,0.00,'',0,0,0,'',1,'','Temp Files','','',2,4),(1158,'bef2d207ff9104e839e209a26570ec38',0,0,143,333,44,'FF',4,0.00,'',0,0,0,'',1,'','Aborted Clients','','',2,1),(1159,'8b8e95e157c3c09cf5b5fcd654de0f60',0,0,143,334,12,'FF',4,0.00,'',0,0,0,'',1,'','Aborted Connects','','',2,3),(1160,'f4564a7ede538c82afcc3d9e49f1f0b3',0,0,143,329,10,'FF',4,0.00,'',0,0,0,'',1,'','Threads Cached','','',2,5),(1161,'dab96f40366007b2f44eb7f33b894b01',0,0,143,330,15,'FF',4,0.00,'',0,0,0,'',1,'','Threads Connected','','',2,7),(1162,'3b20d42ffeb330f3dde22501fe69beed',0,0,143,331,56,'FF',4,0.00,'',0,0,0,'',1,'','Threads Created','','',2,9),(1163,'33a61f83daacb8cd70b72eef2960a013',0,0,143,332,89,'FF',4,0.00,'',0,0,0,'',1,'','Threads Running','','',2,11),(1164,'288a5df6706f2e126ff6812619caeee1',0,0,144,68,9,'FF',7,0.00,'',0,0,0,'',1,'','System','','',2,1),(1165,'4f62dd9c78e627d2cd54ead4cdf5ffce',0,0,144,68,0,'FF',9,0.00,'',0,0,0,'',4,'','Current:','','',2,2),(1166,'a77bec8e9269952b00ec2857b30962d5',0,0,144,68,0,'FF',9,0.00,'',0,0,0,'',1,'','Average:','','',2,3),(1167,'8c807e6d0155a642b3f3edbf9483706a',0,0,144,68,0,'FF',9,0.00,'',0,0,0,'',3,'','Maximum:','','on',2,4),(1168,'acaa683c9befa921f7dac5b5a51fa854',0,0,144,69,21,'FF',8,0.00,'',0,0,0,'',1,'','User','','',2,5),(1169,'86597275f4b85382860b14981423453b',0,0,144,69,0,'FF',9,0.00,'',0,0,0,'',4,'','Current:','','',2,6),(1170,'4ff133f346c4624c359493ecc76d7fc6',0,0,144,69,0,'FF',9,0.00,'',0,0,0,'',1,'','Average:','','',2,7),(1171,'cc2d3baca35f6a7fd0b74443317ca34d',0,0,144,69,0,'FF',9,0.00,'',0,0,0,'',3,'','Maximum:','','on',2,8),(1172,'0d91c40328b29e87f6ccd1b2166f32e6',0,0,144,70,12,'FF',8,0.00,'',0,0,0,'',1,'','Nice','','',2,9),(1173,'3ffa25586849d56524da6744610881fc',0,0,144,70,0,'FF',9,0.00,'',0,0,0,'',4,'','Current:','','',2,10),(1174,'0c10e3b6ab20d5fbace9aae19d40fab2',0,0,144,70,0,'FF',9,0.00,'',0,0,0,'',1,'','Average:','','',2,11),(1175,'b1c1ab44573343f82b539a862484c687',0,0,144,70,0,'FF',9,0.00,'',0,0,0,'',3,'','Maximum:','','on',2,12),(1176,'c197b6233726f60f6ab715ad6fd8d4c4',0,0,144,0,1,'FF',4,0.00,'',0,12,0,'',1,'','Total','','',2,13),(1177,'1149144dc3b7d6dd27efa4d99a9dbfd5',0,0,144,0,0,'FF',9,0.00,'',0,12,0,'',4,'','Current:','','',2,14),(1178,'7eaaea46c6bf09d58b3bbbcdebbc7266',0,0,144,0,0,'FF',9,0.00,'',0,12,0,'',1,'','Average:','','',2,15),(1179,'81b7a4321f2c930492bff345d6c63107',0,0,144,0,0,'FF',9,0.00,'',0,12,0,'',3,'','Maximum:','','on',2,16),(1180,'6a6d312512e4753837259c4915086a1b',0,0,145,335,95,'FF',7,0.00,'',0,0,0,'',1,'','Select','','',2,1),(1181,'ea52726cdb673cbcb10cb9cb259af692',0,0,145,335,0,'FF',9,0.00,'',0,0,0,'',4,'','Current:','','',2,2),(1182,'67a3c063136cd8d17c23ebe67f72846a',0,0,145,335,0,'FF',9,0.00,'',0,0,0,'',1,'','Average:','','',2,3),(1183,'a9012664a461a81914aa3253cc2562fb',0,0,145,335,0,'FF',9,0.00,'',0,0,0,'',2,'','Min:','','',2,4),(1184,'eee8f808c5937b5c2cfc1a2da2334554',0,0,145,335,0,'FF',9,0.00,'',0,0,0,'',3,'','Max:','','on',2,5),(1185,'4fe4402b0d52d221b1d595e98e56f8ba',0,0,145,338,1,'FF',4,0.00,'',0,0,0,'',1,'','Change_DB','','',2,6),(1186,'d54b48de3e289abb539153d8914e980d',0,0,145,338,0,'FF',9,0.00,'',0,0,0,'',4,'','Current:','','',2,7),(1187,'c453cff8d7f6a8cf942f87df3b0e4c39',0,0,145,338,0,'FF',9,0.00,'',0,0,0,'',1,'','Average:','','',2,8),(1188,'f1f351aa4a14fa000bf70f84ad8c9dd0',0,0,145,338,0,'FF',9,0.00,'',0,0,0,'',2,'','Min:','','',2,9),(1189,'69db589207e99eede456f82e55662118',0,0,145,338,0,'FF',9,0.00,'',0,0,0,'',3,'','Max:','','on',2,10),(1190,'5dfb6959f46867763b94e8cfe0a27b60',0,0,145,339,9,'FF',4,0.00,'',0,0,0,'',1,'','Delete','','',2,11),(1191,'6960fa64eb30aaabdd7d660b89f5c28e',0,0,145,339,0,'FF',9,0.00,'',0,0,0,'',4,'','Current:','','',2,12),(1192,'a190a7f0e26c84a701e330af7dc06004',0,0,145,339,0,'FF',9,0.00,'',0,0,0,'',1,'','Average:','','',2,13),(1193,'952f5d05c76dcfce12000c4a77eedb38',0,0,145,339,0,'FF',9,0.00,'',0,0,0,'',2,'','Min:','','',2,14),(1194,'e8d27a3fe1220651de60ffb7092deec6',0,0,145,339,0,'FF',9,0.00,'',0,0,0,'',3,'','Max:','','on',2,15),(1195,'d867c0042afbe4cf76e4cad95fee4bed',0,0,145,336,33,'FF',4,0.00,'',0,0,0,'',1,'','Insert','','',2,16),(1196,'d0782de87ea81fb052aa298661600d03',0,0,145,336,0,'FF',9,0.00,'',0,0,0,'',4,'','Current:','','',2,17),(1197,'0783d5b9d669d4cb6115f61e656e0520',0,0,145,336,0,'FF',9,0.00,'',0,0,0,'',1,'','Average:','','',2,18),(1198,'207ee56a4d664c51e8ff82e408c3adad',0,0,145,336,0,'FF',9,0.00,'',0,0,0,'',2,'','Min:','','',2,19),(1199,'bcdc912607f1b7d6782ae0fedbb1c569',0,0,145,336,0,'FF',9,0.00,'',0,0,0,'',3,'','Max:','','on',2,20),(1200,'781448b5bde915b498278efacd7c2bfe',0,0,145,337,10,'FF',4,0.00,'',0,0,0,'',1,'','Update','','',2,21),(1201,'63b81c777d65cd148781ee8cb9ef1678',0,0,145,337,0,'FF',9,0.00,'',0,0,0,'',4,'','Current:','','',2,22),(1202,'35c2f19f6f8f1f35e29dbf12f77588d2',0,0,145,337,0,'FF',9,0.00,'',0,0,0,'',1,'','Average:','','',2,23),(1203,'38d697af28d78d326ca2f4c4dbc177ad',0,0,145,337,0,'FF',9,0.00,'',0,0,0,'',2,'','Min:','','',2,24),(1204,'c33116a3f0cb266cc89505ee6d086a77',0,0,145,337,0,'FF',9,0.00,'',0,0,0,'',3,'','Max:','','on',2,25),(1205,'ff83b97266fa314e7ed7e40f1b665405',0,0,145,335,89,'FF',4,0.00,'',0,0,0,'',1,'','','','',2,26),(1206,'66b43bea21a29a5f79e7307919ee2ff5',0,0,146,346,29,'FF',7,0.00,'',0,0,0,'',1,'','Read Rnd Next','','',2,1),(1207,'2499b46ffdcfe78c97ccc726f10178ed',0,0,146,346,0,'FF',9,0.00,'',0,0,0,'',4,'','Current:','','',2,2),(1208,'510bf8d3ebd6ace1acee55dae46c7912',0,0,146,346,0,'FF',9,0.00,'',0,0,0,'',1,'','Average:','','',2,3),(1209,'2d960a5cdcae8a84c1279abc15293d5f',0,0,146,346,0,'FF',9,0.00,'',0,0,0,'',2,'','Min:','','',2,4),(1210,'30a638d86a179758d93ef3e766a98744',0,0,146,346,0,'FF',9,0.00,'',0,0,0,'',3,'','Max:','','on',2,5),(1211,'d744dfaa437f026a07cd36a3b9fdea78',0,0,146,343,41,'FF',4,0.00,'',0,0,0,'',1,'','Read First','','',2,6),(1212,'6452b99a436c6528bcd45cded45f3cd7',0,0,146,343,0,'FF',9,0.00,'',0,0,0,'',4,'','Current:','','',2,7),(1213,'b77e2f0033293c5370d10b8127011101',0,0,146,343,0,'FF',9,0.00,'',0,0,0,'',1,'','Average:','','',2,8),(1214,'af09e35e48c4833569b7d898f9363c5e',0,0,146,343,0,'FF',9,0.00,'',0,0,0,'',2,'','Min:','','',2,9),(1215,'73b037219a9a1bf8cb2d295b8725e0b4',0,0,146,343,0,'FF',9,0.00,'',0,0,0,'',3,'','Max:','','on',2,10),(1216,'3bc56f5d80468d48fcfa392973591173',0,0,146,340,59,'FF',4,0.00,'',0,0,0,'',1,'','Read Key','','',2,11),(1217,'4bb24f257aa348cadec1d17a6a0e2a1b',0,0,146,340,0,'FF',9,0.00,'',0,0,0,'',4,'','Current:','','',2,12),(1218,'1652217e6b24ac77768fa1939eacb5a7',0,0,146,340,0,'FF',9,0.00,'',0,0,0,'',1,'','Average:','','',2,13),(1219,'c3cd8175723f9444846800a5dc672db2',0,0,146,340,0,'FF',9,0.00,'',0,0,0,'',2,'','Min:','','',2,14),(1220,'010a70bbdb080cfbfa8f43d1d34a26e0',0,0,146,340,0,'FF',9,0.00,'',0,0,0,'',3,'','Max:','','on',2,15),(1221,'57ab4017cec4affe191415e50f9d399c',0,0,146,341,64,'FF',4,0.00,'',0,0,0,'',1,'','Read Next','','',2,16),(1222,'0688b8cbfda5e779b9252c9678dbfd02',0,0,146,341,0,'FF',9,0.00,'',0,0,0,'',4,'','Current:','','',2,17),(1223,'dc0447e8f500124e8267e8c43576f290',0,0,146,341,0,'FF',9,0.00,'',0,0,0,'',1,'','Average:','','',2,18),(1224,'b282273f6bcf20c011055c81494cf893',0,0,146,341,0,'FF',9,0.00,'',0,0,0,'',2,'','Min:','','',2,19),(1225,'ca803bc292e1d7049a8c01c880ba9c76',0,0,146,341,0,'FF',9,0.00,'',0,0,0,'',3,'','Max:','','on',2,20),(1226,'8efb4027df45d90beff13c5a6e0508e1',0,0,146,344,95,'FF',4,0.00,'',0,0,0,'',1,'','Read Prev','','',2,21),(1227,'9c9ce8afc35fa7135437709ae3dfbc70',0,0,146,344,0,'FF',9,0.00,'',0,0,0,'',4,'','Current:','','',2,22),(1228,'066edc724ed0a8eb6c5732d9e8a8a9a2',0,0,146,344,0,'FF',9,0.00,'',0,0,0,'',1,'','Average:','','',2,23),(1229,'84380e6c9d559b232015566449d081fb',0,0,146,344,0,'FF',9,0.00,'',0,0,0,'',2,'','Min:','','',2,24),(1230,'7cdf76d975140318716f682e50f4a45d',0,0,146,344,0,'FF',9,0.00,'',0,0,0,'',3,'','Max:','','on',2,25),(1231,'145e6a9f4316f023ca33352c42b83131',0,0,146,345,10,'FF',4,0.00,'',0,0,0,'',1,'','Read Rnd','','',2,26),(1232,'42fb5e6cbcefa1da54a81b2b367aa8c2',0,0,146,345,0,'FF',9,0.00,'',0,0,0,'',4,'','Current:','','',2,27),(1233,'bfebfb46f45c91b92b78fe6455278598',0,0,146,345,0,'FF',9,0.00,'',0,0,0,'',1,'','Average:','','',2,28),(1234,'5136a757bfbc107d55dd1fda1de98227',0,0,146,345,0,'FF',9,0.00,'',0,0,0,'',2,'','Min:','','',2,29),(1235,'43474641997f8f68c95c9eab7851563a',0,0,146,345,0,'FF',9,0.00,'',0,0,0,'',3,'','Max:','','on',2,30),(1236,'b9dde8dca94b45db1c874788a2d4689b',0,0,146,342,103,'FF',4,0.00,'',0,0,0,'',1,'','Delete','','',2,31),(1237,'f038dbd4d3fa2cf9e789a5c5452d58e6',0,0,146,342,0,'FF',9,0.00,'',0,0,0,'',4,'','Current:','','',2,32),(1238,'750bd431243af24577e028cfbb4550d0',0,0,146,342,0,'FF',9,0.00,'',0,0,0,'',1,'','Average:','','',2,33),(1239,'04e9fca0cff2857f57cf78f35f3fed84',0,0,146,342,0,'FF',9,0.00,'',0,0,0,'',2,'','Min:','','',2,34),(1240,'bd917b874a25caf5bac9d2c198f2c13d',0,0,146,342,0,'FF',9,0.00,'',0,0,0,'',3,'','Max:','','on',2,35),(1241,'81df8efb4c0a761e12309fcc5acdfacd',0,0,146,347,84,'FF',4,0.00,'',0,0,0,'',1,'','Update:','','',2,36),(1242,'e73d15c7a7ccc7c7722bc256309935ab',0,0,146,347,0,'FF',9,0.00,'',0,0,0,'',4,'','Current:','','',2,37),(1243,'fa39b547eb362bc5934b40013c9057b4',0,0,146,347,0,'FF',9,0.00,'',0,0,0,'',1,'','Average:','','',2,38),(1244,'b26214e6f9218a6fe2005a6ac78182d5',0,0,146,347,0,'FF',9,0.00,'',0,0,0,'',2,'','Min:','','',2,39),(1245,'b8c9f8618e6597e53770c14c183b096d',0,0,146,347,0,'FF',9,0.00,'',0,0,0,'',3,'','Max:','','on',2,40),(1246,'f49a2218860075ca28dc437b7dc7fce5',0,0,146,348,75,'FF',4,0.00,'',0,0,0,'',1,'','write:','','',2,41),(1247,'00bcfb0d878e83f5aeb72812f1b66422',0,0,146,348,0,'FF',9,0.00,'',0,0,0,'',4,'','Current:','','',2,42),(1248,'825943d55546d8c146f20468ad388f19',0,0,146,348,0,'FF',9,0.00,'',0,0,0,'',1,'','Average:','','',2,43),(1249,'006f93c093ccc4bb6119ffc47e5d2cea',0,0,146,348,0,'FF',9,0.00,'',0,0,0,'',2,'','Min:','','',2,44),(1250,'7b923920cb0c7c9487b8a48387d5b907',0,0,146,348,0,'FF',9,0.00,'',0,0,0,'',3,'','Max:','','on',2,45),(1251,'ad9e2e4c7f5a32fe8a385b994b310d98',0,0,147,349,25,'FF',7,0.00,'',0,0,0,'',1,'','1 Minute Average','','',2,1),(1252,'f417820c000ac95578039df365501d38',0,0,147,349,0,'FF',9,0.00,'',0,0,0,'',4,'','Current:','','on',4,2),(1253,'3302d163068b3ce68a9880652ad426cf',0,0,147,349,28,'FF',4,0.00,'',0,0,0,'',1,'','','','',2,3),(1254,'3998107b3a3cc8ed1d3597734ca9cc00',0,0,147,350,33,'FF',7,0.00,'',0,0,0,'',1,'','5 Minute Average','','',2,4),(1255,'430ada13f8524122515db6deb5171ae9',0,0,147,350,0,'FF',9,0.00,'',0,0,0,'',4,'','Current:','','on',4,5),(1256,'823e37653ccb79e31dae58a35d83ccfb',0,0,147,351,43,'FF',7,0.00,'',0,0,0,'',1,'','15 Minute Average','','',2,6),(1257,'52bcae539af439eaab1c189a6ab9c714',0,0,147,351,0,'FF',9,0.00,'',0,0,0,'',4,'','Current:','','on',4,7),(1258,'3fb5e8a1cd378c138ca99e839febb11c',0,0,148,352,63,'FF',7,0.00,'',0,0,0,'',1,'','Read','','',2,1),(1259,'5f90b6c1809545e87cf1f5cc0fec9396',0,0,148,352,72,'FF',4,0.00,'',0,0,0,'',1,'','','','',2,2),(1260,'074e17995518feed1208b68d23c381d0',0,0,148,354,42,'FF',5,0.00,'',0,0,0,'',1,'','Deleted','','',2,3),(1261,'6a5a4b64d61de2930ee1bbb68f959488',0,0,148,355,94,'FF',5,0.00,'',0,0,0,'',1,'','Inserted','','',2,4),(1262,'13c1dc2cdeb179b91e7c2dc994cd4a71',0,0,148,353,8,'FF',4,0.00,'',0,0,0,'',1,'','Updated','','',2,5),(1263,'323cd68b33a06ed8b7f5bc49b94e8796',0,0,149,360,29,'FF',7,0.00,'',0,0,0,'',1,'','Database Pages','','',2,1),(1264,'04f24cb43183ec1ed7f83ac1bf4b1ed2',0,0,149,360,27,'FF',4,0.00,'',0,0,0,'',1,'','','','',2,2),(1265,'f603bfe46b9024c389829fcbeca16871',0,0,149,356,6,'FF',4,0.00,'',0,0,0,'',1,'','Free Pages','','',2,3),(1266,'42d34dd6432f4846a33cf0ae733672d4',0,0,149,358,67,'FF',4,0.00,'',0,0,0,'',1,'','Modified Pages','','',2,4),(1267,'ee29462f4430cda426f4ead152fe2c1e',0,0,149,359,45,'FF',4,0.00,'',0,0,0,'',1,'','Pool Size','','',2,5),(1268,'45234e43c4a1a288f0312b50fd578458',0,0,149,357,44,'FF',4,0.00,'',0,18,0,'',1,'','Miss Rate','','',2,6),(1269,'fd146f173397a8090deb25de657e49d3',0,0,150,361,30,'FF',7,0.00,'',0,0,0,'',1,'','OS Waits','','',2,1),(1270,'465b13cbf76e38c79fcd4918d83b025f',0,0,150,361,19,'FF',4,0.00,'',0,0,0,'',1,'','','','',2,2),(1271,'3b36366a3c2c02c1c8ebf4faac387b1d',0,0,150,363,67,'FF',5,0.00,'',0,0,0,'',1,'','Spin Rounds','','',2,3),(1272,'427c7716df2e4454d6eab3cb579487b1',0,0,150,362,17,'FF',4,0.00,'',0,0,0,'',1,'','Spin Waits','','',2,4),(1273,'63561bef0880a61e7887acd0e8bac714',0,0,151,366,97,'FF',7,0.00,'',0,0,0,'',1,'','Inserts','','',2,1),(1274,'303ffa8c0bd23067cc1ad5da6adac2fe',0,0,151,366,96,'FF',4,0.00,'',0,0,0,'',1,'','','','',2,2),(1275,'3c290e1b864a29535319b8dd051d8c6a',0,0,151,364,10,'FF',4,0.00,'',0,0,0,'',1,'','Merged','','',2,3),(1276,'491a23e985df4c57e95fa8491364c728',0,0,151,365,45,'FF',4,0.00,'',0,0,0,'',1,'','Merges','','',2,4),(1277,'e6db5df0cbf713c247be302075de6427',0,0,152,370,55,'FF',7,0.00,'',0,0,0,'',1,'','Reads','','',2,1),(1278,'44174b8a0709b69e00b5ad866fed382a',0,0,152,370,57,'FF',4,0.00,'',0,0,0,'',1,'','','','',2,2),(1279,'f33b2e419ff420594a4d176d5808b4fc',0,0,152,367,17,'FF',5,0.00,'',0,0,0,'',1,'','File Writes','','',2,3),(1280,'24d796004f462c68b72e38538528f319',0,0,152,368,42,'FF',5,0.00,'',0,0,0,'',1,'','Log Writes','','',2,4),(1281,'5b1e04b789f42f7e433465320582a685',0,0,152,369,10,'FF',4,0.00,'',0,0,0,'',1,'','Fsyncs','','',2,5),(1282,'8ea32ce6551e2e19a2a833b4cbd8fede',0,0,153,191,29,'FF',7,0.00,NULL,NULL,0,0,NULL,1,NULL,'Efficiency','','',5,1),(1283,'b72186578d8417067af422142663516f',0,0,153,191,0,'FF',9,0.00,NULL,NULL,0,0,NULL,4,NULL,'Cur:','','',5,2),(1284,'38c905f606966907a3351d0518609443',0,0,153,191,0,'FF',9,0.00,NULL,NULL,0,0,NULL,1,NULL,'Avg:','','',5,3),(1285,'c3a04436f7a1d85630ac7887431f8e9a',0,0,153,191,0,'FF',9,0.00,NULL,NULL,0,0,NULL,2,NULL,'Min','','',5,4),(1286,'b5f6f129965d8b41b276552a3e27829f',0,0,153,191,0,'FF',9,0.00,NULL,NULL,0,0,NULL,3,NULL,'Max:','','on',5,5),(1287,'f8dcf5ba73a7d28871675a0852a583b3',0,0,154,194,56,'FF',7,0.00,NULL,NULL,14,0,NULL,1,NULL,'Average:','','',2,1),(1288,'34f132d72a24e819719bf8f603aa779e',0,0,154,194,0,'FF',9,0.00,NULL,NULL,14,0,NULL,4,NULL,'Cur:','','',2,2),(1289,'772f67f0c63d5ca185484e9bb991e093',0,0,154,194,0,'FF',9,0.00,NULL,NULL,14,0,NULL,1,NULL,'Avg:','','',2,3),(1290,'0313caf2465f7b28da3633f6f6a267e6',0,0,154,194,0,'FF',9,0.00,NULL,NULL,14,0,NULL,2,NULL,'Min:','','',2,4),(1291,'2ebcba5631fa49efc50a77b63398fd17',0,0,154,194,0,'FF',9,0.00,NULL,NULL,14,0,NULL,3,NULL,'Max:','','on',2,5),(1292,'88e53cccea05704a817c9b583e40fa36',0,0,154,193,66,'FF',5,0.00,NULL,NULL,14,0,NULL,1,NULL,'Maximum','','',2,6),(1293,'8976099ddcf7dee42f1ab90f9c4d2554',0,0,154,193,0,'FF',9,0.00,NULL,NULL,14,0,NULL,4,NULL,'Cur:','','',2,7),(1294,'7ec78ab7808544528bc9a3707403e9fc',0,0,154,193,0,'FF',9,0.00,NULL,NULL,14,0,NULL,1,NULL,'Avg:','','',2,8),(1295,'6178eb85a651d7717c7c8bf68974d66f',0,0,154,193,0,'FF',9,0.00,NULL,NULL,14,0,NULL,2,NULL,'Min:','','',2,9),(1296,'616951f1f0e5a7b8bcc6773d5494300c',0,0,154,193,0,'FF',9,0.00,NULL,NULL,14,0,NULL,3,NULL,'Max:','','on',2,10),(1297,'b1da03e11346d37f45ca451a31ffd08f',0,0,155,197,1,'FF',7,0.00,NULL,NULL,0,0,NULL,1,NULL,'Pending','','',3,1),(1298,'92b206ee90094ca03f782d31a19a4c85',0,0,155,197,0,'FF',9,0.00,NULL,NULL,0,0,NULL,4,NULL,'Cur:','','',3,2),(1299,'948cfd690d49ae4cc6aa4526e92f8f7e',0,0,155,197,0,'FF',9,0.00,NULL,NULL,0,0,NULL,1,NULL,'Avg:','','',3,3),(1300,'2a2b541065c764a6b2b07e7cd2bc85fb',0,0,155,197,0,'FF',9,0.00,NULL,NULL,0,0,NULL,2,NULL,'Min','','',3,4),(1301,'120f65d0d07467bda5b5f5f1bbf16e08',0,0,155,197,0,'FF',9,0.00,NULL,NULL,0,0,NULL,3,NULL,'Max:','','on',3,5),(1302,'18f15a7439781a35fe6689db4b02aebf',0,0,156,198,90,'FF',7,0.00,NULL,NULL,0,0,NULL,1,NULL,'Running','','',3,1),(1303,'70b796e9f398c31fec5bf878d3779f43',0,0,156,198,0,'FF',9,0.00,NULL,NULL,0,0,NULL,4,NULL,'Cur:','','',3,2),(1304,'7d41ab0f60adfde9081a873e08afe362',0,0,156,198,0,'FF',9,0.00,NULL,NULL,0,0,NULL,1,NULL,'Avg:','','',3,3),(1305,'2245afa3388b689d739d0e71d91e8db9',0,0,156,198,0,'FF',9,0.00,NULL,NULL,0,0,NULL,2,NULL,'Min','','',3,4),(1306,'51f219c1b0d876c73514461c8e722144',0,0,156,198,0,'FF',9,0.00,NULL,NULL,0,0,NULL,3,NULL,'Max:','','on',3,5),(1307,'583c0d99fc78a76c667541428b1a7751',0,0,157,192,50,'FF',7,0.00,NULL,NULL,19,0,NULL,1,NULL,'Total CPU','','',3,1),(1308,'b3e3d8fc4227b1092c4cc9cc47625e81',0,0,157,192,0,'FF',9,0.00,NULL,NULL,19,0,NULL,4,NULL,'Cur:','','',3,2),(1309,'7cf1fa9c0e94ebb53552cf9161c23f86',0,0,157,192,0,'FF',9,0.00,NULL,NULL,19,0,NULL,1,NULL,'Avg:','','',3,3),(1310,'546b411384b12a9564533dad89a03400',0,0,157,192,0,'FF',9,0.00,NULL,NULL,19,0,NULL,2,NULL,'Min','','',3,4),(1311,'8bbfde25b233c7dbdbed7245d2efa865',0,0,157,192,0,'FF',9,0.00,NULL,NULL,19,0,NULL,3,NULL,'Max:','','on',3,5),(1312,'5776b54be9e0e8988eb0a9a9db791af5',0,0,158,195,16,'FF',7,0.00,NULL,NULL,14,0,NULL,1,NULL,'Average:','','',2,1),(1313,'d367f569ea3df9fbf520a34cbd776049',0,0,158,195,0,'FF',9,0.00,NULL,NULL,14,0,NULL,4,NULL,'Cur:','','',2,2),(1314,'7882f83e0d17d6721b98eaab6ac8391e',0,0,158,195,0,'FF',9,0.00,NULL,NULL,14,0,NULL,1,NULL,'Avg:','','',2,3),(1315,'f4ad213e8f938cb62bd5865bbbdb9659',0,0,158,195,0,'FF',9,0.00,NULL,NULL,14,0,NULL,2,NULL,'Min:','','',2,4),(1316,'8e86f0478b10a355618465e112398690',0,0,158,195,0,'FF',9,0.00,NULL,NULL,14,0,NULL,3,NULL,'Max:','','on',2,5),(1317,'98f4c3cc8d04d31965dcde865c652617',0,0,158,196,66,'FF',5,0.00,NULL,NULL,14,0,NULL,1,NULL,'Maximum','','',2,6),(1318,'19c6b04e48d46b565859f383183419f1',0,0,158,196,0,'FF',9,0.00,NULL,NULL,14,0,NULL,4,NULL,'Cur:','','',2,7),(1319,'a5a63389873944647cb57689be5a61cf',0,0,158,196,0,'FF',9,0.00,NULL,NULL,14,0,NULL,1,NULL,'Avg:','','',2,8),(1320,'a665feb33e31308af5a68c4395bce0bd',0,0,158,196,0,'FF',9,0.00,NULL,NULL,14,0,NULL,2,NULL,'Min:','','',2,9),(1321,'f05f7769841faeee6bf5926c049b6d69',0,0,158,196,0,'FF',9,0.00,NULL,NULL,14,0,NULL,3,NULL,'Max:','','on',2,10),(1322,'492ca1075ebf41abbe4e16771bc10bf2',0,0,159,199,1,'FF',7,0.00,NULL,NULL,0,0,NULL,1,NULL,'Pending','','',3,1),(1323,'9559b4446d1ecffc72f94d4513ee791f',0,0,159,199,0,'FF',9,0.00,NULL,NULL,0,0,NULL,4,NULL,'Cur:','','',3,2),(1324,'1ae614ea210fbad634a8fd1b2045bc41',0,0,159,199,0,'FF',9,0.00,NULL,NULL,0,0,NULL,1,NULL,'Avg:','','',3,3),(1325,'2c9295b0e40fa27a2e25808ad727dc2d',0,0,159,199,0,'FF',9,0.00,NULL,NULL,0,0,NULL,2,NULL,'Min','','',3,4),(1326,'423d628c25903c7e470757e9da21fc47',0,0,159,199,0,'FF',9,0.00,NULL,NULL,0,0,NULL,3,NULL,'Max:','','on',3,5),(1327,'bcbf5887d9b21c89583c42f5ecb5fc04',0,0,160,200,90,'FF',7,0.00,NULL,NULL,0,0,NULL,1,NULL,'Running','','',3,1),(1328,'ca9422bf2e51b53403a1d18f6ae35ab9',0,0,160,200,0,'FF',9,0.00,NULL,NULL,0,0,NULL,4,NULL,'Cur:','','',3,2),(1329,'620b02bffe9dbb14bac9c2ba4afa7c60',0,0,160,200,0,'FF',9,0.00,NULL,NULL,0,0,NULL,1,NULL,'Avg:','','',3,3),(1330,'7dec8f7e7bfc86ccbd4ba06185493f08',0,0,160,200,0,'FF',9,0.00,NULL,NULL,0,0,NULL,2,NULL,'Min','','',3,4),(1331,'1d10d9b93a49b093206f74fc769010f9',0,0,160,200,0,'FF',9,0.00,NULL,NULL,0,0,NULL,3,NULL,'Max:','','on',3,5),(1332,'273c61a125e9e4b5f9cb351b04e7d0e4',0,0,161,371,1,'4C',7,0.00,NULL,NULL,0,0,NULL,1,NULL,'Pending:','','',2,1),(1333,'f73d4d38e3df4b65a33e81e56192fc64',0,0,161,371,0,'FF',9,0.00,NULL,NULL,0,0,NULL,4,NULL,'Current:','','',3,2),(1334,'792e94f6fd9ca70b45fbfc6b16ff71b3',0,0,161,371,0,'FF',9,0.00,NULL,NULL,0,0,NULL,1,NULL,'Average:','','',3,3),(1335,'584f7b52798fc7b0386548d6a6bf3a4e',0,0,161,371,0,'FF',9,0.00,NULL,NULL,0,0,NULL,3,NULL,'Maximum:','','on',3,4),(1336,'41316670b1a36171de2bda91a0cc2364',0,0,162,372,98,'FF',7,0.00,NULL,NULL,0,0,NULL,1,NULL,'','','',2,1),(1337,'c9e8cbdca0215b434c902e68755903ea',0,0,162,372,0,'FF',9,0.00,NULL,NULL,0,0,NULL,4,NULL,'Current:','','',2,2),(1338,'dab91d7093e720841393feea5bdcba85',0,0,162,372,0,'FF',9,0.00,NULL,NULL,0,0,NULL,1,NULL,'Average:','','',2,3),(1339,'03e5bd2151fea3c90843eb1130b84458',0,0,162,372,0,'FF',9,0.00,NULL,NULL,0,0,NULL,3,NULL,'Maximum:','','on',2,4),(1340,'80e0aa956f50c261e5143273da58b8a3',0,0,163,373,25,'FF',7,0.00,NULL,NULL,0,0,NULL,1,NULL,'','','',2,1),(1341,'48fdcae893a7b7496e1a61efc3453599',0,0,163,373,0,'FF',9,0.00,NULL,NULL,0,0,NULL,4,NULL,'Current:','','',2,2),(1342,'22f43e5fa20f2716666ba9ed9a7d1727',0,0,163,373,0,'FF',9,0.00,NULL,NULL,0,0,NULL,1,NULL,'Average:','','',2,3),(1343,'3e86d497bcded7af7ab8408e4908e0d8',0,0,163,373,0,'FF',9,0.00,NULL,NULL,0,0,NULL,3,NULL,'Maximum:','','on',2,4),(1344,'eb183e67b3bab3fe2198cac7170a72fa',0,0,164,379,65,'99',7,0.00,NULL,NULL,0,0,NULL,1,NULL,'Accum Use:','','',2,1),(1345,'b5c6b5fc17ce6bfde80b0d76362c601e',0,0,164,379,0,'FF',9,0.00,NULL,NULL,0,0,NULL,4,NULL,'Cur:','','',3,2),(1346,'183086ae47f15ef890d904f23db46ccf',0,0,164,379,0,'FF',9,0.00,NULL,NULL,0,0,NULL,1,NULL,'Avg:','','',3,3),(1347,'a4ae2dc66805405077c752b51b2ff890',0,0,164,379,0,'FF',9,0.00,NULL,NULL,0,0,NULL,2,NULL,'Min:','','',3,4),(1348,'d97c2d5f79a8718b424e7b6a1372a714',0,0,164,379,0,'FF',9,0.00,NULL,NULL,0,0,NULL,3,NULL,'Max:','','on',3,5),(1349,'86ad24eb591ab7e4ce5203dd954b5548',0,0,164,380,25,'B2',7,0.00,NULL,NULL,0,0,NULL,1,NULL,'Scaled Accum:','','',2,6),(1350,'d2f6ee464f85e90e625437054fff3dae',0,0,164,380,0,'FF',9,0.00,NULL,NULL,0,0,NULL,4,NULL,'Cur:','','',3,7),(1351,'5b40155463ca1ddbdb98298d84427e6e',0,0,164,380,0,'FF',9,0.00,NULL,NULL,0,0,NULL,1,NULL,'Avg:','','',3,8),(1352,'38fa0b637001b6c5071c0ea5a517e4aa',0,0,164,380,0,'FF',9,0.00,NULL,NULL,0,0,NULL,2,NULL,'Min:','','',3,9),(1353,'737cbaf18d35b788d685d255b569e2f7',0,0,164,380,0,'FF',9,0.00,NULL,NULL,0,0,NULL,3,NULL,'Max:','','on',3,10),(1354,'84ee9c40737ad2fe6ce33ff3cf8abdf1',0,0,165,381,6,'CC',7,0.00,NULL,NULL,0,0,NULL,1,NULL,'In Use:','','',2,1),(1355,'a904390be5701031f0e5cc31b3f10af6',0,0,165,381,0,'FF',9,0.00,NULL,NULL,0,0,NULL,4,NULL,'Cur:','','',3,2),(1356,'8780be331f8cd54ce50e7a377871fba1',0,0,165,381,0,'FF',9,0.00,NULL,NULL,0,0,NULL,1,NULL,'Avg:','','',3,3),(1357,'b0c448f71cf5f72a6a9cb5fafa807022',0,0,165,381,0,'FF',9,0.00,NULL,NULL,0,0,NULL,2,NULL,'Min:','','',3,4),(1358,'59f41d5a5411e727da8787c2b99ff49b',0,0,165,381,0,'FF',9,0.00,NULL,NULL,0,0,NULL,3,NULL,'Max:','','on',3,5),(1359,'67b3241aaf609087a0652001da645b4f',0,0,165,382,25,'B2',8,0.00,NULL,NULL,0,0,NULL,1,NULL,'Reserved:','','',2,6),(1360,'5fe000107f1119d93ff37b95bfc4cc6c',0,0,165,382,0,'FF',9,0.00,NULL,NULL,0,0,NULL,4,NULL,'Cur:','','',3,7),(1361,'d3be0664c0345a645b99b110bb3c11a2',0,0,165,382,0,'FF',9,0.00,NULL,NULL,0,0,NULL,1,NULL,'Avg:','','',3,8),(1362,'ac194e54e320a9fdea6af6b97d01d2c5',0,0,165,382,0,'FF',9,0.00,NULL,NULL,0,0,NULL,2,NULL,'Min:','','',3,9),(1363,'abe83154b939eb8bfe0fc62e8f997d00',0,0,165,382,0,'FF',9,0.00,NULL,NULL,0,0,NULL,3,NULL,'Max:','','on',3,10),(1364,'e8b0cd1178bf16b86e9374bd55569fd1',0,0,165,383,48,'CC',8,0.00,NULL,NULL,0,0,NULL,1,NULL,'Need:','','',2,11),(1365,'9ca23827d203ad5d8290095732488b80',0,0,165,383,0,'FF',9,0.00,NULL,NULL,0,0,NULL,4,NULL,'Cur:','','',3,12),(1366,'7262a9633a8ca2ece354bc0101f1aa50',0,0,165,383,0,'FF',9,0.00,NULL,NULL,0,0,NULL,1,NULL,'Avg:','','',3,13),(1367,'2a735da14c0870111387ecd5f2cf7641',0,0,165,383,0,'FF',9,0.00,NULL,NULL,0,0,NULL,2,NULL,'Min:','','',3,14),(1368,'ea22fbd992062cb6d033127e8029dc80',0,0,165,383,0,'FF',9,0.00,NULL,NULL,0,0,NULL,3,NULL,'Max:','','on',3,15),(1369,'51dccf69624e9bfe39963c4faed7e9bd',0,0,165,384,1,'4C',8,0.00,NULL,NULL,0,0,NULL,1,NULL,'Free:','','',2,16),(1370,'83d14462e7bd3b11c558fab4428b35ed',0,0,165,384,0,'FF',9,0.00,NULL,NULL,0,0,NULL,4,NULL,'Cur:','','',3,17),(1371,'2baa595cad22e8730221ec6ceedd81b9',0,0,165,384,0,'FF',9,0.00,NULL,NULL,0,0,NULL,1,NULL,'Avg:','','',3,18),(1372,'b0306ee082e93da37ac972e6cf8d4058',0,0,165,384,0,'FF',9,0.00,NULL,NULL,0,0,NULL,2,NULL,'Min:','','',3,19),(1373,'b28d53993b86e3bbe81ef8043d388009',0,0,165,384,0,'FF',9,0.00,NULL,NULL,0,0,NULL,3,NULL,'Max:','','on',3,20),(1374,'24f0f5ce58c6bdcdf6e5a83187172833',0,0,166,390,92,'FF',7,0.00,NULL,NULL,0,0,NULL,1,NULL,'InUse:','','',2,1),(1375,'70a900cd8c65c0c18fa22a3e1ec3faa7',0,0,166,390,0,'FF',9,0.00,NULL,NULL,0,0,NULL,4,NULL,'Current:','','',3,2),(1376,'ef6c4f685f3732b2d3123f752253f9b7',0,0,166,390,0,'FF',9,0.00,NULL,NULL,0,0,NULL,1,NULL,'Average:','','',3,3),(1377,'969f81c360bfba46eaa4837602e1cd82',0,0,166,390,0,'FF',9,0.00,NULL,NULL,0,0,NULL,3,NULL,'Maximum:','','on',3,4),(1378,'e50dea3de9667060ececbdb694c21923',0,0,166,388,30,'FF',8,0.00,NULL,NULL,0,0,NULL,1,NULL,'Reserve:','','',2,5),(1379,'5a23fa7fec721920f01171fad5b4617b',0,0,166,388,0,'FF',9,0.00,NULL,NULL,0,0,NULL,4,NULL,'Current:','','',3,6),(1380,'36d439f7ada3ff54598b55a8ea437e27',0,0,166,388,0,'FF',9,0.00,NULL,NULL,0,0,NULL,1,NULL,'Average:','','',3,7),(1381,'86881cd2d7ded6fbf23cab3193e09f5d',0,0,166,388,0,'FF',9,0.00,NULL,NULL,0,0,NULL,3,NULL,'Maximum:','','on',3,8),(1382,'b6b68f00ae6171b6e9bed83f555638a8',0,0,166,387,44,'FF',8,0.00,NULL,NULL,0,0,NULL,1,NULL,'Others:','','',2,9),(1383,'136798ec10b139ab8859a309ac137792',0,0,166,387,0,'FF',9,0.00,NULL,NULL,0,0,NULL,4,NULL,'Current:','','',3,10),(1384,'55c629bf3bf386697a6a0a50df275527',0,0,166,387,0,'FF',9,0.00,NULL,NULL,0,0,NULL,1,NULL,'Average:','','',3,11),(1385,'99ddaaa036a6384c293abc47ac690a4c',0,0,166,387,0,'FF',9,0.00,NULL,NULL,0,0,NULL,3,NULL,'Maximum:','','on',3,12),(1386,'822a437c9f0f5a50e750fee9c9f89685',0,0,166,391,99,'FF',8,0.00,NULL,NULL,0,0,NULL,1,NULL,'Free:','','',3,13),(1387,'9fff458b0d52e4eb5cc859f0266f18d7',0,0,166,391,0,'FF',9,0.00,NULL,NULL,0,0,NULL,4,NULL,'Current:','','',3,14),(1388,'6f3534d428132180397cde334a0039f5',0,0,166,391,0,'FF',9,0.00,NULL,NULL,0,0,NULL,1,NULL,'Average:','','',3,15),(1389,'5f91065518ec1281437483c6204cc51d',0,0,166,391,0,'FF',9,0.00,NULL,NULL,0,0,NULL,3,NULL,'Maximum:','','on',3,16),(1390,'103b281c874a147aa7bbf4cbad1d81be',0,0,166,385,68,'FF',5,0.00,NULL,NULL,0,0,NULL,1,NULL,'Available:','','',2,17),(1391,'88211192732c7c12e721e7ebf9f376ce',0,0,166,385,0,'FF',9,0.00,NULL,NULL,0,0,NULL,4,NULL,'Current:','','',3,18),(1392,'0272fd0923399b77b44bc2650dc5de82',0,0,166,385,0,'FF',9,0.00,NULL,NULL,0,0,NULL,1,NULL,'Average:','','',3,19),(1393,'e92a86b727ce1dd45b4f341d356a9c66',0,0,166,385,0,'FF',9,0.00,NULL,NULL,0,0,NULL,3,NULL,'Maximum:','','on',3,20),(1394,'98d4280d3f570f557b667d1a9d85dc22',0,0,166,389,47,'FF',5,0.00,NULL,NULL,0,0,NULL,1,NULL,'Demand:','','',2,21),(1395,'72d345663464f3ed12388e528d1a3717',0,0,166,389,0,'FF',9,0.00,NULL,NULL,0,0,NULL,4,NULL,'Current:','','',3,22),(1396,'80baa0c479cae6881ccbead374ae1428',0,0,166,389,0,'FF',9,0.00,NULL,NULL,0,0,NULL,1,NULL,'Average:','','',3,23),(1397,'9298da24bf674258a39847bd0be18195',0,0,166,389,0,'FF',9,0.00,NULL,NULL,0,0,NULL,3,NULL,'Maximum:','','on',3,24),(1398,'10ed37be805ad0698abc83679d53c7e3',0,0,166,386,74,'FF',7,0.00,NULL,NULL,3,0,NULL,1,NULL,'Queued:','','',2,25),(1399,'de8953a16538b1dd12203eb9ce54dd5d',0,0,166,386,0,'FF',9,0.00,NULL,NULL,0,0,NULL,4,NULL,'Current:','','',3,26),(1400,'fad81d4619192febb10a1176a047954e',0,0,166,386,0,'FF',9,0.00,NULL,NULL,0,0,NULL,1,NULL,'Average:','','',3,27),(1401,'6f1576f4fd53e7d464774870c7a6c61a',0,0,166,386,0,'FF',9,0.00,NULL,NULL,0,0,NULL,3,NULL,'Maximum:','','on',3,28),(1402,'434970f69c28d3e05860a04a84c12506',0,0,167,395,1,'FF',4,0.00,NULL,NULL,0,0,NULL,1,NULL,'Total:','','',2,1),(1403,'d8e7b67a0189a3c3181fe3d6963ec4f2',0,0,167,395,0,'FF',9,0.00,NULL,NULL,0,0,NULL,4,NULL,'Current:','','',3,2),(1404,'1e0786da9ec5e0d35b94d9a76a258a4c',0,0,167,395,0,'FF',9,0.00,NULL,NULL,0,0,NULL,1,NULL,'Average:','','',3,3),(1405,'726da6f094d81db0c7ee8577e1fa65c3',0,0,167,395,0,'FF',9,0.00,NULL,NULL,0,0,NULL,3,NULL,'Maximum:','','on',3,4),(1406,'32518551e3cc9e61b592db9fe21005b0',0,0,167,394,92,'FF',7,0.00,NULL,NULL,0,0,NULL,1,NULL,'LSF Use:','','',2,5),(1407,'ba28fa5348c336885b9223886f3c353f',0,0,167,394,0,'FF',9,0.00,NULL,NULL,0,0,NULL,4,NULL,'Current:','','',3,6),(1408,'25448639eedd7bfa14c5a5fde2343381',0,0,167,394,0,'FF',9,0.00,NULL,NULL,0,0,NULL,1,NULL,'Average:','','',3,7),(1409,'6e696d26d4ba227d525deff4b5833273',0,0,167,394,0,'FF',9,0.00,NULL,NULL,0,0,NULL,3,NULL,'Maximum:','','on',3,8),(1410,'50fca402fc19738ea0b159c74eadb1f4',0,0,167,393,33,'FF',4,0.00,NULL,NULL,0,0,NULL,1,NULL,'LSF Free:','','',2,9),(1411,'8c7d3d98225c7581cba9813a49142d32',0,0,167,393,0,'FF',9,0.00,NULL,NULL,0,0,NULL,4,NULL,'Current:','','',3,10),(1412,'6715cd04870a1ced5fc9817a4d835c5e',0,0,167,393,0,'FF',9,0.00,NULL,NULL,0,0,NULL,1,NULL,'Average:','','',3,11),(1413,'a5d2b91c0694c1228d4265e8a2fbc71a',0,0,167,393,0,'FF',9,0.00,NULL,NULL,0,0,NULL,3,NULL,'Maximum:','','on',3,12),(1414,'fc83326df25939b4a69762d0a1c87bf2',0,0,167,392,58,'FF',4,0.00,NULL,NULL,0,0,NULL,1,NULL,'Non LSF:','','',2,13),(1415,'0862256e97762c0fbf5495d44adfb340',0,0,167,392,0,'FF',9,0.00,NULL,NULL,0,0,NULL,4,NULL,'Current:','','',3,14),(1416,'60d784c19d355ac1c26e1baaa6b040f1',0,0,167,392,0,'FF',9,0.00,NULL,NULL,0,0,NULL,1,NULL,'Average:','','',3,15),(1417,'64fe1b868ab9d8d8bae21a453d6af6b0',0,0,167,392,0,'FF',9,0.00,NULL,NULL,0,0,NULL,3,NULL,'Maximum:','','on',3,16),(1418,'1a60a795f59263905efc65763abbb14f',0,0,168,399,22,'4C',7,0.00,NULL,NULL,0,0,NULL,1,NULL,'InUse:','','',2,1),(1419,'e07d6e90ec02e1a1f6335f42d37b7c07',0,0,168,399,0,'FF',9,0.00,NULL,NULL,0,0,NULL,4,NULL,'Current:','','',3,2),(1420,'4711aa16a847594232b1dcf2db055d82',0,0,168,399,0,'FF',9,0.00,NULL,NULL,0,0,NULL,1,NULL,'Average:','','',3,3),(1421,'f3466f6b50306e44c0e32ac9e643b7f2',0,0,168,399,0,'FF',9,0.00,NULL,NULL,0,0,NULL,3,NULL,'Maximum:','','on',3,4),(1422,'e76e88d33f9da5fc94917c6817e64097',0,0,168,398,31,'B2',8,0.00,NULL,NULL,0,0,NULL,1,NULL,'Reserve:','','',2,5),(1423,'8db78cc469e55620561bd7a80caf6bcb',0,0,168,398,0,'FF',9,0.00,NULL,NULL,0,0,NULL,4,NULL,'Current:','','',3,6),(1424,'18c8e9c683afe9ebdbd8118781b197dc',0,0,168,398,0,'FF',9,0.00,NULL,NULL,0,0,NULL,1,NULL,'Average:','','',3,7),(1425,'f81b6a854e7803b44c3294abe51da6c0',0,0,168,398,0,'FF',9,0.00,NULL,NULL,0,0,NULL,3,NULL,'Maximum:','','on',3,8),(1426,'e34a41a80b36a24b140be3934312d708',0,0,168,396,44,'99',8,0.00,NULL,NULL,0,0,NULL,1,NULL,'Others:','','',2,9),(1427,'49657cd960e87ecbfde71335b01995d3',0,0,168,396,0,'FF',9,0.00,NULL,NULL,0,0,NULL,4,NULL,'Current:','','',3,10),(1428,'86fcfa76645e8f920903c6d6a3985451',0,0,168,396,0,'FF',9,0.00,NULL,NULL,0,0,NULL,1,NULL,'Average:','','',3,11),(1429,'79b8a7795dd374ec045db89357ce5523',0,0,168,396,0,'FF',9,0.00,NULL,NULL,0,0,NULL,3,NULL,'Maximum:','','on',3,12),(1430,'af3a228bd4028824cc71a6f7d4657914',0,0,168,397,1,'4C',8,0.00,NULL,NULL,0,0,NULL,1,NULL,'Free:','','',2,13),(1431,'ffb326bc9f8fa05f022b120223637d3f',0,0,168,397,0,'FF',9,0.00,NULL,NULL,0,0,NULL,4,NULL,'Current:','','',3,14),(1432,'9a44c2b4808071571ad41c5e6929b2d5',0,0,168,397,0,'FF',9,0.00,NULL,NULL,0,0,NULL,1,NULL,'Average:','','',3,15),(1433,'8e4c00344470bffef0f5a42aa8caef7d',0,0,168,397,0,'FF',9,0.00,NULL,NULL,0,0,NULL,3,NULL,'Maximum:','','on',3,16),(1434,'34d61845d4300e4a518722e8d8e55a67',0,0,168,400,10,'7F',8,0.00,NULL,NULL,0,0,NULL,1,NULL,'Queued:','','',2,17),(1435,'f2a0add166ff39147d9781aa66b01bf4',0,0,168,400,0,'FF',9,0.00,NULL,NULL,0,0,NULL,4,NULL,'Current:','','',3,18),(1436,'e5c8bcccc67054c80c84c0d17e2059d1',0,0,168,400,0,'FF',9,0.00,NULL,NULL,0,0,NULL,1,NULL,'Average:','','',3,19),(1437,'9fbbab8ca15acccb0b8a224508e915b7',0,0,168,400,0,'FF',9,0.00,NULL,NULL,0,0,NULL,3,NULL,'Maximum:','','on',3,20),(1438,'63da1f9f711c24b0ae999da789ee782a',0,0,169,404,1,'FF',5,0.00,NULL,NULL,0,0,NULL,1,NULL,'Own:','','',2,1),(1439,'16cede515c548c0546c9068b0eabcfa1',0,0,169,404,0,'FF',9,0.00,NULL,NULL,0,0,NULL,4,NULL,'Current:','','',3,2),(1440,'9b1b3c6cd67885d97e9bb8f5901ca1c2',0,0,169,404,0,'FF',9,0.00,NULL,NULL,0,0,NULL,1,NULL,'Average:','','',3,3),(1441,'a5fa2792f80483775df4e72142043805',0,0,169,404,0,'FF',9,0.00,NULL,NULL,0,0,NULL,3,NULL,'Maximum:','','on',3,4),(1442,'a68e907402a820954f2716ca8e5aadd0',0,0,169,403,92,'FF',7,0.00,NULL,NULL,0,0,NULL,1,NULL,'InUse:','','',2,5),(1443,'00c11efaa003d79259ca2b8075cf64a1',0,0,169,403,0,'FF',9,0.00,NULL,NULL,0,0,NULL,4,NULL,'Current:','','',3,6),(1444,'18ba298e39ba2604504965ce2b3ca03d',0,0,169,403,0,'FF',9,0.00,NULL,NULL,0,0,NULL,1,NULL,'Average:','','',3,7),(1445,'23e7fd6fc5c7c99dcee366b44c1c601d',0,0,169,403,0,'FF',9,0.00,NULL,NULL,0,0,NULL,3,NULL,'Maximum:','','on',3,8),(1446,'50e7809c96139140da83eeceef7bef9c',0,0,169,402,30,'FF',5,0.00,NULL,NULL,0,0,NULL,1,NULL,'Reserve:','','',2,9),(1447,'bad428fcf338f2e383034e7e7d5ef8f5',0,0,169,402,0,'FF',9,0.00,NULL,NULL,0,0,NULL,4,NULL,'Current:','','',3,10),(1448,'bb2dbb56650e6f38362360be2dff3faf',0,0,169,402,0,'FF',9,0.00,NULL,NULL,0,0,NULL,1,NULL,'Average:','','',3,11),(1449,'a2795f280863c98ecad4807a003104c3',0,0,169,402,0,'FF',9,0.00,NULL,NULL,0,0,NULL,3,NULL,'Maximum:','','on',3,12),(1450,'23a81bf909d10a2547226f99fbd52285',0,0,169,401,13,'FF',5,0.00,NULL,NULL,0,0,NULL,1,NULL,'Free:','','',2,13),(1451,'4cf39034d47f81e553fb46217712d493',0,0,169,401,0,'FF',9,0.00,NULL,NULL,0,0,NULL,4,NULL,'Current:','','',3,14),(1452,'16aa66ff53265b1b3e4b82e6521d8048',0,0,169,401,0,'FF',9,0.00,NULL,NULL,0,0,NULL,1,NULL,'Average:','','',3,15),(1453,'dcab21e29fbf621f6d3d12a9ef5fbfca',0,0,169,401,0,'FF',9,0.00,NULL,NULL,0,0,NULL,3,NULL,'Maximum:','','on',3,16),(1454,'55c7c0784e77b44f15c8b83ecaf60b2d',0,0,170,405,59,'FF',7,0.00,NULL,NULL,0,0,NULL,1,NULL,'Demand:','','',2,1),(1455,'8baac14bd9e315cc7bffaa96f0f87d17',0,0,170,405,0,'FF',9,0.00,NULL,NULL,0,0,NULL,4,NULL,'Current:','','',3,2),(1456,'62379b2f8c4cf749303b2b2f78d981b5',0,0,170,405,0,'FF',9,0.00,NULL,NULL,0,0,NULL,1,NULL,'Average:','','',3,3),(1457,'c1f3377df2d214625b05f3c74df65253',0,0,170,405,0,'FF',9,0.00,NULL,NULL,0,0,NULL,3,NULL,'Maximum:','','on',3,4),(1458,'c07321a82a16656c9e93146a90d8fc15',0,0,171,406,22,'FF',7,0.00,NULL,NULL,0,0,NULL,1,NULL,'Share:','','',2,1),(1459,'2a34704eb8a09387c3403a3c97715ae1',0,0,171,406,0,'FF',9,0.00,NULL,NULL,0,0,NULL,4,NULL,'Current:','','',3,2),(1460,'8418b78e68c4f8833fc2e9c894ad2242',0,0,171,406,0,'FF',9,0.00,NULL,NULL,0,0,NULL,1,NULL,'Average:','','',3,3),(1461,'74d55ccf69d97f454cf169e0c64efebe',0,0,171,406,0,'FF',9,0.00,NULL,NULL,0,0,NULL,3,NULL,'Maximum:','','on',3,4),(1462,'a8d7e606f1cc0112e272bacc63485bcf',0,0,172,407,1,'FF',5,0.00,NULL,NULL,0,0,NULL,1,NULL,'Sum Total:','','',2,1),(1463,'9f86a1dbc49c592c72492e286a91e0bd',0,0,172,407,0,'FF',9,0.00,NULL,NULL,0,0,NULL,4,NULL,'Current:','','',3,2),(1464,'866fd043c16d515da08ad65391a5cfa7',0,0,172,407,0,'FF',9,0.00,NULL,NULL,0,0,NULL,1,NULL,'Average:','','',3,3),(1465,'aa1806a8f9e250441dde39f75a521e16',0,0,172,407,0,'FF',9,0.00,NULL,NULL,0,0,NULL,3,NULL,'Maximum:','','on',3,4),(1466,'a15eb0e4964ed07c21f28c71480edb4e',0,0,172,408,66,'FF',5,0.00,NULL,NULL,0,0,NULL,1,NULL,'Sum Used:','','',2,5),(1467,'0a823b06ed77bfba88d43ed7ae14d9c6',0,0,172,408,0,'FF',9,0.00,NULL,NULL,0,0,NULL,4,NULL,'Current:','','',3,6),(1468,'a00ebc5add1adde3a8bb0d4331716312',0,0,172,408,0,'FF',9,0.00,NULL,NULL,0,0,NULL,1,NULL,'Average:','','',3,7),(1469,'f1bbc6c4746c994a68d26703bd3bacd5',0,0,172,408,0,'FF',9,0.00,NULL,NULL,0,0,NULL,3,NULL,'Maximum:','','on',3,8),(1470,'663257161b40002f8aef45c68b18e343',0,0,172,409,30,'FF',5,0.00,NULL,NULL,0,0,NULL,1,NULL,'Sum Queued:','','',2,9),(1471,'0aaa111fdcf3b4d0f35d61fd3837d275',0,0,172,409,0,'FF',9,0.00,NULL,NULL,0,0,NULL,4,NULL,'Current:','','',3,10),(1472,'0d7c2e48349aa896d6d1e371b7988542',0,0,172,409,0,'FF',9,0.00,NULL,NULL,0,0,NULL,1,NULL,'Average:','','',3,11),(1473,'414142370bdd5a04c35f7d53457c209c',0,0,172,409,0,'FF',9,0.00,NULL,NULL,0,0,NULL,3,NULL,'Maximum:','','on',3,12),(1474,'2c1251aa76316fc4af25fe2d0959f199',0,0,172,412,0,'FF',1,0.00,NULL,NULL,0,0,NULL,1,NULL,'---------------------------------------------------------------------','','on',2,13),(1475,'46c10f1263cbae6342d0910f36bd3a0f',0,0,172,410,22,'FF',5,0.00,NULL,NULL,0,0,NULL,1,NULL,'Quota:','','',2,14),(1476,'f767a8e7a6a9dd619f5b3d65adf5f87c',0,0,172,410,0,'FF',9,0.00,NULL,NULL,0,0,NULL,4,NULL,'Current:','','',3,15),(1477,'a035ce06a731b449ff83b0377d8572e6',0,0,172,410,0,'FF',9,0.00,NULL,NULL,0,0,NULL,1,NULL,'Average:','','',3,16),(1478,'a00c768e7fc7ef0489b18892ad2de819',0,0,172,410,0,'FF',9,0.00,NULL,NULL,0,0,NULL,3,NULL,'Maximum:','','on',3,17),(1479,'560c257b26a8dd3690e7fc31eedb6e0b',0,0,172,411,48,'FF',5,0.00,NULL,NULL,0,0,NULL,1,NULL,'Used:','','',2,18),(1480,'b062a7250a383348cdab26b0e0bf1c67',0,0,172,411,0,'FF',9,0.00,NULL,NULL,0,0,NULL,4,NULL,'Current:','','',3,19),(1481,'3e525a375a238c049741b4d3571f455e',0,0,172,411,0,'FF',9,0.00,NULL,NULL,0,0,NULL,1,NULL,'Average:','','',3,20),(1482,'a3095efa7cf32a3e814ccd114fd97fbf',0,0,172,411,0,'FF',9,0.00,NULL,NULL,0,0,NULL,3,NULL,'Maximum:','','on',3,21),(1483,'f3eba1270d8954e62eae29a9117a0c98',0,0,172,412,58,'FF',5,0.00,NULL,NULL,0,0,NULL,1,NULL,'Used+Demand:','','',2,22),(1484,'833130f1357514303e13d0c061e025e9',0,0,172,412,0,'FF',9,0.00,NULL,NULL,0,0,NULL,4,NULL,'Current:','','',3,23),(1485,'41cfdfd16b051054af16d7135075bfb1',0,0,172,412,0,'FF',9,0.00,NULL,NULL,0,0,NULL,1,NULL,'Average:','','',3,24),(1486,'b5ea04efd584c7a6b463df561472e2e3',0,0,172,412,0,'FF',9,0.00,NULL,NULL,0,0,NULL,3,NULL,'Maximum:','','on',3,25),(1487,'791a29255b6f92198be23fec7bced315',0,0,173,413,6,'CC',7,0.00,NULL,NULL,0,0,NULL,1,NULL,'In Use:','','',2,1),(1488,'bd1d18ef3f5253af3de0ca9774b1768b',0,0,173,413,0,'FF',9,0.00,NULL,NULL,0,0,NULL,4,NULL,'Current:','','',3,2),(1489,'3c2938951306f9f2279f1f83e226e833',0,0,173,413,0,'FF',9,0.00,NULL,NULL,0,0,NULL,1,NULL,'Average:','','',3,3),(1490,'e33d402ba9864e01ad64d6b5931e36c8',0,0,173,413,0,'FF',9,0.00,NULL,NULL,0,0,NULL,3,NULL,'Maximum:','','on',3,4),(1491,'8c4c44c41a7fa5e767ac2ff502d2d8e1',0,0,173,414,25,'B2',8,0.00,NULL,NULL,0,0,NULL,1,NULL,'Reserved:','','',2,5),(1492,'8f3cfbf3d39be04563cbdb9d2ce928d9',0,0,173,414,0,'FF',9,0.00,NULL,NULL,0,0,NULL,4,NULL,'Current:','','',3,6),(1493,'240a94ae112d9d2ac3e25102ebf801c4',0,0,173,414,0,'FF',9,0.00,NULL,NULL,0,0,NULL,1,NULL,'Average:','','',3,7),(1494,'efe6b889009bce92c51c6948d0a3318e',0,0,173,414,0,'FF',9,0.00,NULL,NULL,0,0,NULL,3,NULL,'Maximum:','','on',3,8),(1495,'9b32c7efdb840bc64aff27b4184e5ad6',0,0,173,415,48,'CC',8,0.00,NULL,NULL,0,0,NULL,1,NULL,'Demand:','','',2,9),(1496,'63110a1b5868a1f3a5fece152f6fc480',0,0,173,415,0,'FF',9,0.00,NULL,NULL,0,0,NULL,4,NULL,'Current:','','',3,10),(1497,'54d7977613fd383b63f423101e9fc6fa',0,0,173,415,0,'FF',9,0.00,NULL,NULL,0,0,NULL,1,NULL,'Average:','','',3,11),(1498,'6ee59a39bac6ee5aeb06339b1077a210',0,0,173,415,0,'FF',9,0.00,NULL,NULL,0,0,NULL,3,NULL,'Maximum:','','on',3,12),(1499,'75506c1b90e3639ee4f84b3202c3a2f7',0,0,173,416,1,'4C',8,0.00,NULL,NULL,0,0,NULL,1,NULL,'Free:','','',2,13),(1500,'47c221bfc226d7bdf8300187b7e05121',0,0,173,416,0,'FF',9,0.00,NULL,NULL,0,0,NULL,4,NULL,'Current:','','',3,14),(1501,'c08fc2bc5103ed6cdcc8f0e97f8b054c',0,0,173,416,0,'FF',9,0.00,NULL,NULL,0,0,NULL,1,NULL,'Average:','','',3,15),(1502,'d1cfa21a716bac55667185579a479742',0,0,173,416,0,'FF',9,0.00,NULL,NULL,0,0,NULL,3,NULL,'Maximum:','','on',3,16),(1503,'c168430092c96b90e2160a63b9734d33',0,0,174,418,35,'FF',7,0.00,NULL,NULL,0,0,NULL,1,NULL,'In Use:','','',2,1),(1504,'72736ac43f1f337ae37df4aa5c37e891',0,0,174,418,0,'FF',9,0.00,NULL,NULL,0,0,NULL,4,NULL,'Current:','','',3,2),(1505,'a8f4f79c0a908b1d6c8fa606215f750e',0,0,174,418,0,'FF',9,0.00,NULL,NULL,0,0,NULL,1,NULL,'Average:','','',3,3),(1506,'a94579d4888146d8eb84d27acbfb02bd',0,0,174,418,0,'FF',9,0.00,NULL,NULL,0,0,NULL,3,NULL,'Maximum:','','on',3,4),(1507,'856735de6eb6c76c80b465bd2b3a68ec',0,0,174,419,15,'FF',8,0.00,NULL,NULL,0,0,NULL,1,NULL,'Reserve:','','',2,5),(1508,'a05289e76a0f7832d6209ab8c71b970d',0,0,174,419,0,'FF',9,0.00,NULL,NULL,0,0,NULL,4,NULL,'Current:','','',3,6),(1509,'38f550e3f6dce973692cd74a30354026',0,0,174,419,0,'FF',9,0.00,NULL,NULL,0,0,NULL,1,NULL,'Average:','','',3,7),(1510,'20c82596077e82f935d8ad365ed55312',0,0,174,419,0,'FF',9,0.00,NULL,NULL,0,0,NULL,3,NULL,'Maximum:','','on',3,8),(1511,'ea473b3d5fa795c91408c56d8603ca1d',0,0,174,420,442,'FF',8,0.00,NULL,NULL,0,0,NULL,1,NULL,'Over:','','',2,9),(1512,'bb832b8b80b7a4cf69a8a007b54b488d',0,0,174,420,0,'FF',9,0.00,NULL,NULL,0,0,NULL,4,NULL,'Current:','','',3,10),(1513,'7c535aad5123874fbe8672dc107faada',0,0,174,420,0,'FF',9,0.00,NULL,NULL,0,0,NULL,1,NULL,'Average:','','',3,11),(1514,'a888dea55ab91b6f47a36fd90cc5e10b',0,0,174,420,0,'FF',9,0.00,NULL,NULL,0,0,NULL,3,NULL,'Maximum:','','on',3,12),(1515,'9a074d383568297a0c38d0b75b28031d',0,0,174,421,92,'FF',8,0.00,NULL,NULL,0,0,NULL,1,NULL,'Free:','','',2,13),(1516,'e52c8bc9dc483d97ea8cd4a395e5765a',0,0,174,421,0,'FF',9,0.00,NULL,NULL,0,0,NULL,4,NULL,'Current:','','',3,14),(1517,'7d196c55ae043334d4ae6dfcc8c0050b',0,0,174,421,0,'FF',9,0.00,NULL,NULL,0,0,NULL,1,NULL,'Average:','','',3,15),(1518,'971b2e3512f76f1c1b2ead9e1f28db2e',0,0,174,421,0,'FF',9,0.00,NULL,NULL,0,0,NULL,3,NULL,'Maximum:','','on',3,16),(1519,'c6ef2076cf23d80e0501fd45620904e3',0,0,174,422,443,'FF',5,0.00,NULL,NULL,0,0,NULL,1,NULL,'Peak','','',2,17),(1520,'90e10a9c9e8a58752900e6bb1456db50',0,0,174,422,0,'FF',9,0.00,NULL,NULL,0,0,NULL,4,NULL,'Current:','','',3,18),(1521,'00d07e339feaf2f69c51db1f2bc09ab3',0,0,174,422,0,'FF',9,0.00,NULL,NULL,0,0,NULL,1,NULL,'Average:','','',3,19),(1522,'73797e53cff9509864fa017cf71b9997',0,0,174,422,0,'FF',9,0.00,NULL,NULL,0,0,NULL,3,NULL,'Maximum:','','on',3,20),(1523,'cd9bd99cc560287a9cbe1317c49340bd',0,0,174,417,444,'FF',5,0.00,NULL,NULL,0,0,NULL,1,NULL,'Alloc:','','',2,21),(1524,'3695f4dfcf1905f184f527e60f84d2e1',0,0,174,417,0,'FF',9,0.00,NULL,NULL,0,0,NULL,4,NULL,'Current:','','',3,22),(1525,'b5a4cbd6eaf6984da00a46e9909cc6f9',0,0,174,417,0,'FF',9,0.00,NULL,NULL,0,0,NULL,1,NULL,'Average:','','',3,23),(1526,'d0df2b3ebaf34e9834f2b87e1fa8f10f',0,0,174,417,0,'FF',9,0.00,NULL,NULL,0,0,NULL,3,NULL,'Maximum:','','on',3,24),(1527,'2237f6e724041b79033cdf79b6479d62',0,0,174,423,10,'FF',5,0.00,NULL,NULL,0,0,NULL,1,NULL,'Share:','','',2,25),(1528,'d054e1fb75013bcfdd1d0be2182f424c',0,0,174,423,0,'FF',9,0.00,NULL,NULL,0,0,NULL,4,NULL,'Current:','','',3,26),(1529,'bd18aa670b1fbad300d40943e4bd741e',0,0,174,423,0,'FF',9,0.00,NULL,NULL,0,0,NULL,1,NULL,'Average:','','',3,27),(1530,'df5677c40877fde23ee5da140f3da2df',0,0,174,423,0,'FF',9,0.00,NULL,NULL,0,0,NULL,3,NULL,'Maximum:','','on',3,28),(1531,'229bd1a53d9fb0d4b8c4c5f358349e96',0,0,175,426,48,'99',7,0.00,NULL,NULL,0,0,NULL,1,NULL,'Demand:','','',2,1),(1532,'64a1092f99f68e5adf1a2b56899d9a57',0,0,175,426,0,'FF',9,0.00,NULL,NULL,0,0,NULL,4,NULL,'Current:','','',3,2),(1533,'8374f0a738d7b8fc253a3df99abbc49f',0,0,175,426,0,'FF',9,0.00,NULL,NULL,0,0,NULL,1,NULL,'Average:','','',3,3),(1534,'cffe6062d6548c2a95536628488faa66',0,0,175,426,0,'FF',9,0.00,NULL,NULL,0,0,NULL,3,NULL,'Maximum:','','on',3,4),(1535,'556ac4b42c504b23bfd540710bcc584d',0,0,175,424,73,'7F',7,0.00,NULL,NULL,0,0,NULL,1,NULL,'Alloc:','','',2,5),(1536,'ff8e6ca1e03fb7759ff8be58d9b1e66d',0,0,175,424,0,'FF',9,0.00,NULL,NULL,0,0,NULL,4,NULL,'Current:','','',3,6),(1537,'e4ebf070908fb97557e63526151aca7c',0,0,175,424,0,'FF',9,0.00,NULL,NULL,0,0,NULL,1,NULL,'Average:','','',3,7),(1538,'45cb0e6ea0b75bcf1acd05cd453e2bad',0,0,175,424,0,'FF',9,0.00,NULL,NULL,0,0,NULL,3,NULL,'Maximum:','','on',3,8),(1539,'cdb8915bf299a425e79e3bfebff96dee',0,0,175,425,35,'FF',5,0.00,NULL,NULL,0,0,NULL,1,NULL,'Share:','','',2,9),(1540,'41e15863e4fd7bb064d30152109ac44d',0,0,175,425,0,'FF',9,0.00,NULL,NULL,0,0,NULL,4,NULL,'Current:','','',3,10),(1541,'93c3a5c7dc8d65cd47bcdeb28965235e',0,0,175,425,0,'FF',9,0.00,NULL,NULL,0,0,NULL,1,NULL,'Average:','','',3,11),(1542,'4db2b243d5bac8616330d7f87b3dfbff',0,0,175,425,0,'FF',9,0.00,NULL,NULL,0,0,NULL,3,NULL,'Maximum:','','on',3,12),(1543,'cb5ee0d82f43aafae6631720d7dcf19a',0,0,176,427,31,'FF',7,0.00,NULL,NULL,0,0,NULL,1,NULL,'Size:','','',2,1),(1544,'d3905a230600197afd669c080ac64ac9',0,0,176,427,0,'FF',9,0.00,NULL,NULL,0,0,NULL,4,NULL,'Current:','','',2,2),(1545,'518537833d806592cbfa015496ad57e9',0,0,176,427,0,'FF',9,0.00,NULL,NULL,0,0,NULL,1,NULL,'Average:','','',2,3),(1546,'ca673ead93075ee25e0122e1d97a5da8',0,0,176,427,0,'FF',9,0.00,NULL,NULL,0,0,NULL,3,NULL,'Maximum:','','on',2,4),(1547,'6a8b27081f79071c78782459b7f70822',0,0,176,427,61,'FF',4,0.00,NULL,NULL,0,0,NULL,3,NULL,'Max:','','',2,5),(1548,'04e210d947f680d591ca84d82eef0ce8',0,0,177,428,37,'FF',7,0.00,NULL,NULL,0,0,NULL,1,NULL,'Files:','','',2,1),(1549,'60d0c53cd02a316aab65619ff8f96429',0,0,177,428,0,'FF',9,0.00,NULL,NULL,0,0,NULL,4,NULL,'Current:','','',3,2),(1550,'264a4ff1e43bb9b61c78656d72c7f42b',0,0,177,428,0,'FF',9,0.00,NULL,NULL,0,0,NULL,1,NULL,'Average:','','',3,3),(1551,'c2cf249cbd9b8fe8e5d5494fd5bc05f0',0,0,177,428,0,'FF',9,0.00,NULL,NULL,0,0,NULL,3,NULL,'Maximum:','','on',3,4),(1552,'ce8ae24df11cbe1435b6d707df6accb5',0,0,177,428,65,'FF',4,0.00,NULL,NULL,0,0,NULL,3,NULL,'Max:','','',2,5),(1553,'4cc85e70239b4f3e683a6e262e50b427',0,0,178,429,33,'FF',7,0.00,NULL,NULL,0,0,NULL,1,NULL,'Size:','','',2,1),(1554,'b6bf3324738ac54c8530c1c976d5aa72',0,0,178,429,0,'FF',9,0.00,NULL,NULL,0,0,NULL,4,NULL,'Current:','','',2,2),(1555,'9ca7819250edf36518b78b205c1e5ca9',0,0,178,429,0,'FF',9,0.00,NULL,NULL,0,0,NULL,1,NULL,'Average:','','',2,3),(1556,'2801042903b5c74b77aa21c3336b0c56',0,0,178,429,0,'FF',9,0.00,NULL,NULL,0,0,NULL,3,NULL,'Maximum:','','on',2,4),(1557,'dc58deef7cc7920cc4ac82cd70e7bd6c',0,0,178,429,57,'FF',4,0.00,NULL,NULL,0,0,NULL,3,NULL,'Max:','','',2,5),(1558,'60ab46fdbb95990f7c1a6fe5405ca61f',0,0,179,431,102,'FF',5,0.00,NULL,NULL,0,0,NULL,1,NULL,'Dirs:','','',2,1),(1559,'107c23811d449d70df3bcac27936eebf',0,0,179,431,0,'FF',9,0.00,NULL,NULL,0,0,NULL,4,NULL,'Current:','','',3,2),(1560,'050c836bc2ad2b9433a2b666618a6ff1',0,0,179,431,0,'FF',9,0.00,NULL,NULL,0,0,NULL,1,NULL,'Average:','','',3,3),(1561,'21fe6f79f513fc998cded38a59db0aa9',0,0,179,431,0,'FF',9,0.00,NULL,NULL,0,0,NULL,3,NULL,'Maximum:','','on',3,4),(1562,'01f4a549a7bc552017ee0405e775c3c6',0,0,179,430,13,'FF',5,0.00,NULL,NULL,0,0,NULL,1,NULL,'Files:','','',2,5),(1563,'f9241e93c644b0a14d8f7fa30b759d46',0,0,179,430,0,'FF',9,0.00,NULL,NULL,0,0,NULL,4,NULL,'Current:','','',3,6),(1564,'e6b7342c74ec61c2de696f1d3b5ae914',0,0,179,430,0,'FF',9,0.00,NULL,NULL,0,0,NULL,1,NULL,'Average:','','',3,7),(1565,'15a54cb5fe7134d19f3ff541ee342cf4',0,0,179,430,0,'FF',9,0.00,NULL,NULL,0,0,NULL,3,NULL,'Maximum:','','on',3,8),(1566,'3899380528a647719e8872cf1c61804d',0,0,180,433,102,'FF',5,0.00,NULL,NULL,0,0,NULL,1,NULL,'Dirs:','','',2,1),(1567,'a1aba20dfd1d148b778deaf5612060a1',0,0,180,433,0,'FF',9,0.00,NULL,NULL,0,0,NULL,4,NULL,'Current:','','',3,2),(1568,'d3dd00a3918cae327e641adc7de4b580',0,0,180,433,0,'FF',9,0.00,NULL,NULL,0,0,NULL,1,NULL,'Average:','','',3,3),(1569,'39c09389bea3f34c93e242acfefc03b9',0,0,180,433,0,'FF',9,0.00,NULL,NULL,0,0,NULL,3,NULL,'Maximum:','','on',3,4),(1570,'b43cbe69aa6d7f2434b372c8cefe0c0d',0,0,180,432,13,'FF',5,0.00,NULL,NULL,0,0,NULL,1,NULL,'Files:','','',2,5),(1571,'44f4a21fa0f3e50537242e908bcc0371',0,0,180,432,0,'FF',9,0.00,NULL,NULL,0,0,NULL,4,NULL,'Current:','','',3,6),(1572,'ea0fd7cee4a622e375fdb5447aa32663',0,0,180,432,0,'FF',9,0.00,NULL,NULL,0,0,NULL,1,NULL,'Average:','','',3,7),(1573,'e8069799c9a043e6949a8311b6a8634e',0,0,180,432,0,'FF',9,0.00,NULL,NULL,0,0,NULL,3,NULL,'Maximum:','','on',3,8),(1574,'c7faf9d151e0ae0949f88f0a508eeb41',0,0,181,434,33,'FF',7,0.00,NULL,NULL,0,0,NULL,1,NULL,'Size:','','',2,1),(1575,'dde7fa728741d9a45e370ae0ca721fef',0,0,181,434,0,'FF',9,0.00,NULL,NULL,0,0,NULL,4,NULL,'Current:','','',2,2),(1576,'10388f49f97cd6d4870b44d5c127e5ed',0,0,181,434,0,'FF',9,0.00,NULL,NULL,0,0,NULL,1,NULL,'Average:','','',2,3),(1577,'b2b7571be5668f88da8afd19bbbf662a',0,0,181,434,0,'FF',9,0.00,NULL,NULL,0,0,NULL,3,NULL,'Maximum:','','on',2,4),(1578,'9346f109a53125602b7bdcf179639ec0',0,0,181,434,57,'FF',4,0.00,NULL,NULL,0,0,NULL,3,NULL,'Max:','','',2,5),(1579,'7940f1d1a207606cbfa6d1b5fbb65ea5',0,0,182,435,445,'FF',7,0.00,NULL,NULL,0,0,NULL,1,NULL,'Users:','','',2,1),(1580,'1c5e8e481d16d596b65321fd852a6b8a',0,0,182,435,0,'FF',9,0.00,NULL,NULL,0,0,NULL,4,NULL,'Current:','','',3,2),(1581,'8c8ec178f21cc3262fc63637048d8cf7',0,0,182,435,0,'FF',9,0.00,NULL,NULL,0,0,NULL,1,NULL,'Average:','','',3,3),(1582,'b6117d3d752d567c05ddea8863f90fff',0,0,182,435,0,'FF',9,0.00,NULL,NULL,0,0,NULL,3,NULL,'Maximum:','','on',3,4),(1583,'7125c41f68c2a87116c3fe699e6a92fb',0,0,183,436,25,'FF',7,0.00,NULL,NULL,0,0,NULL,1,NULL,'Size:','','',2,1),(1584,'477313293b08d73b360bd5da19914997',0,0,183,436,0,'FF',9,0.00,NULL,NULL,0,0,NULL,4,NULL,'Current:','','',2,2),(1585,'bc8528e631cc0f7da21a84aa736c0c8e',0,0,183,436,0,'FF',9,0.00,NULL,NULL,0,0,NULL,1,NULL,'Average:','','',2,3),(1586,'54fea6ea86835c570a8ee5f4a2011901',0,0,183,436,0,'FF',9,0.00,NULL,NULL,0,0,NULL,3,NULL,'Maximum:','','on',2,4),(1587,'8f205002b104d071abfebdf0cc7bd587',0,0,183,436,46,'FF',4,0.00,NULL,NULL,0,0,NULL,3,NULL,'Max:','','',2,5),(1588,'1e7dbd3b38dd74e06a5ad6bbc3010d3c',0,0,184,437,11,'FF',7,0.00,NULL,NULL,0,0,NULL,1,NULL,'Files:','','',2,1),(1589,'d8247b799f71cb35e611ca1ac9efb078',0,0,184,437,0,'FF',9,0.00,NULL,NULL,0,0,NULL,4,NULL,'Current:','','',3,2),(1590,'fe11318519108619817e3ec0aa2bc3bf',0,0,184,437,0,'FF',9,0.00,NULL,NULL,0,0,NULL,1,NULL,'Average:','','',3,3),(1591,'cfe7d23326c21cc349fdd505c117f26a',0,0,184,437,0,'FF',9,0.00,NULL,NULL,0,0,NULL,3,NULL,'Maximum:','','on',3,4),(1592,'5975d3836207d3764dcc77ebfb90b1a9',0,0,184,437,21,'FF',4,0.00,NULL,NULL,0,0,NULL,3,NULL,'Max:','','',2,5),(1593,'1b289a95c1adb31becaed29266eee5a9',0,0,185,438,29,'FF',7,0.00,NULL,NULL,0,0,NULL,1,NULL,'Size:','','',2,1),(1594,'d734df230a6a472661ff0dd400926ac4',0,0,185,438,0,'FF',9,0.00,NULL,NULL,0,0,NULL,4,NULL,'Current:','','',2,2),(1595,'4f0ed46e8beefdbac4321a8a539deb31',0,0,185,438,0,'FF',9,0.00,NULL,NULL,0,0,NULL,1,NULL,'Average:','','',2,3),(1596,'51e6430f29d9d5f5f6a3e90e0b9a235d',0,0,185,438,0,'FF',9,0.00,NULL,NULL,0,0,NULL,3,NULL,'Maximum:','','on',2,4),(1597,'de7bd78ec147c1d6d8aa4331153f5332',0,0,185,438,35,'FF',4,0.00,NULL,NULL,0,0,NULL,3,NULL,'Max:','','',2,5),(1598,'7ac84bb867e664655e929f2de079f86e',0,0,186,439,44,'FF',7,0.00,NULL,NULL,0,0,NULL,1,NULL,'Files:','','',2,1),(1599,'72c0b924bce0184d74283758f4a0c4df',0,0,186,439,0,'FF',9,0.00,NULL,NULL,0,0,NULL,4,NULL,'Current:','','',3,2),(1600,'0127d9ee668e6905ca5a009e577b3696',0,0,186,439,0,'FF',9,0.00,NULL,NULL,0,0,NULL,1,NULL,'Average:','','',3,3),(1601,'811766e5135e00afd84632c11fc33efc',0,0,186,439,0,'FF',9,0.00,NULL,NULL,0,0,NULL,3,NULL,'Maximum:','','on',3,4),(1602,'3bffd88e295f8239963a06d8dd4dd06b',0,0,186,439,58,'FF',4,0.00,NULL,NULL,0,0,NULL,3,NULL,'Max:','','',2,5),(1603,'bdbffe63c80c870803dbee8ce44e96db',0,0,187,440,103,'FF',5,0.00,NULL,NULL,0,0,NULL,1,NULL,'Dirs:','','',2,1),(1604,'961f509996ef271662d98f5b88014d67',0,0,187,440,0,'FF',9,0.00,NULL,NULL,0,0,NULL,4,NULL,'Current:','','',3,2),(1605,'20aa2ec6460cd7f94797d06e648942e2',0,0,187,440,0,'FF',9,0.00,NULL,NULL,0,0,NULL,1,NULL,'Average:','','',3,3),(1606,'9f6ed44fb60b3dba21d97b5eb5537f70',0,0,187,440,0,'FF',9,0.00,NULL,NULL,0,0,NULL,3,NULL,'Maximum:','','on',3,4),(1607,'df41a6dd25e4689029b4328dcf8066fd',0,0,187,441,8,'FF',5,0.00,NULL,NULL,0,0,NULL,1,NULL,'Files:','','',2,5),(1608,'6047e41df8e0cca2c4ceff94b40dfc50',0,0,187,441,0,'FF',9,0.00,NULL,NULL,0,0,NULL,4,NULL,'Current:','','',3,6),(1609,'3ec6923a7eeabadf7ed5c586c76ff243',0,0,187,441,0,'FF',9,0.00,NULL,NULL,0,0,NULL,1,NULL,'Average:','','',3,7),(1610,'6e80b0d4ce6bd157316aee8b5ab80b62',0,0,187,441,0,'FF',9,0.00,NULL,NULL,0,0,NULL,3,NULL,'Maximum:','','on',3,8),(1611,'abd0190649530523af02e1a4ff1744e7',0,0,188,442,11,'FF',7,0.00,NULL,NULL,0,0,NULL,1,NULL,'Size:','','',2,1),(1612,'0ed6a9ccf114229a0f76747d2207a128',0,0,188,442,0,'FF',9,0.00,NULL,NULL,0,0,NULL,4,NULL,'Current:','','',2,2),(1613,'771b65c8cb9280a292dcfbaecf380f0f',0,0,188,442,0,'FF',9,0.00,NULL,NULL,0,0,NULL,1,NULL,'Average:','','',2,3),(1614,'65f49bc64fbb5c53eadf2de7f3f8a2cb',0,0,188,442,0,'FF',9,0.00,NULL,NULL,0,0,NULL,3,NULL,'Maximum:','','on',2,4),(1615,'6fba97ba70d4539c4562230c450217a1',0,0,188,442,14,'FF',4,0.00,NULL,NULL,0,0,NULL,3,NULL,'Max:','','',2,5),(1616,'f56069364447282ba8798591e3b7e102',0,0,189,443,445,'FF',7,0.00,NULL,NULL,0,0,NULL,1,NULL,'Users:','','',2,1),(1617,'4d0bf36a3888292fe53ea55691f8014c',0,0,189,443,0,'FF',9,0.00,NULL,NULL,0,0,NULL,4,NULL,'Current:','','',3,2),(1618,'c0d975c191d8ae211dfcd5ccb85b6677',0,0,189,443,0,'FF',9,0.00,NULL,NULL,0,0,NULL,1,NULL,'Average:','','',3,3),(1619,'a300e7483932fb7a6feeab3b67bda8c1',0,0,189,443,0,'FF',9,0.00,NULL,NULL,0,0,NULL,3,NULL,'Maximum:','','on',3,4),(1620,'544cd4f3738d5f45b0d90e16661e0124',0,0,190,444,68,'FF',7,0.00,NULL,NULL,14,0,NULL,1,NULL,'Total:','','',2,1),(1621,'7b131dc3d251cdac7e09aa29ba12f9ce',0,0,190,444,0,'FF',9,0.00,NULL,NULL,14,0,NULL,4,NULL,'Current:','','',2,2),(1622,'d93380a1b19ceb890239addb6d9afa66',0,0,190,444,0,'FF',9,0.00,NULL,NULL,14,0,NULL,1,NULL,'Average:','','',2,3),(1623,'ed3ace648e07b76877020c086cedb70b',0,0,190,444,0,'FF',9,0.00,NULL,NULL,14,0,NULL,3,NULL,'Maximum:','','on',2,4),(1624,'a55feeaafca99fc33f39d85736e6e535',0,0,190,445,30,'FF',7,0.00,NULL,NULL,14,0,NULL,1,NULL,'Used:','','',2,5),(1625,'ffb74992135d0202da42918bdbb5e287',0,0,190,445,0,'FF',9,0.00,NULL,NULL,14,0,NULL,4,NULL,'Current:','','',2,6),(1626,'7aeac62aae6f1b69465d21cea908fe12',0,0,190,445,0,'FF',9,0.00,NULL,NULL,14,0,NULL,1,NULL,'Average:','','',2,7),(1627,'9cf2bb5978e8a74ab70fad13de46e885',0,0,190,445,0,'FF',9,0.00,NULL,NULL,14,0,NULL,3,NULL,'Maximum:','','on',2,8),(1628,'d92704fe039ca358b43305a88a65d7a6',0,0,191,446,52,'FF',7,0.00,NULL,NULL,0,0,NULL,1,NULL,'Used:','','',2,1),(1629,'c3b443b69d3c9fae5e8ae528293fa6f1',0,0,191,446,0,'FF',9,0.00,NULL,NULL,0,0,NULL,4,NULL,'Current:','','',5,2),(1630,'7be6713158f8b97d08dc97c4f960ebaf',0,0,191,446,0,'FF',9,0.00,NULL,NULL,0,0,NULL,1,NULL,'Average:','','',5,3),(1631,'5936936d689cb052b1ebff080e433d68',0,0,191,446,0,'FF',9,0.00,NULL,NULL,0,0,NULL,3,NULL,'Maximum:','','on',5,4),(1632,'78fc8df4d183683ec33d7457f2db5fef',0,0,192,448,52,'7F',7,0.00,NULL,NULL,0,0,NULL,1,NULL,'Avg:','','',2,1),(1633,'b582039ede3e91e08da0e69a08fc8710',0,0,192,448,0,'FF',9,0.00,NULL,NULL,0,0,NULL,4,NULL,'Current:','','',3,2),(1634,'532e815fa1e64e6e80fbee3834bc3db1',0,0,192,448,0,'FF',9,0.00,NULL,NULL,0,0,NULL,1,NULL,'Average:','','',3,3),(1635,'aaf64b4075ac22555d1a4e29d3acd8f0',0,0,192,448,0,'FF',9,0.00,NULL,NULL,0,0,NULL,3,NULL,'Maximum:','','on',3,4),(1636,'48697beca9ef9ff0db9d1c1eca768515',0,0,192,447,31,'FF',5,0.00,NULL,NULL,0,0,NULL,1,NULL,'Current:','','',2,5),(1637,'bb965c5af2ae38bc707b8f0649b41fa9',0,0,192,447,0,'FF',9,0.00,NULL,NULL,0,0,NULL,4,NULL,'Current:','','',3,6),(1638,'21b75f271f2b4fa510f0081f21c7a202',0,0,192,447,0,'FF',9,0.00,NULL,NULL,0,0,NULL,1,NULL,'Average:','','',3,7),(1639,'dbf38b0d74f3681adeade35aef46c7af',0,0,192,447,0,'FF',9,0.00,NULL,NULL,0,0,NULL,3,NULL,'Maximum:','','on',3,8),(1640,'2c3a069865b1f5a210ae7200b77f0fc2',0,0,193,450,52,'7F',7,0.00,NULL,NULL,0,0,NULL,1,NULL,'Avg:','','',2,1),(1641,'6fb065706d200299e9d11a1638917e3d',0,0,193,450,0,'FF',9,0.00,NULL,NULL,0,0,NULL,4,NULL,'Current:','','',3,2),(1642,'3c6589197caef5f019d377b51b7e8184',0,0,193,450,0,'FF',9,0.00,NULL,NULL,0,0,NULL,1,NULL,'Average:','','',3,3),(1643,'383602536822bca806e82026e995c5bd',0,0,193,450,0,'FF',9,0.00,NULL,NULL,0,0,NULL,3,NULL,'Maximum:','','on',3,4),(1644,'6590cd2a0d1f689cb79e682ad2cf3dc0',0,0,193,449,31,'FF',5,0.00,NULL,NULL,0,0,NULL,1,NULL,'Current:','','',2,5),(1645,'df959d7e049092edf714a2781279603e',0,0,193,449,0,'FF',9,0.00,NULL,NULL,0,0,NULL,4,NULL,'Current:','','',3,6),(1646,'a6d159db74fcbd3e7901df82109d62e1',0,0,193,449,0,'FF',9,0.00,NULL,NULL,0,0,NULL,1,NULL,'Average:','','',3,7),(1647,'d56ddfdb961f62be21e0f5038f1fe3b8',0,0,193,449,0,'FF',9,0.00,NULL,NULL,0,0,NULL,3,NULL,'Maximum:','','on',3,8),(1648,'d85095c8afebe080d504d9f86b7f101f',0,0,194,452,52,'7F',7,0.00,NULL,NULL,0,0,NULL,1,NULL,'Avg:','','',2,1),(1649,'8266291a1c7d0dbc3a540ee1f125037f',0,0,194,452,0,'FF',9,0.00,NULL,NULL,0,0,NULL,4,NULL,'Current:','','',3,2),(1650,'f6ebeae0635e7fcd54a35886304fb9f9',0,0,194,452,0,'FF',9,0.00,NULL,NULL,0,0,NULL,1,NULL,'Average:','','',3,3),(1651,'628c57d6d8d1a716be75d118f0468d4c',0,0,194,452,0,'FF',9,0.00,NULL,NULL,0,0,NULL,3,NULL,'Maximum:','','on',3,4),(1652,'39ec5102bd9493e5cdfee04c03732257',0,0,194,451,31,'FF',5,0.00,NULL,NULL,0,0,NULL,1,NULL,'Current:','','',2,5),(1653,'bdcda3b2fd203a2cc10d5708bbbd81dc',0,0,194,451,0,'FF',9,0.00,NULL,NULL,0,0,NULL,4,NULL,'Current:','','',3,6),(1654,'f31f7d42921ac6626dacae262721168d',0,0,194,451,0,'FF',9,0.00,NULL,NULL,0,0,NULL,1,NULL,'Average:','','',3,7),(1655,'f8ebd34b587cd99fffa389e8baa31252',0,0,194,451,0,'FF',9,0.00,NULL,NULL,0,0,NULL,3,NULL,'Maximum:','','on',3,8),(1656,'b66cfea91ee14ced1fb65b7a6579c076',0,0,195,454,52,'7F',7,0.00,NULL,NULL,0,0,NULL,1,NULL,'Avg:','','',2,1),(1657,'49c403a57b3edff7b12f3936312d1b09',0,0,195,454,0,'FF',9,0.00,NULL,NULL,0,0,NULL,4,NULL,'Current:','','',3,2),(1658,'b63cde544ac1b93cc856d238e87b9398',0,0,195,454,0,'FF',9,0.00,NULL,NULL,0,0,NULL,1,NULL,'Average:','','',3,3),(1659,'ce67f12c52c3448a9faa27840102dcde',0,0,195,454,0,'FF',9,0.00,NULL,NULL,0,0,NULL,3,NULL,'Maximum:','','on',3,4),(1660,'37f90ef945dc1089f9e8435ffc66684d',0,0,195,453,31,'FF',5,0.00,NULL,NULL,0,0,NULL,1,NULL,'Current:','','',2,5),(1661,'f6fd48d5de188fef4a1b7af6214d2dd7',0,0,195,453,0,'FF',9,0.00,NULL,NULL,0,0,NULL,4,NULL,'Current:','','',3,6),(1662,'a464c3edeb7c6b5d1ae8fba9059e6554',0,0,195,453,0,'FF',9,0.00,NULL,NULL,0,0,NULL,1,NULL,'Average:','','',3,7),(1663,'3c680cc044566b058ec9e17173d087c5',0,0,195,453,0,'FF',9,0.00,NULL,NULL,0,0,NULL,3,NULL,'Maximum:','','on',3,8),(1664,'58590a141d86c93677a57d8801ef198c',0,0,196,456,52,'7F',7,0.00,NULL,NULL,0,0,NULL,1,NULL,'Avg:','','',2,1),(1665,'626672e5067f71c1cee04d9aac0e1045',0,0,196,456,0,'FF',9,0.00,NULL,NULL,0,0,NULL,4,NULL,'Current:','','',3,2),(1666,'fdad2a5a4551662a19a3eef6efc46965',0,0,196,456,0,'FF',9,0.00,NULL,NULL,0,0,NULL,1,NULL,'Average:','','',3,3),(1667,'7edd9f258e3cc040e09c03d34a809198',0,0,196,456,0,'FF',9,0.00,NULL,NULL,0,0,NULL,3,NULL,'Maximum:','','on',3,4),(1668,'9b40943507898bbb2bf56ecab755dfbe',0,0,196,455,31,'FF',5,0.00,NULL,NULL,0,0,NULL,1,NULL,'Current:','','',2,5),(1669,'59355de724743db3021f2aae138a69e6',0,0,196,455,0,'FF',9,0.00,NULL,NULL,0,0,NULL,4,NULL,'Current:','','',3,6),(1670,'e11eef248080dae8ac44936d5dc502b5',0,0,196,455,0,'FF',9,0.00,NULL,NULL,0,0,NULL,1,NULL,'Average:','','',3,7),(1671,'bb35bd109e11fe96e949fd0226b2dd0e',0,0,196,455,0,'FF',9,0.00,NULL,NULL,0,0,NULL,3,NULL,'Maximum:','','on',3,8),(1672,'563f973609dd09521d01f291f2733314',0,0,197,458,52,'7F',7,0.00,NULL,NULL,0,0,NULL,1,NULL,'Avg:','','',2,1),(1673,'e0a3daf8f39034da024cb5c04726eba4',0,0,197,458,0,'FF',9,0.00,NULL,NULL,0,0,NULL,4,NULL,'Current:','','',3,2),(1674,'355c644a8738943fd05e71812030c106',0,0,197,458,0,'FF',9,0.00,NULL,NULL,0,0,NULL,1,NULL,'Average:','','',3,3),(1675,'aebff6a5d6d39d46fdc2930b672e9f48',0,0,197,458,0,'FF',9,0.00,NULL,NULL,0,0,NULL,3,NULL,'Maximum:','','on',3,4),(1676,'6534730876ed1eaa06ad697792d92f5c',0,0,197,457,31,'FF',5,0.00,NULL,NULL,0,0,NULL,1,NULL,'Current:','','',2,5),(1677,'942f5022ce40a3c476e073ebbfb7bea1',0,0,197,457,0,'FF',9,0.00,NULL,NULL,0,0,NULL,4,NULL,'Current:','','',3,6),(1678,'8ddf7cbd0751de9961d3ae6d44c11827',0,0,197,457,0,'FF',9,0.00,NULL,NULL,0,0,NULL,1,NULL,'Average:','','',3,7),(1679,'0432ebb634b9d579e191f53e7bdb48e2',0,0,197,457,0,'FF',9,0.00,NULL,NULL,0,0,NULL,3,NULL,'Maximum:','','on',3,8),(1680,'c4af8afdcd23c0ea28ee6e757abcbdbf',0,0,198,460,52,'7F',7,0.00,NULL,NULL,0,0,NULL,1,NULL,'Avg:','','',2,1),(1681,'024f55fea56223e253c3ea5a15b8e3b5',0,0,198,460,0,'FF',9,0.00,NULL,NULL,0,0,NULL,4,NULL,'Current:','','',3,2),(1682,'b5a31d3f904cdad6896d927685f378d3',0,0,198,460,0,'FF',9,0.00,NULL,NULL,0,0,NULL,1,NULL,'Average:','','',3,3),(1683,'3d04995d453391c295716e08e2703c2b',0,0,198,460,0,'FF',9,0.00,NULL,NULL,0,0,NULL,3,NULL,'Maximum:','','on',3,4),(1684,'867f85b3ed8488c165fb2a67c5d27f26',0,0,198,459,31,'FF',5,0.00,NULL,NULL,0,0,NULL,1,NULL,'Current:','','',2,5),(1685,'e3172e7ef3c5b4985443ad798973f371',0,0,198,459,0,'FF',9,0.00,NULL,NULL,0,0,NULL,4,NULL,'Current:','','',3,6),(1686,'5cf757ab7c23db48cb8bf57e98c284cf',0,0,198,459,0,'FF',9,0.00,NULL,NULL,0,0,NULL,1,NULL,'Average:','','',3,7),(1687,'24c26abad7e4943dc7b21ad722f7cc33',0,0,198,459,0,'FF',9,0.00,NULL,NULL,0,0,NULL,3,NULL,'Maximum:','','on',3,8),(1688,'9bffbcf8779e504544e864b826e958bf',0,0,199,462,52,'7F',7,0.00,NULL,NULL,0,0,NULL,1,NULL,'Avg:','','',2,1),(1689,'7b8caa653888b42c749e5e6a9fe23d2c',0,0,199,462,0,'FF',9,0.00,NULL,NULL,0,0,NULL,4,NULL,'Current:','','',3,2),(1690,'01d9d44190cb435ffac99b88302655a2',0,0,199,462,0,'FF',9,0.00,NULL,NULL,0,0,NULL,1,NULL,'Average:','','',3,3),(1691,'824846d3d07b53a93144957c46c0af25',0,0,199,462,0,'FF',9,0.00,NULL,NULL,0,0,NULL,3,NULL,'Maximum:','','on',3,4),(1692,'1d6f467a0b19fba656f3fa81464cde32',0,0,199,461,31,'FF',5,0.00,NULL,NULL,0,0,NULL,1,NULL,'Current:','','',2,5),(1693,'d010132216f8a9e580617b4eb6a43851',0,0,199,461,0,'FF',9,0.00,NULL,NULL,0,0,NULL,4,NULL,'Current:','','',3,6),(1694,'f5c08c860120f91c9f53ee722abab89e',0,0,199,461,0,'FF',9,0.00,NULL,NULL,0,0,NULL,1,NULL,'Average:','','',3,7),(1695,'be8f09bafa82c64775d8aee72d065485',0,0,199,461,0,'FF',9,0.00,NULL,NULL,0,0,NULL,3,NULL,'Maximum:','','on',3,8),(1696,'18aad79dbb0be5e1b1064b597f7c078a',0,0,200,464,52,'7F',7,0.00,NULL,NULL,0,0,NULL,1,NULL,'Avg:','','',2,1),(1697,'d6fcd10632b3cccd7350612779e9c56b',0,0,200,464,0,'FF',9,0.00,NULL,NULL,0,0,NULL,4,NULL,'Current:','','',3,2),(1698,'d43b24683a96bfe9919b1ecc1ca050a9',0,0,200,464,0,'FF',9,0.00,NULL,NULL,0,0,NULL,1,NULL,'Average:','','',3,3),(1699,'08a096aaf64399571a30f2a9d706b037',0,0,200,464,0,'FF',9,0.00,NULL,NULL,0,0,NULL,3,NULL,'Maximum:','','on',3,4),(1700,'911a52662c49449434fe9231c4235c54',0,0,200,463,31,'FF',5,0.00,NULL,NULL,0,0,NULL,1,NULL,'Current:','','',2,5),(1701,'37bcc40e3f08315e95f36f9abd15ac2c',0,0,200,463,0,'FF',9,0.00,NULL,NULL,0,0,NULL,4,NULL,'Current:','','',3,6),(1702,'eced81756e29b3e52cc8df01f9db4ee0',0,0,200,463,0,'FF',9,0.00,NULL,NULL,0,0,NULL,1,NULL,'Average:','','',3,7),(1703,'6d30cea42b5f72da32c93a9c1c3ec736',0,0,200,463,0,'FF',9,0.00,NULL,NULL,0,0,NULL,3,NULL,'Maximum:','','on',3,8),(1704,'5904bb5225fa9dd4442d8d2886439fbf',0,0,201,466,52,'7F',7,0.00,NULL,NULL,0,0,NULL,1,NULL,'Avg:','','',2,1),(1705,'040f078fde8e6fa7ba4fa754c32e6498',0,0,201,466,0,'FF',9,0.00,NULL,NULL,0,0,NULL,4,NULL,'Current:','','',3,2),(1706,'6c832d18900841bad35c10d533c21388',0,0,201,466,0,'FF',9,0.00,NULL,NULL,0,0,NULL,1,NULL,'Average:','','',3,3),(1707,'ea2eb39f369b46f3d56498b713b7657f',0,0,201,466,0,'FF',9,0.00,NULL,NULL,0,0,NULL,3,NULL,'Maximum:','','on',3,4),(1708,'5304417666e28d791621f401e22091f5',0,0,201,465,31,'FF',5,0.00,NULL,NULL,0,0,NULL,1,NULL,'Current:','','',2,5),(1709,'1226c3a0d1fcb6a6dec6e3cee7fde117',0,0,201,465,0,'FF',9,0.00,NULL,NULL,0,0,NULL,4,NULL,'Current:','','',3,6),(1710,'c421abc84ca93653075542fa22f75910',0,0,201,465,0,'FF',9,0.00,NULL,NULL,0,0,NULL,1,NULL,'Average:','','',3,7),(1711,'b1b53a84a7718fa5fc63178809273816',0,0,201,465,0,'FF',9,0.00,NULL,NULL,0,0,NULL,3,NULL,'Maximum:','','on',3,8),(1712,'8eb74122c7c91cff9d21b8efe54c518f',0,0,202,468,30,'FF',7,0.00,NULL,NULL,0,0,NULL,1,NULL,'Used:','','',2,1),(1713,'7523e5c5ab99ffa18efedec054fc9fb1',0,0,202,468,0,'FF',9,0.00,NULL,NULL,0,0,NULL,4,NULL,'Current:','','',3,2),(1714,'efea8dfa6a7f0fef59de93abf075993d',0,0,202,468,0,'FF',9,0.00,NULL,NULL,0,0,NULL,1,NULL,'Average:','','',3,3),(1715,'15aad9b79024d4dd3b887cba7c608653',0,0,202,468,0,'FF',9,0.00,NULL,NULL,0,0,NULL,3,NULL,'Maximum:','','on',3,4),(1716,'c2ca9e916c7fdea62e18668a79b09f50',0,0,202,469,74,'FF',8,0.00,NULL,NULL,0,0,NULL,1,NULL,'Free:','','',2,5),(1717,'cedf954698b16f86bc11d64256594365',0,0,202,469,0,'FF',9,0.00,NULL,NULL,0,0,NULL,4,NULL,'Current:','','',3,6),(1718,'37cdde3dad23c72a898189c2f0f5aa72',0,0,202,469,0,'FF',9,0.00,NULL,NULL,0,0,NULL,1,NULL,'Average:','','',3,7),(1719,'0c9dc1ea36a0bca6abe4a805284ab01e',0,0,202,469,0,'FF',9,0.00,NULL,NULL,0,0,NULL,3,NULL,'Maximum:','','on',3,8),(1720,'b9279bdaabe5143f9d44e6c6c8c4d8b5',0,0,202,467,9,'FF',5,0.00,NULL,NULL,0,0,NULL,1,NULL,'Total:','','',2,9),(1721,'3daf47fc77315dc93097bf9f356dfeb0',0,0,202,467,0,'FF',9,0.00,NULL,NULL,0,0,NULL,4,NULL,'Current:','','',3,10),(1722,'8e05b583afcf9ad3fa560e6c90e92778',0,0,202,467,0,'FF',9,0.00,NULL,NULL,0,0,NULL,1,NULL,'Average:','','',3,11),(1723,'9da58ff2e3a0959d13888be4653883f0',0,0,202,467,0,'FF',9,0.00,NULL,NULL,0,0,NULL,3,NULL,'Maximum:','','on',3,12),(1724,'045f91d1b711d43cc35e6afff526c1a7',0,0,203,471,52,'7F',7,0.00,NULL,NULL,0,0,NULL,1,NULL,'Avg:','','',2,1),(1725,'69c52211340689cae856abab6f0ce93e',0,0,203,471,0,'FF',9,0.00,NULL,NULL,0,0,NULL,4,NULL,'Current:','','',3,2),(1726,'61e53d5e7244ec9be275a0fda678a4d5',0,0,203,471,0,'FF',9,0.00,NULL,NULL,0,0,NULL,1,NULL,'Average:','','',3,3),(1727,'2f5dbc84df4ec12accd0fdf902a6cee5',0,0,203,471,0,'FF',9,0.00,NULL,NULL,0,0,NULL,3,NULL,'Maximum:','','on',3,4),(1728,'6b6b1f3086b7df88cd3c9f6f229f9b84',0,0,203,470,31,'FF',5,0.00,NULL,NULL,0,0,NULL,1,NULL,'Current:','','',2,5),(1729,'f80630b841dc090c1b2b1fcfd0b76bdb',0,0,203,470,0,'FF',9,0.00,NULL,NULL,0,0,NULL,4,NULL,'Current:','','',3,6),(1730,'41220524ecfdf85a16faf6aae7c21f2f',0,0,203,470,0,'FF',9,0.00,NULL,NULL,0,0,NULL,1,NULL,'Average:','','',3,7),(1731,'49fef78a7260d764e2506c6ca2a30905',0,0,203,470,0,'FF',9,0.00,NULL,NULL,0,0,NULL,3,NULL,'Maximum:','','on',3,8),(1732,'d4f8a8fbe7781a43c7f4f36238b6fbee',0,0,204,472,61,'99',7,0.00,NULL,NULL,0,0,NULL,3,NULL,'UT:','','',2,1),(1733,'47248c3955ed42178f2aa0627deea4cf',0,0,204,472,0,'FF',9,0.00,NULL,NULL,0,0,NULL,4,NULL,'Current:','','',5,2),(1734,'25824132560f9f47ad07f289fa376465',0,0,204,472,0,'FF',9,0.00,NULL,NULL,0,0,NULL,1,NULL,'Average:','','',5,3),(1735,'197b7e7f553f06b33b358081ca74404e',0,0,204,472,0,'FF',9,0.00,NULL,NULL,0,0,NULL,3,NULL,'Maximum:','','on',5,4),(1736,'34e0721c3077e5698c018534065fee05',0,0,204,472,0,'FF',1,0.00,NULL,NULL,0,0,NULL,1,NULL,'','','on',2,5),(1737,'4eb6abb155f84ed4b0f0283135b6fc84',0,0,204,472,0,'FF',1,0.00,NULL,NULL,0,0,NULL,1,NULL,'Effective Utilization is the largest of CPU, Job Slot or Memory Slot Utilization','','on',2,6),(1738,'0e8b58a8ca4db18d1f0b60c6b06f1ecb',0,0,205,474,96,'FF',7,0.00,NULL,NULL,0,0,NULL,3,NULL,'Slot:','','',2,1),(1739,'e34b77e28f2d8276ea06feebe5322f7d',0,0,205,474,0,'FF',9,0.00,NULL,NULL,0,0,NULL,4,NULL,'Current:','','',5,2),(1740,'e22000dafcb601bb5012adeadeb706ac',0,0,205,474,0,'FF',9,0.00,NULL,NULL,0,0,NULL,1,NULL,'Average:','','',5,3),(1741,'eccf20702ac0bb059c90deb7efb98542',0,0,205,474,0,'FF',9,0.00,NULL,NULL,0,0,NULL,3,NULL,'Maximum:','','on',5,4),(1742,'300b458ca54d0d27676028e1b8ca4f15',0,0,205,475,67,'FF',7,0.00,NULL,NULL,0,0,NULL,3,NULL,'CPU:','','',2,5),(1743,'f51c09f649d9d07da14172557f0823b9',0,0,205,475,0,'FF',9,0.00,NULL,NULL,0,0,NULL,4,NULL,'Current:','','',5,6),(1744,'e0c13a443868cd5b7ab8ea09e34499c0',0,0,205,475,0,'FF',9,0.00,NULL,NULL,0,0,NULL,1,NULL,'Average:','','',5,7),(1745,'88abe31cdafebf378af815ead16e30d4',0,0,205,475,0,'FF',9,0.00,NULL,NULL,0,0,NULL,3,NULL,'Maximum:','','on',5,8),(1746,'fa93e96807e39d072042134f2ab9a2f1',0,0,205,473,31,'FF',5,0.00,NULL,NULL,0,0,NULL,3,NULL,'Memory:','','',2,9),(1747,'02496c5adafa44683dce4cdb194d20f9',0,0,205,473,0,'FF',9,0.00,NULL,NULL,0,0,NULL,4,NULL,'Current:','','',5,10),(1748,'72b99f4ec15214859a6679c8ffa35c1d',0,0,205,473,0,'FF',9,0.00,NULL,NULL,0,0,NULL,1,NULL,'Average:','','',5,11),(1749,'b08387bd034ec7e73418656e8f04150b',0,0,205,473,0,'FF',9,0.00,NULL,NULL,0,0,NULL,3,NULL,'Maximum:','','on',5,12),(1750,'a0136d14dc7a2046bd2fc030235d5eb1',0,0,206,477,96,'FF',7,0.00,NULL,NULL,0,0,NULL,3,NULL,'Slot:','','',2,1),(1751,'1dac7b05d27501e7c06c85a2e314c18c',0,0,206,477,0,'FF',9,0.00,NULL,NULL,0,0,NULL,4,NULL,'Current:','','',5,2),(1752,'c32bf5b8fdab94ca389606803b3b838e',0,0,206,477,0,'FF',9,0.00,NULL,NULL,0,0,NULL,1,NULL,'Average:','','',5,3),(1753,'49813305151b02a2e568590e38291cbe',0,0,206,477,0,'FF',9,0.00,NULL,NULL,0,0,NULL,3,NULL,'Maximum:','','on',5,4),(1754,'6503950011ffc9436a6eaaadaffbb2e0',0,0,206,478,67,'FF',7,0.00,NULL,NULL,0,0,NULL,3,NULL,'CPU:','','',2,5),(1755,'0aa18b6d9f093cfb333b7ea50dc08f67',0,0,206,478,0,'FF',9,0.00,NULL,NULL,0,0,NULL,4,NULL,'Current:','','',5,6),(1756,'c2532a137d46e9aa6bd1c01a92260c6c',0,0,206,478,0,'FF',9,0.00,NULL,NULL,0,0,NULL,1,NULL,'Average:','','',5,7),(1757,'7231b74fd5564aafe60989897034eecb',0,0,206,478,0,'FF',9,0.00,NULL,NULL,0,0,NULL,3,NULL,'Maximum:','','on',5,8),(1758,'e88f6f205df00da1572cb44cd1d62dab',0,0,206,476,31,'FF',5,0.00,NULL,NULL,0,0,NULL,3,NULL,'Memory:','','',2,9),(1759,'a2a551acc26540e460507f9cbdf530b4',0,0,206,476,0,'FF',9,0.00,NULL,NULL,0,0,NULL,4,NULL,'Current:','','',5,10),(1760,'9bc44b51cb22e09e8cf55623a27c3348',0,0,206,476,0,'FF',9,0.00,NULL,NULL,0,0,NULL,1,NULL,'Average:','','',5,11),(1761,'4f2b04d8ceea0f64ff5c320646fe6057',0,0,206,476,0,'FF',9,0.00,NULL,NULL,0,0,NULL,3,NULL,'Maximum:','','on',5,12),(1762,'485416e7cdc944ef774cbedcf62706b9',0,0,207,479,95,'FF',7,0.00,NULL,NULL,0,0,NULL,1,NULL,'License usage percent','','',5,1),(1763,'4c78f0fe59b04c2e330f1cf30f980bed',0,0,208,480,55,'FF',7,0.00,NULL,NULL,0,0,NULL,1,NULL,'Number of Host Exceeded /tmp Capacity','','',2,1),(1764,'a1bc3cb241ee3265cf98637ccb5c1d6f',0,0,209,481,49,'FF',7,0.00,NULL,NULL,0,0,NULL,4,NULL,'Number of Hosts','','',2,1),(1765,'39f17899e40f276eff5e3323707b3920',0,0,210,482,20,'FF',7,0.00,NULL,NULL,0,0,NULL,1,NULL,'Number of Hosts','','',2,1),(1766,'afb7bc4adcc1f2b8107a98568320f74a',0,0,211,483,9,'FF',7,0.00,NULL,NULL,0,0,NULL,1,NULL,'Hostgroups with low free slots','','',2,1),(1767,'990a3f63f06360b49e3275ef0e3b3c54',0,0,212,484,29,'FF',7,0.00,NULL,NULL,0,0,NULL,1,NULL,'Number of Hosts exceeded r15m indicator','','',2,1),(1768,'9c71f6c8ec9258322e7c41c9a0f64bbd',0,0,213,485,11,'FF',7,0.00,NULL,NULL,0,0,NULL,1,NULL,'Number of Hosts','','',2,1),(1769,'9ebe4cb0c9263cc43c5317bf4f8bfab5',0,0,214,486,48,'FF',7,0.00,NULL,NULL,0,0,NULL,1,NULL,'Number of Hosts','','',2,1),(1770,'9fe3945235bb2a5aa22ed6233d7b50db',0,0,215,487,7,'FF',7,0.00,NULL,NULL,0,0,NULL,4,NULL,'Number of Idle Jobs','','',2,1),(1771,'6d6c72f0a4e814495681410eed3ab297',0,0,216,488,18,'FF',7,0.00,NULL,NULL,0,0,NULL,1,NULL,'Number of Pending Jobs','','',3,1),(1772,'ee967aa95ca9aeff17eaa3d178182bc8',0,0,217,490,96,'99',7,0.00,NULL,NULL,0,0,NULL,3,NULL,'Slot:','','',2,1),(1773,'d3946653c9f85d6c90a1082bfdfd1ed7',0,0,217,490,0,'FF',9,0.00,NULL,NULL,0,0,NULL,4,NULL,'Current:','','',5,2),(1774,'0c04ca0536bf213a19179a9b3a1a0ed1',0,0,217,490,0,'FF',9,0.00,NULL,NULL,0,0,NULL,1,NULL,'Average:','','',5,3),(1775,'551fb774e37bb2c48d977bdd706ebc90',0,0,217,490,0,'FF',9,0.00,NULL,NULL,0,0,NULL,3,NULL,'Maximum:','','on',5,4),(1776,'a705e43800fdf3865ae1fa82b931988f',0,0,217,491,67,'99',7,0.00,NULL,NULL,0,0,NULL,3,NULL,'CPU:','','',2,5),(1777,'8f013b174c8a605c628c948bebfe84a4',0,0,217,491,0,'FF',9,0.00,NULL,NULL,0,0,NULL,4,NULL,'Current:','','',5,6),(1778,'67175d8b003248535b12797b7d061788',0,0,217,491,0,'FF',9,0.00,NULL,NULL,0,0,NULL,1,NULL,'Average:','','',5,7),(1779,'1b0e13adcc3a4fcdc9f6e35d5255b16e',0,0,217,491,0,'FF',9,0.00,NULL,NULL,0,0,NULL,3,NULL,'Maximum:','','on',5,8),(1780,'54b7eef2bfd88b756c7a7d5122e36ad7',0,0,217,489,451,'FF',5,0.00,NULL,NULL,0,0,NULL,3,NULL,'Mem EUtil:','','',2,9),(1781,'97739de31577eb3d2a26a0a3898bedf3',0,0,217,489,0,'FF',9,0.00,NULL,NULL,0,0,NULL,4,NULL,'Current:','','',5,10),(1782,'a5a295ff836a4fc2b6389d1cc22eb325',0,0,217,489,0,'FF',9,0.00,NULL,NULL,0,0,NULL,1,NULL,'Average:','','',5,11),(1783,'4876dfe626983067a09bd92f0d9da35d',0,0,217,489,0,'FF',9,0.00,NULL,NULL,0,0,NULL,3,NULL,'Maximum:','','on',5,12),(1784,'6bc5ded567ede3803472fdbea24636e9',0,0,217,492,40,'FF',5,0.00,NULL,NULL,0,0,NULL,3,NULL,'Mem Used:','','',2,13),(1785,'0e6b29a6a0ac49e3555586b4ec427600',0,0,217,492,0,'FF',9,0.00,NULL,NULL,0,0,NULL,4,NULL,'Current:','','',5,14),(1786,'98fb3b71e9470d063bc9d2e6f1dc7c31',0,0,217,492,0,'FF',9,0.00,NULL,NULL,0,0,NULL,1,NULL,'Average:','','',5,15),(1787,'45c74311df6245d4ac6ba99f044ce6dd',0,0,217,492,0,'FF',9,0.00,NULL,NULL,0,0,NULL,3,NULL,'Maximum:','','on',5,16),(1788,'bad9ed3d4593df9052ca138e4968e298',0,0,217,493,52,'FF',5,0.00,NULL,NULL,0,0,NULL,3,NULL,'Mem Reserved:','','',2,17),(1789,'e45b8e786c73c4be83b6063a8bb6f221',0,0,217,493,0,'FF',9,0.00,NULL,NULL,0,0,NULL,4,NULL,'Current:','','',5,18),(1790,'81634f9bcb08723a0bc2124a9de14aed',0,0,217,493,0,'FF',9,0.00,NULL,NULL,0,0,NULL,1,NULL,'Average:','','',5,19),(1791,'7d34f64e5bf564505f330b2db69c1915',0,0,217,493,0,'FF',9,0.00,NULL,NULL,0,0,NULL,3,NULL,'Maximum:','','on',5,20),(1792,'873bf152bfbfc6118755d09a832ab533',0,0,217,494,452,'FF',4,0.00,NULL,NULL,0,0,NULL,3,NULL,'Mem Selected:','','',2,21),(1793,'7967c775d4d92f8ba758801fa39781a7',0,0,217,494,0,'FF',9,0.00,NULL,NULL,0,0,NULL,4,NULL,'Current:','','',5,22),(1794,'8d2661c4144d71948207f26e4900b5e6',0,0,217,494,0,'FF',9,0.00,NULL,NULL,0,0,NULL,1,NULL,'Average:','','',5,23),(1795,'10369d449bca1f14c686649bdbcd5426',0,0,217,494,0,'FF',9,0.00,NULL,NULL,0,0,NULL,3,NULL,'Maximum:','','on',5,24),(1796,'d9c35e389465e3f3ec1361e5d0062798',0,0,217,494,0,'FF',1,0.00,NULL,NULL,0,0,NULL,1,NULL,'','','on',2,25),(1797,'ad630e5f414769d93466491183c1ebb8',0,0,217,494,0,'FF',1,0.00,NULL,NULL,0,0,NULL,1,NULL,'SLAs: |query_gridGResSLAs|','','on',2,26),(1798,'5cffd1ef9640ef6a4a023f4f4b6f812b',0,0,218,496,52,'7F',7,0.00,'',0,0,0,'',1,'','Avg:','','',2,1),(1799,'a0d7c215946af979024f8ac4c5cd227f',0,0,218,496,0,'FF',9,0.00,'',0,0,0,'',4,'','Current:','','',3,2),(1800,'3a0b7847fb6837802763c3b5dffb932e',0,0,218,496,0,'FF',9,0.00,'',0,0,0,'',1,'','Average:','','',3,3),(1801,'5150195b796bbc641d3ec32bd1d08b6b',0,0,218,496,0,'FF',9,0.00,'',0,0,0,'',3,'','Maximum:','','on',3,4),(1802,'2241fd8f6538b837291780984e2eb9d6',0,0,218,495,31,'FF',5,0.00,'',0,0,0,'',1,'','Current:','','',2,5),(1803,'29ea3771acb2677651067b93a96d1e15',0,0,218,495,0,'FF',9,0.00,'',0,0,0,'',4,'','Current:','','',3,6),(1804,'ebe466420ef37e60407d8465ec1a2b06',0,0,218,495,0,'FF',9,0.00,'',0,0,0,'',1,'','Average:','','',3,7),(1805,'5531db078afff6ae0a94ed3679daa872',0,0,218,495,0,'FF',9,0.00,'',0,0,0,'',3,'','Maximum:','','on',3,8),(1806,'05781c5eec66cfded5b7980ebc5ba700',0,0,219,498,52,'7F',7,0.00,'',0,16,0,'',1,'','Current:','','',2,1),(1807,'6564f908544bdd514d02cd95a59c3e7f',0,0,219,498,0,'FF',9,0.00,'',0,16,0,'',4,'','Current:','','',5,2),(1808,'00594916722c5f27578119429377156f',0,0,219,498,0,'FF',9,0.00,'',0,16,0,'',1,'','Average:','','',5,3),(1809,'61287ae66c4b4122db58721948d7a3cb',0,0,219,498,0,'FF',9,0.00,'',0,16,0,'',3,'','Maximum:','','on',5,4),(1810,'ccbe2768f8c8cb00b7233cb6b9223c47',0,0,219,497,31,'FF',5,0.00,'',0,16,0,'',1,'','Total:','','',2,5),(1811,'10bf49be084ec46b2e6d5eba7777118a',0,0,219,497,0,'FF',9,0.00,'',0,16,0,'',4,'','Current:','','',5,6),(1812,'e1fae6e99bf611e3b503088eea34d346',0,0,219,497,0,'FF',9,0.00,'',0,16,0,'',1,'','Average:','','',5,7),(1813,'fca4e73211482bd09b23b27b3ffb238e',0,0,219,497,0,'FF',9,0.00,'',0,16,0,'',3,'','Maximum:','','on',5,8),(1814,'a3365f2f3c62ed54ab078c415fded2d3',0,0,220,500,52,'7F',7,0.00,'',0,16,0,'',1,'','Current:','','',2,1),(1815,'868388efffa6f768b8c54704fb748b9b',0,0,220,500,0,'FF',9,0.00,'',0,16,0,'',4,'','Current:','','',5,2),(1816,'86718ecb894e091b42f3e19defd10e26',0,0,220,500,0,'FF',9,0.00,'',0,16,0,'',1,'','Average:','','',5,3),(1817,'4951e8aa668f3291a25534ac023e4bd2',0,0,220,500,0,'FF',9,0.00,'',0,16,0,'',3,'','Maximum:','','on',5,4),(1818,'c0a7dee5d5491f16e601b586d599cd9e',0,0,220,499,31,'FF',5,0.00,'',0,16,0,'',1,'','Total:','','',2,5),(1819,'befeb7afaded47b7a6e244853c911a6a',0,0,220,499,0,'FF',9,0.00,'',0,16,0,'',4,'','Current:','','',5,6),(1820,'fc7a6bbbb322137b43f8adc97d7c74ce',0,0,220,499,0,'FF',9,0.00,'',0,16,0,'',1,'','Average:','','',5,7),(1821,'575801c808ba2187df64f620a5eab8d4',0,0,220,499,0,'FF',9,0.00,'',0,16,0,'',3,'','Maximum:','','on',5,8),(1822,'ea552ffe30949c04443abea2150dd968',0,0,221,501,68,'FF',7,1.00,'',0,22,0,'',1,'','Total:','','',2,1),(1823,'557350b234a6310de2523588089480b3',0,0,221,501,0,'FF',9,1.00,'',0,22,0,'',4,'','Current:','','',2,2),(1824,'5feb223159e0945c48e1296787096928',0,0,221,501,0,'FF',9,1.00,'',0,22,0,'',1,'','Average:','','',2,3),(1825,'65f708d2d988b365d10d9a81e0dfa619',0,0,221,501,0,'FF',9,1.00,'',0,22,0,'',3,'','Maximum:','','on',2,4),(1826,'e3160a3d58f7d9dece5d736159cbcb5a',0,0,221,502,357,'FF',7,1.00,'',0,22,0,'',1,'','Used:','','',2,5),(1827,'027c89eca2edf7aeba56babf67d14337',0,0,221,502,0,'FF',9,1.00,'',0,22,0,'',4,'','Current:','','',2,6),(1828,'895006899358838f1bd6febad2a41e20',0,0,221,502,0,'FF',9,1.00,'',0,22,0,'',1,'','Average:','','',2,7),(1829,'0b0d0e7d7f9470ea810e600f1762ba08',0,0,221,502,0,'FF',9,1.00,'',0,22,0,'',3,'','Maximum:','','on',2,9),(1830,'05e82b02b7a916cdefdc6c29857c8f91',0,0,222,503,95,'FF',7,1.00,'',0,0,0,'',1,'','State:','','',2,1),(1831,'6cdf17fa2a310bddf80ac6e03e72f246',0,0,222,503,0,'FF',9,1.00,'',0,0,0,'',4,'','Cur:','','',3,2),(1832,'5d2fcc82786481f8e35af231ce1a440b',0,0,222,503,0,'FF',9,1.00,'',0,0,0,'',1,'','Avg:','','',3,3),(1833,'d407146a31dd993ecc8d966af87f9b06',0,0,222,503,0,'FF',9,1.00,'',0,0,0,'',3,'','Max:','','on',3,4),(1834,'0f4aa3431388154db1ff92d69a48ff60',0,0,222,503,0,'FF',1,1.00,'',0,0,0,'',1,'','---------------------------------------------------','','on',2,5),(1835,'019b21dcef9fb74d05925f1a80b59a3c',0,0,222,503,0,'FF',1,1.00,'',0,0,0,'',1,'','State 0 is High, 15 is Low','','on',2,6),(1836,'aa19a7d795fc756fb66e2c59cd5b03e5',0,0,223,504,52,'FF',5,1.00,'',0,0,0,'',1,'','GPU UT:','','',2,1),(1837,'b348579eed307c46654520a98a830036',0,0,223,504,0,'FF',9,1.00,'',0,0,0,'',4,'','Cur:','','',5,2),(1838,'e29eccf5ddafa2f2c1c64c16fa8b1d4e',0,0,223,504,0,'FF',9,1.00,'',0,0,0,'',1,'','Avg:','','',5,3),(1839,'09e22cd83928ef4a1d65836520befe17',0,0,223,504,0,'FF',9,1.00,'',0,0,0,'',3,'','Max:','','on',5,4),(1840,'3c8f395b12b10132e96d8eb9686196f4',0,0,223,505,22,'FF',5,1.00,'',0,0,0,'',1,'','MEM UT:','','',2,5),(1841,'6c4137b5256a88207a1a3ba6b10ecdab',0,0,223,505,0,'FF',9,1.00,'',0,0,0,'',4,'','Cur:','','',5,6),(1842,'2eff511cdc32c606d5aeffd84bc110fa',0,0,223,505,0,'FF',9,1.00,'',0,0,0,'',1,'','Avg:','','',5,7),(1843,'bed40e480a11a83e41f28f4d74cfea1e',0,0,223,505,0,'FF',9,1.00,'',0,0,0,'',3,'','Max:','','on',5,8),(1844,'132b8887917ab2cd9c6aec321a8f8956',0,0,224,506,21,'FF',7,1.00,'',0,0,0,'',1,'','Celsius','','',2,1),(1845,'a743d3e345fd065c51738378c37a90f2',0,0,224,506,0,'FF',9,1.00,'',0,0,0,'',4,'','Cur:','','',3,2),(1846,'c6cdbcc2e76bf749d9bf2cb3d9b3ad1d',0,0,224,506,0,'FF',9,1.00,'',0,0,0,'',1,'','Avg:','','',3,3),(1847,'f356d4c485d0171f0f46a13dc514140b',0,0,224,506,0,'FF',9,1.00,'',0,0,0,'',3,'','Max:','','on',3,4),(1848,'0e0b048c99a8e3ba5395f10c6feec94c',0,0,225,507,21,'FF',5,1.00,'',0,0,0,'',1,'','NJOBS:','','',2,1),(1849,'24a260c83b539298c033c4c4c94e734b',0,0,225,507,0,'FF',9,1.00,'',0,0,0,'',4,'','Cur:','','',3,2),(1850,'1a57b78fb7e22c754544aae7306f12c8',0,0,225,507,0,'FF',9,1.00,'',0,0,0,'',1,'','Avg:','','',3,3),(1851,'7013e65f28bd73c0fb9b1abd6af772ce',0,0,225,507,0,'FF',9,1.00,'',0,0,0,'',3,'','Max:','','on',3,4),(1852,'0bd7b17ea740d1c0be884a880e64d61d',0,0,225,508,12,'FF',5,1.00,'',0,0,0,'',1,'','RUN:','','',2,5),(1853,'6408ee659ac9a212a27cfe46b7e4ac22',0,0,225,508,0,'FF',9,1.00,'',0,0,0,'',4,'','Cur:','','',3,6),(1854,'9401fd7e2dcaacff4b61e905f9611732',0,0,225,508,0,'FF',9,1.00,'',0,0,0,'',1,'','Avg:','','',3,7),(1855,'4a5c57e2f4b3ce54fac2a5dda4ee8538',0,0,225,508,0,'FF',9,1.00,'',0,0,0,'',3,'','Max:','','on',3,8),(1856,'d2ed4792cd7b9c6e8cc5aae9f5eaeb4d',0,0,225,510,1,'FF',5,1.00,'',0,0,0,'',1,'','RSV:','','',2,9),(1857,'100f9c94a62b676365f66dc4bed110a6',0,0,225,510,0,'FF',9,1.00,'',0,0,0,'',4,'','Cur:','','',3,10),(1858,'a9cc58cdef0956e2b10afde8511d51f1',0,0,225,510,0,'FF',9,1.00,'',0,0,0,'',1,'','Avg:','','',3,11),(1859,'93a36f9153b72e372979bf4d498c5eba',0,0,225,510,0,'FF',9,1.00,'',0,0,0,'',3,'','Max:','','on',3,12),(1860,'acdcab6a401d9bfd85b81f143688ac78',0,0,225,509,98,'FF',5,1.00,'',0,0,0,'',1,'','SUSP:','','',2,13),(1861,'75b75d1f6058949ea58a5d784a616964',0,0,225,509,0,'FF',9,1.00,'',0,0,0,'',4,'','Cur:','','',3,14),(1862,'ae97ff89eb616a85338ff3a46deeb9fa',0,0,225,509,0,'FF',9,1.00,'',0,0,0,'',1,'','Avg:','','',3,15),(1863,'831bbd51a9e7436db72fb3edbdbdbd97',0,0,225,509,0,'FF',9,1.00,'',0,0,0,'',3,'','Max:','','on',3,16);
/*!40000 ALTER TABLE `graph_templates_item` ENABLE KEYS */;
UNLOCK TABLES;

--
-- Table structure for table `graph_tree`
--

DROP TABLE IF EXISTS `graph_tree`;
/*!40101 SET @saved_cs_client     = @@character_set_client */;
/*!40101 SET character_set_client = utf8 */;
CREATE TABLE `graph_tree` (
  `id` smallint(5) unsigned NOT NULL AUTO_INCREMENT,
  `enabled` char(2) DEFAULT 'on',
  `locked` tinyint(3) unsigned DEFAULT 0,
  `locked_date` timestamp NOT NULL DEFAULT '0000-00-00 00:00:00',
  `sort_type` tinyint(3) unsigned NOT NULL DEFAULT 1,
  `name` varchar(255) NOT NULL DEFAULT '',
  `sequence` int(10) unsigned DEFAULT 1,
  `user_id` int(10) unsigned DEFAULT 1,
  `last_modified` timestamp NOT NULL DEFAULT '0000-00-00 00:00:00',
  `modified_by` int(10) unsigned DEFAULT 1,
  PRIMARY KEY (`id`),
  KEY `sequence` (`sequence`),
  KEY `name` (`name`(171))
) ENGINE=InnoDB;
/*!40101 SET character_set_client = @saved_cs_client */;

--
-- Dumping data for table `graph_tree`
--

LOCK TABLES `graph_tree` WRITE;
/*!40000 ALTER TABLE `graph_tree` DISABLE KEYS */;
INSERT INTO `graph_tree` VALUES (1,'on',0,'0000-00-00 00:00:00',1,'Default Tree',1,1,'0000-00-00 00:00:00',1);
/*!40000 ALTER TABLE `graph_tree` ENABLE KEYS */;
UNLOCK TABLES;

--
-- Table structure for table `graph_tree_items`
--

DROP TABLE IF EXISTS `graph_tree_items`;
/*!40101 SET @saved_cs_client     = @@character_set_client */;
/*!40101 SET character_set_client = utf8 */;
CREATE TABLE `graph_tree_items` (
  `id` bigint(20) unsigned NOT NULL AUTO_INCREMENT,
  `parent` bigint(20) unsigned DEFAULT NULL,
  `position` int(10) unsigned DEFAULT NULL,
  `graph_tree_id` smallint(5) unsigned NOT NULL DEFAULT 0,
  `local_graph_id` int(10) unsigned NOT NULL DEFAULT 0,
  `title` varchar(255) DEFAULT NULL,
  `host_id` mediumint(8) unsigned NOT NULL DEFAULT 0,
  `site_id` int(10) unsigned DEFAULT 0,
  `host_grouping_type` tinyint(3) unsigned NOT NULL DEFAULT 1,
  `sort_children_type` tinyint(3) unsigned NOT NULL DEFAULT 0,
  `graph_regex` varchar(60) DEFAULT '',
  `host_regex` varchar(60) DEFAULT '',
  PRIMARY KEY (`id`),
  KEY `graph_tree_id` (`graph_tree_id`),
  KEY `host_id` (`host_id`),
  KEY `site_id` (`site_id`),
  KEY `local_graph_id` (`local_graph_id`),
  KEY `parent_position` (`parent`,`position`)
) ENGINE=InnoDB;
/*!40101 SET character_set_client = @saved_cs_client */;

--
-- Dumping data for table `graph_tree_items`
--

LOCK TABLES `graph_tree_items` WRITE;
/*!40000 ALTER TABLE `graph_tree_items` DISABLE KEYS */;
INSERT INTO `graph_tree_items` VALUES (1,0,1,1,0,'',1,0,1,2,'','');
/*!40000 ALTER TABLE `graph_tree_items` ENABLE KEYS */;
UNLOCK TABLES;

--
-- Table structure for table `grid_applications`
--

DROP TABLE IF EXISTS `grid_applications`;
/*!40101 SET @saved_cs_client     = @@character_set_client */;
/*!40101 SET character_set_client = utf8 */;
CREATE TABLE `grid_applications` (
  `clusterid` int(10) unsigned NOT NULL DEFAULT 0,
  `appName` varchar(40) NOT NULL DEFAULT '',
  `numRUN` int(10) unsigned NOT NULL DEFAULT 0,
  `numPEND` int(10) unsigned NOT NULL DEFAULT 0,
  `numJOBS` int(10) unsigned NOT NULL DEFAULT 0,
  `efficiency` double NOT NULL DEFAULT 0,
  `avg_mem` double NOT NULL DEFAULT 0,
  `max_mem` double NOT NULL DEFAULT 0,
  `avg_swap` double NOT NULL DEFAULT 0,
  `max_swap` double NOT NULL DEFAULT 0,
  `total_cpu` bigint(20) unsigned NOT NULL DEFAULT 0,
  `last_updated` timestamp NOT NULL DEFAULT current_timestamp(),
  `present` tinyint(3) unsigned NOT NULL DEFAULT 0,
  PRIMARY KEY (`clusterid`,`appName`)
) ENGINE=InnoDB DEFAULT CHARSET=latin1;
/*!40101 SET character_set_client = @saved_cs_client */;

--
-- Table structure for table `grid_apps`
--

DROP TABLE IF EXISTS `grid_apps`;
/*!40101 SET @saved_cs_client     = @@character_set_client */;
/*!40101 SET character_set_client = utf8 */;
CREATE TABLE `grid_apps` (
  `app_id` int(10) unsigned NOT NULL AUTO_INCREMENT,
  `app_name` varchar(40) NOT NULL DEFAULT '',
  `matchResReq` varchar(45) NOT NULL DEFAULT '',
  `matchProject` varchar(45) NOT NULL DEFAULT '',
  `matchJobname` varchar(45) NOT NULL DEFAULT '',
  PRIMARY KEY (`app_id`)
) ENGINE=InnoDB DEFAULT CHARSET=latin1;
/*!40101 SET character_set_client = @saved_cs_client */;

--
-- Table structure for table `grid_apps_error_codes`
--

DROP TABLE IF EXISTS `grid_apps_error_codes`;
/*!40101 SET @saved_cs_client     = @@character_set_client */;
/*!40101 SET character_set_client = utf8 */;
CREATE TABLE `grid_apps_error_codes` (
  `app_id` int(10) unsigned NOT NULL DEFAULT 0,
  `exit_code` int(10) NOT NULL DEFAULT 0,
  `reason` varchar(50) NOT NULL DEFAULT '',
  `description` varchar(255) NOT NULL DEFAULT '',
  PRIMARY KEY (`app_id`,`exit_code`)
) ENGINE=InnoDB DEFAULT CHARSET=latin1;
/*!40101 SET character_set_client = @saved_cs_client */;

--
-- Table structure for table `grid_arrays`
--

DROP TABLE IF EXISTS `grid_arrays`;
/*!40101 SET @saved_cs_client     = @@character_set_client */;
/*!40101 SET character_set_client = utf8 */;
CREATE TABLE `grid_arrays` (
  `clusterid` int(10) unsigned NOT NULL,
  `jobid` int(10) unsigned NOT NULL,
  `submit_time` timestamp NOT NULL DEFAULT '0000-00-00 00:00:00',
  `stat` int(10) unsigned NOT NULL DEFAULT 0,
  `jType` int(10) unsigned NOT NULL DEFAULT 0,
  `jName` varchar(128) NOT NULL DEFAULT '',
  `user` varchar(60) NOT NULL DEFAULT '',
  `userGroup` varchar(60) DEFAULT NULL,
  `queue` varchar(60) NOT NULL DEFAULT '',
  `projectName` varchar(45) NOT NULL DEFAULT '0',
  `numJobs` int(10) unsigned NOT NULL DEFAULT 0,
  `numPEND` int(10) unsigned NOT NULL DEFAULT 0,
  `numPSUSP` int(10) unsigned NOT NULL DEFAULT 0,
  `numRUN` int(10) unsigned NOT NULL DEFAULT 0,
  `numSSUSP` int(10) unsigned NOT NULL DEFAULT 0,
  `numUSUSP` int(10) unsigned NOT NULL DEFAULT 0,
  `numEXIT` int(10) unsigned NOT NULL DEFAULT 0,
  `numDONE` int(10) unsigned NOT NULL DEFAULT 0,
  `minMemory` double NOT NULL DEFAULT 0,
  `maxMemory` double NOT NULL DEFAULT 0,
  `avgMemory` double NOT NULL DEFAULT 0,
  `minSwap` double NOT NULL DEFAULT 0,
  `maxSwap` double NOT NULL DEFAULT 0,
  `avgSwap` double NOT NULL DEFAULT 0,
  `totalCPU` double NOT NULL DEFAULT 0,
  `totalUTime` double NOT NULL DEFAULT 0,
  `totalSTime` double NOT NULL DEFAULT 0,
  `totalEfficiency` decimal(9,5) NOT NULL DEFAULT 0.00000,
  `first_seen` timestamp NOT NULL DEFAULT '0000-00-00 00:00:00',
  `last_updated` timestamp NOT NULL DEFAULT current_timestamp() ON UPDATE current_timestamp(),
  PRIMARY KEY (`clusterid`,`jobid`,`submit_time`),
  KEY `clusterid_last_updated` (`clusterid`,`last_updated`),
  KEY `clusterid_jName` (`clusterid`,`jName`),
  KEY `clusterid_user` (`clusterid`,`user`),
  KEY `clusterid_queue` (`clusterid`,`queue`),
  KEY `clusterid_userGroup` (`clusterid`,`userGroup`),
  KEY `clusterid_projectName` (`clusterid`,`projectName`),
  KEY `clusterid_stat` (`clusterid`,`stat`)
) ENGINE=InnoDB DEFAULT CHARSET=latin1 COMMENT='Job Groups and Array';
/*!40101 SET character_set_client = @saved_cs_client */;

--
-- Table structure for table `grid_arrays_finished`
--

DROP TABLE IF EXISTS `grid_arrays_finished`;
/*!40101 SET @saved_cs_client     = @@character_set_client */;
/*!40101 SET character_set_client = utf8 */;
CREATE TABLE `grid_arrays_finished` (
  `clusterid` int(10) unsigned NOT NULL,
  `jobid` int(10) unsigned NOT NULL,
  `submit_time` timestamp NOT NULL DEFAULT '0000-00-00 00:00:00',
  `stat` int(10) unsigned NOT NULL DEFAULT 0,
  `jType` int(10) unsigned NOT NULL DEFAULT 0,
  `jName` varchar(128) NOT NULL DEFAULT '',
  `user` varchar(60) NOT NULL DEFAULT '',
  `userGroup` varchar(60) DEFAULT NULL,
  `queue` varchar(60) NOT NULL DEFAULT '',
  `projectName` varchar(45) NOT NULL DEFAULT '0',
  `numJobs` int(10) unsigned NOT NULL DEFAULT 0,
  `numPEND` int(10) unsigned NOT NULL DEFAULT 0,
  `numPSUSP` int(10) unsigned NOT NULL DEFAULT 0,
  `numRUN` int(10) unsigned NOT NULL DEFAULT 0,
  `numSSUSP` int(10) unsigned NOT NULL DEFAULT 0,
  `numUSUSP` int(10) unsigned NOT NULL DEFAULT 0,
  `numEXIT` int(10) unsigned NOT NULL DEFAULT 0,
  `numDONE` int(10) unsigned NOT NULL DEFAULT 0,
  `minMemory` double NOT NULL DEFAULT 0,
  `maxMemory` double NOT NULL DEFAULT 0,
  `avgMemory` double NOT NULL DEFAULT 0,
  `minSwap` double NOT NULL DEFAULT 0,
  `maxSwap` double NOT NULL DEFAULT 0,
  `avgSwap` double NOT NULL DEFAULT 0,
  `totalCPU` double NOT NULL DEFAULT 0,
  `totalUTime` double NOT NULL DEFAULT 0,
  `totalSTime` double NOT NULL DEFAULT 0,
  `totalEfficiency` decimal(9,5) NOT NULL DEFAULT 0.00000,
  `first_seen` timestamp NOT NULL DEFAULT '0000-00-00 00:00:00',
  `last_updated` timestamp NOT NULL DEFAULT current_timestamp() ON UPDATE current_timestamp(),
  PRIMARY KEY (`clusterid`,`jobid`,`submit_time`),
  KEY `clusterid_last_updated` (`clusterid`,`last_updated`),
  KEY `clusterid_jName` (`clusterid`,`jName`),
  KEY `clusterid_user` (`clusterid`,`user`),
  KEY `clusterid_queue` (`clusterid`,`queue`),
  KEY `clusterid_userGroup` (`clusterid`,`userGroup`),
  KEY `clusterid_projectName` (`clusterid`,`projectName`),
  KEY `clusterid_stat` (`clusterid`,`stat`)
) ENGINE=InnoDB DEFAULT CHARSET=latin1 COMMENT='Finished Job Groups and Array';
/*!40101 SET character_set_client = @saved_cs_client */;

--
-- Table structure for table `grid_blstat`
--

DROP TABLE IF EXISTS `grid_blstat`;
/*!40101 SET @saved_cs_client     = @@character_set_client */;
/*!40101 SET character_set_client = utf8 */;
CREATE TABLE `grid_blstat` (
  `lsid` int(10) unsigned NOT NULL DEFAULT 0,
  `feature` varchar(64) NOT NULL,
  `service_domain` varchar(64) NOT NULL,
  `type` int(10) unsigned NOT NULL,
  `total_inuse` int(10) unsigned NOT NULL,
  `total_reserve` int(10) unsigned NOT NULL,
  `total_free` int(10) unsigned NOT NULL,
  `total_tokens` int(10) unsigned NOT NULL,
  `total_alloc` int(10) unsigned NOT NULL,
  `total_use` int(10) unsigned NOT NULL,
  `total_others` int(10) unsigned NOT NULL,
  `fd_total` int(10) unsigned DEFAULT 0,
  `fd_adj` int(10) unsigned DEFAULT 0,
  `fd_max` int(10) unsigned DEFAULT 0,
  `fd_step` int(10) DEFAULT 0,
  `fd_util` double DEFAULT 0,
  `fd_target` double DEFAULT 0,
  `last_updated` timestamp NOT NULL DEFAULT current_timestamp(),
  `present` tinyint(3) unsigned NOT NULL,
  PRIMARY KEY (`lsid`,`feature`,`service_domain`)
) ENGINE=InnoDB DEFAULT CHARSET=latin1 COMMENT='General License Scheduler Information';
/*!40101 SET character_set_client = @saved_cs_client */;

--
-- Table structure for table `grid_blstat_cluster_use`
--

DROP TABLE IF EXISTS `grid_blstat_cluster_use`;
/*!40101 SET @saved_cs_client     = @@character_set_client */;
/*!40101 SET character_set_client = utf8 */;
CREATE TABLE `grid_blstat_cluster_use` (
  `lsid` int(10) unsigned NOT NULL DEFAULT 0,
  `feature` varchar(64) NOT NULL,
  `project` varchar(64) NOT NULL,
  `type` tinyint(3) unsigned DEFAULT NULL,
  `cluster` varchar(20) NOT NULL,
  `clusterid` int(10) unsigned NOT NULL DEFAULT 0,
  `alloc` int(10) unsigned DEFAULT NULL,
  `inuse` int(10) unsigned NOT NULL,
  `reserve` int(10) unsigned NOT NULL,
  `over` int(10) unsigned DEFAULT NULL,
  `free` int(10) unsigned NOT NULL,
  `demand` int(10) unsigned DEFAULT NULL,
  `need` int(10) unsigned NOT NULL,
  `target` int(10) unsigned DEFAULT NULL,
  `acum_use` int(10) unsigned NOT NULL,
  `scaled_acum` int(10) unsigned NOT NULL,
  `avail` int(10) unsigned NOT NULL,
  `last_updated` timestamp NOT NULL DEFAULT current_timestamp(),
  `present` tinyint(3) unsigned NOT NULL,
  PRIMARY KEY (`lsid`,`feature`,`project`,`cluster`),
  KEY `present` (`present`) USING BTREE
) ENGINE=InnoDB DEFAULT CHARSET=latin1 COMMENT='License Scheduler Use by Cluster';
/*!40101 SET character_set_client = @saved_cs_client */;

--
-- Table structure for table `grid_blstat_clusters`
--

DROP TABLE IF EXISTS `grid_blstat_clusters`;
/*!40101 SET @saved_cs_client     = @@character_set_client */;
/*!40101 SET character_set_client = utf8 */;
CREATE TABLE `grid_blstat_clusters` (
  `lsid` int(10) unsigned NOT NULL DEFAULT 0,
  `feature` varchar(64) NOT NULL,
  `service_domain` varchar(64) NOT NULL,
  `cluster` varchar(20) NOT NULL,
  `clusterid` int(10) unsigned NOT NULL DEFAULT 0,
  `share` float NOT NULL,
  `alloc` int(10) unsigned NOT NULL,
  `inuse` int(10) unsigned NOT NULL,
  `reserve` int(10) unsigned NOT NULL,
  `over` int(10) unsigned NOT NULL,
  `peak` int(10) unsigned NOT NULL,
  `buffer` int(10) unsigned NOT NULL,
  `free` int(10) unsigned NOT NULL,
  `demand` int(10) unsigned NOT NULL,
  `max_reclaim` int(10) unsigned NOT NULL DEFAULT 0,
  `last_updated` timestamp NOT NULL DEFAULT current_timestamp(),
  `present` tinyint(3) unsigned NOT NULL,
  PRIMARY KEY (`lsid`,`feature`,`service_domain`,`cluster`) USING BTREE,
  KEY `present` (`present`) USING BTREE
) ENGINE=InnoDB DEFAULT CHARSET=latin1 COMMENT='License Scheduler Cluster Details';
/*!40101 SET character_set_client = @saved_cs_client */;

--
-- Table structure for table `grid_blstat_collector_clusters`
--

DROP TABLE IF EXISTS `grid_blstat_collector_clusters`;
/*!40101 SET @saved_cs_client     = @@character_set_client */;
/*!40101 SET character_set_client = utf8 */;
CREATE TABLE `grid_blstat_collector_clusters` (
  `lsid` int(10) unsigned NOT NULL DEFAULT 0,
  `clusterid` int(18) unsigned NOT NULL DEFAULT 0,
  PRIMARY KEY (`lsid`,`clusterid`)
) ENGINE=MyISAM COMMENT='Contains list of Clusters included in the bld';
/*!40101 SET character_set_client = @saved_cs_client */;

--
-- Table structure for table `grid_blstat_collectors`
--

DROP TABLE IF EXISTS `grid_blstat_collectors`;
/*!40101 SET @saved_cs_client     = @@character_set_client */;
/*!40101 SET character_set_client = utf8 */;
CREATE TABLE `grid_blstat_collectors` (
  `lsid` int(10) unsigned NOT NULL AUTO_INCREMENT,
  `clusterid` int(10) unsigned NOT NULL,
  `cacti_host` int(10) unsigned DEFAULT NULL,
  `name` varchar(128) NOT NULL,
  `region` varchar(40) DEFAULT '',
  `ls_version` int(10) unsigned NOT NULL,
  `ls_hosts` varchar(256) NOT NULL,
  `ls_admin` varchar(64) NOT NULL,
  `ls_port` int(10) unsigned NOT NULL,
  `disabled` char(2) DEFAULT '',
  `lsf_envdir` varchar(255) NOT NULL DEFAULT '',
  `advanced_enabled` char(2) NOT NULL DEFAULT '',
  `lsf_strict_checking` varchar(10) NOT NULL DEFAULT 'N',
  `poller_freq` int(10) unsigned NOT NULL,
  `blstat_lastrun` timestamp NOT NULL DEFAULT '0000-00-00 00:00:00',
  `graph_freq` int(10) unsigned NOT NULL,
  `graph_lastrun` timestamp NOT NULL DEFAULT '0000-00-00 00:00:00',
  PRIMARY KEY (`lsid`)
) ENGINE=MyISAM COMMENT='Defines Various License Scheduler BLD Settings';
/*!40101 SET character_set_client = @saved_cs_client */;

--
-- Table structure for table `grid_blstat_distribution`
--

DROP TABLE IF EXISTS `grid_blstat_distribution`;
/*!40101 SET @saved_cs_client     = @@character_set_client */;
/*!40101 SET character_set_client = utf8 */;
CREATE TABLE `grid_blstat_distribution` (
  `lsid` int(10) unsigned NOT NULL DEFAULT 0,
  `feature` varchar(64) NOT NULL,
  `service_domain` varchar(64) NOT NULL,
  `total` int(10) unsigned NOT NULL,
  `lsf_use` int(10) unsigned NOT NULL,
  `lsf_deserve` int(10) unsigned NOT NULL,
  `lsf_free` int(10) unsigned NOT NULL,
  `non_lsf_use` int(10) unsigned NOT NULL,
  `non_lsf_deserve` int(10) unsigned NOT NULL,
  `non_lsf_free` int(10) unsigned NOT NULL,
  `present` tinyint(3) unsigned NOT NULL,
  PRIMARY KEY (`lsid`,`feature`,`service_domain`),
  KEY `present` (`present`) USING BTREE
) ENGINE=InnoDB DEFAULT CHARSET=latin1;
/*!40101 SET character_set_client = @saved_cs_client */;

--
-- Table structure for table `grid_blstat_feature_map`
--

DROP TABLE IF EXISTS `grid_blstat_feature_map`;
/*!40101 SET @saved_cs_client     = @@character_set_client */;
/*!40101 SET character_set_client = utf8 */;
CREATE TABLE `grid_blstat_feature_map` (
  `lsid` int(10) unsigned NOT NULL DEFAULT 0,
  `bld_feature` varchar(64) NOT NULL,
  `lic_feature` varchar(64) NOT NULL,
  `present` tinyint(3) unsigned NOT NULL,
  PRIMARY KEY (`lsid`,`bld_feature`,`lic_feature`) USING BTREE,
  KEY `lic_feature` (`lic_feature`) USING BTREE,
  KEY `present` (`present`) USING BTREE
) ENGINE=InnoDB DEFAULT CHARSET=latin1 COMMENT='Maintains the mapping between BLD and the License Feature';
/*!40101 SET character_set_client = @saved_cs_client */;

--
-- Table structure for table `grid_blstat_projects`
--

DROP TABLE IF EXISTS `grid_blstat_projects`;
/*!40101 SET @saved_cs_client     = @@character_set_client */;
/*!40101 SET character_set_client = utf8 */;
CREATE TABLE `grid_blstat_projects` (
  `lsid` int(10) unsigned NOT NULL DEFAULT 0,
  `feature` varchar(64) NOT NULL,
  `service_domain` varchar(64) NOT NULL,
  `project` varchar(64) NOT NULL,
  `share` float NOT NULL,
  `own` int(10) unsigned NOT NULL,
  `inuse` int(10) unsigned NOT NULL,
  `reserve` int(10) unsigned NOT NULL,
  `free` int(10) unsigned NOT NULL,
  `demand` int(10) unsigned NOT NULL,
  `last_updated` timestamp NOT NULL DEFAULT current_timestamp(),
  `present` tinyint(3) unsigned NOT NULL,
  PRIMARY KEY (`lsid`,`feature`,`service_domain`,`project`) USING BTREE,
  KEY `present` (`present`) USING BTREE
) ENGINE=InnoDB DEFAULT CHARSET=latin1 COMMENT='License Scheduler Project Details';
/*!40101 SET character_set_client = @saved_cs_client */;

--
-- Table structure for table `grid_blstat_service_domains`
--

DROP TABLE IF EXISTS `grid_blstat_service_domains`;
/*!40101 SET @saved_cs_client     = @@character_set_client */;
/*!40101 SET character_set_client = utf8 */;
CREATE TABLE `grid_blstat_service_domains` (
  `lsid` int(10) unsigned NOT NULL DEFAULT 0,
  `service_domain` varchar(64) NOT NULL,
  `lic_id` int(10) unsigned NOT NULL,
  `present` tinyint(3) unsigned NOT NULL,
  PRIMARY KEY (`lsid`,`service_domain`,`lic_id`) USING BTREE,
  KEY `present` (`present`) USING BTREE
) ENGINE=InnoDB DEFAULT CHARSET=latin1 COMMENT='Maintains the mapping between BLD Service Domains and License Services';
/*!40101 SET character_set_client = @saved_cs_client */;

--
-- Table structure for table `grid_blstat_tasks`
--

DROP TABLE IF EXISTS `grid_blstat_tasks`;
/*!40101 SET @saved_cs_client     = @@character_set_client */;
/*!40101 SET character_set_client = utf8 */;
CREATE TABLE `grid_blstat_tasks` (
  `lsid` int(10) unsigned NOT NULL DEFAULT 0,
  `feature` varchar(64) NOT NULL,
  `project` varchar(64) NOT NULL,
  `host` varchar(64) NOT NULL,
  `user` varchar(60) NOT NULL,
  `stat` varchar(10) NOT NULL,
  `tid` int(10) unsigned NOT NULL,
  `connect_time` timestamp NOT NULL DEFAULT '0000-00-00 00:00:00',
  `terminal` varchar(10) NOT NULL,
  `pgid` int(10) unsigned NOT NULL,
  `cpu_time` int(10) unsigned NOT NULL,
  `memory` int(10) unsigned NOT NULL,
  `swap` int(10) unsigned NOT NULL,
  `cpu_idle` timestamp NOT NULL DEFAULT '0000-00-00 00:00:00',
  `res_requirements` varchar(128) NOT NULL,
  `command` varchar(256) NOT NULL,
  `present` tinyint(3) unsigned NOT NULL,
  PRIMARY KEY (`lsid`,`feature`,`host`,`user`,`tid`) USING BTREE,
  KEY `present` (`present`) USING BTREE
) ENGINE=InnoDB DEFAULT CHARSET=latin1 COMMENT='License Scheduler Task Details';
/*!40101 SET character_set_client = @saved_cs_client */;

--
-- Table structure for table `grid_blstat_users`
--

DROP TABLE IF EXISTS `grid_blstat_users`;
/*!40101 SET @saved_cs_client     = @@character_set_client */;
/*!40101 SET character_set_client = utf8 */;
CREATE TABLE `grid_blstat_users` (
  `lsid` int(10) unsigned NOT NULL DEFAULT 0,
  `jobid` int(10) unsigned NOT NULL,
  `indexid` int(10) unsigned NOT NULL,
  `cluster` varchar(20) NOT NULL,
  `clusterid` int(10) unsigned NOT NULL DEFAULT 0,
  `user` varchar(60) NOT NULL,
  `host` varchar(64) NOT NULL,
  `project` varchar(64) NOT NULL,
  `start_time` timestamp NOT NULL DEFAULT '0000-00-00 00:00:00',
  `resource` varchar(45) NOT NULL,
  `rusage` int(10) unsigned NOT NULL,
  `service_domain` varchar(64) NOT NULL,
  `present` tinyint(3) unsigned NOT NULL,
  PRIMARY KEY (`lsid`,`jobid`,`indexid`,`cluster`,`resource`) USING HASH,
  KEY `user` (`user`),
  KEY `host` (`host`),
  KEY `project` (`project`),
  KEY `resource` (`resource`) USING BTREE,
  KEY `present` (`present`) USING BTREE
) ENGINE=InnoDB DEFAULT CHARSET=latin1 COMMENT='User information from License Scheduler';
/*!40101 SET character_set_client = @saved_cs_client */;

--
-- Table structure for table `grid_clusters`
--

DROP TABLE IF EXISTS `grid_clusters`;
/*!40101 SET @saved_cs_client     = @@character_set_client */;
/*!40101 SET character_set_client = utf8 */;
CREATE TABLE `grid_clusters` (
  `clusterid` int(10) unsigned NOT NULL AUTO_INCREMENT,
  `poller_id` int(10) unsigned NOT NULL DEFAULT 1,
  `cacti_host` int(10) unsigned NOT NULL DEFAULT 0,
  `cacti_tree` int(10) unsigned NOT NULL DEFAULT 0,
  `clustername` varchar(128) NOT NULL DEFAULT '',
  `cluster_timezone` varchar(64) NOT NULL DEFAULT '',
  `efficiency_state` tinyint(3) unsigned NOT NULL DEFAULT 1,
  `efficiency` double NOT NULL DEFAULT 100,
  `efficiency_queues` varchar(255) DEFAULT '',
  `efficiency_warn_count` int(10) unsigned NOT NULL DEFAULT 0,
  `efficiency_alarm_count` int(10) unsigned NOT NULL DEFAULT 0,
  `efficiency_clear_count` int(10) unsigned NOT NULL DEFAULT 0,
  `disabled` char(2) NOT NULL DEFAULT '',
  `total_hosts` int(10) unsigned NOT NULL DEFAULT 0,
  `total_cpus` int(10) unsigned NOT NULL DEFAULT 0,
  `total_clients` int(10) unsigned NOT NULL DEFAULT 0,
  `hourly_started_jobs` double NOT NULL DEFAULT 0,
  `hourly_done_jobs` double NOT NULL DEFAULT 0,
  `hourly_exit_jobs` double NOT NULL DEFAULT 0,
  `daily_started_jobs` double NOT NULL DEFAULT 0,
  `daily_done_jobs` double NOT NULL DEFAULT 0,
  `daily_exit_jobs` double NOT NULL DEFAULT 0,
  `lim_timeout` int(10) unsigned NOT NULL DEFAULT 10,
  `mbd_timeout` int(10) unsigned NOT NULL DEFAULT 10,
  `mbd_job_timeout` int(10) unsigned NOT NULL DEFAULT 1,
  `mbd_job_retries` int(10) unsigned NOT NULL DEFAULT 1,
  `lsf_envdir` varchar(255) DEFAULT '',
  `lsf_confdir` varchar(255) DEFAULT '',
  `ego_confdir` varchar(255) NOT NULL DEFAULT '',
  `lsf_version` int(10) unsigned NOT NULL DEFAULT 10,
  `lsf_clustername` varchar(128) NOT NULL DEFAULT '',
  `lsf_ls_error` int(10) unsigned NOT NULL DEFAULT 0,
  `lsf_lsb_error` int(10) unsigned NOT NULL DEFAULT 0,
  `lsf_lsb_jobs_error` int(10) unsigned NOT NULL DEFAULT 0,
  `lsf_lim_response` float NOT NULL DEFAULT 0,
  `lsf_lsb_response` float NOT NULL DEFAULT 0,
  `lsf_lsb_jobs_response` float NOT NULL DEFAULT 0,
  `lsf_admins` varchar(256) NOT NULL DEFAULT '',
  `lsb_debug` varchar(20) NOT NULL DEFAULT '',
  `lsf_lim_debug` varchar(20) NOT NULL DEFAULT '',
  `lsf_res_debug` varchar(20) NOT NULL DEFAULT '',
  `lsf_log_mask` varchar(50) NOT NULL DEFAULT '',
  `lsf_master` varchar(64) NOT NULL DEFAULT '',
  `lsf_masterhosts` varchar(1024) NOT NULL DEFAULT '',
  `lsf_serverhosts` varchar(1024) NOT NULL DEFAULT '',
  `lsf_lic_schedhosts` varchar(1024) NOT NULL DEFAULT '',
  `lsf_unit` varchar(4) NOT NULL DEFAULT '',
  `collection_timing` int(10) unsigned NOT NULL,
  `max_nonjob_runtime` int(10) unsigned NOT NULL,
  `job_minor_timing` int(10) unsigned NOT NULL,
  `job_major_timing` int(10) unsigned NOT NULL,
  `ha_timing` int(10) unsigned NOT NULL,
  `max_job_runtime` int(10) unsigned NOT NULL,
  `ip` varchar(255) NOT NULL DEFAULT '',
  `lim_port` varchar(10) NOT NULL DEFAULT '',
  `lsf_ego` char(3) DEFAULT 'N',
  `lsf_strict_checking` varchar(10) NOT NULL DEFAULT 'N',
  `lsf_krb_auth` varchar(3) NOT NULL DEFAULT '',
  `lsf_master_hostname` varchar(255) NOT NULL DEFAULT '',
  `username` varchar(255) NOT NULL DEFAULT '',
  `credential` varchar(512) NOT NULL DEFAULT '',
  `communication` varchar(10) NOT NULL DEFAULT 'ssh',
  `privatekey_path` varchar(255) NOT NULL DEFAULT '',
  `LSF_TOP` varchar(255) NOT NULL DEFAULT '',
  `add_frequency` int(10) unsigned NOT NULL,
  `host_template_id` mediumint(8) unsigned NOT NULL DEFAULT 14,
  `add_graph_frequency` int(10) unsigned NOT NULL DEFAULT 0,
  `advanced_enabled` char(2) NOT NULL DEFAULT '',
  `email_domain` varchar(64) NOT NULL DEFAULT '',
  `email_admin` varchar(512) NOT NULL DEFAULT '',
  `grididle_enabled` char(2) NOT NULL DEFAULT '',
  `grididle_notify` int(1) NOT NULL DEFAULT 0,
  `grididle_runtime` int(10) NOT NULL DEFAULT 3600,
  `grididle_window` int(10) NOT NULL DEFAULT 3600,
  `grididle_cputime` int(10) NOT NULL DEFAULT 24,
  `grididle_jobtypes` varchar(20) NOT NULL DEFAULT 'all',
  `grididle_jobcommands` varchar(255) NOT NULL DEFAULT '',
  `grididle_exclude_queues` varchar(255) NOT NULL DEFAULT '',
  `perfmon_run` char(3) DEFAULT '',
  `perfmon_interval` int(10) unsigned DEFAULT 0,
  `exec_host_res_req` varchar(512) NOT NULL DEFAULT '',
  PRIMARY KEY (`clusterid`),
  KEY `poller_id_disabled` (`poller_id`,`disabled`)
) ENGINE=InnoDB DEFAULT CHARSET=latin1;
/*!40101 SET character_set_client = @saved_cs_client */;

--
-- Table structure for table `grid_clusters_benchmark_summary`
--

DROP TABLE IF EXISTS `grid_clusters_benchmark_summary`;
/*!40101 SET @saved_cs_client     = @@character_set_client */;
/*!40101 SET character_set_client = utf8 */;
CREATE TABLE `grid_clusters_benchmark_summary` (
  `clusterid` int(10) unsigned NOT NULL,
  `benchmark_id` int(10) NOT NULL DEFAULT 0,
  `start_time` timestamp NOT NULL DEFAULT '0000-00-00 00:00:00',
  `pjob_jobid` int(10) unsigned NOT NULL,
  `pjob_submit_time` timestamp NOT NULL DEFAULT '0000-00-00 00:00:00',
  `pjob_bsubTime` double unsigned DEFAULT 0,
  `pjob_seenTime` double unsigned DEFAULT 0,
  `pjob_runTime` double unsigned DEFAULT 0,
  `pjob_doneTime` double unsigned DEFAULT 0,
  `pjob_seenDoneTime` double unsigned DEFAULT 0,
  `pjob_startTime` double unsigned DEFAULT 0,
  `exitStatus` int(10) unsigned DEFAULT 0,
  `exitInfo` int(10) unsigned DEFAULT 0,
  `exceptMask` int(10) unsigned DEFAULT 0,
  `status` int(10) unsigned DEFAULT 1,
  PRIMARY KEY (`clusterid`,`benchmark_id`,`start_time`)
) ENGINE=InnoDB COMMENT='Contains Benchmark Job Runtimes';
/*!40101 SET character_set_client = @saved_cs_client */;

--
-- Table structure for table `grid_clusters_benchmarks`
--

DROP TABLE IF EXISTS `grid_clusters_benchmarks`;
/*!40101 SET @saved_cs_client     = @@character_set_client */;
/*!40101 SET character_set_client = utf8 */;
CREATE TABLE `grid_clusters_benchmarks` (
  `benchmark_id` int(10) NOT NULL AUTO_INCREMENT,
  `benchmark_type` mediumint(1) NOT NULL,
  `enabled` mediumint(1) NOT NULL,
  `benchmark_name` varchar(100) NOT NULL,
  `run_interval` int(10) NOT NULL,
  `last_runtime` int(10) NOT NULL,
  `max_runtime` int(10) unsigned DEFAULT 300,
  `warn_time` int(10) unsigned DEFAULT 10,
  `alert_time` int(10) unsigned DEFAULT 20,
  `clusterid` mediumint(8) NOT NULL,
  `username` varchar(60) NOT NULL,
  `queue` varchar(60) NOT NULL,
  `user_group` varchar(60) DEFAULT NULL,
  `project` varchar(64) DEFAULT NULL,
  `res_req` varchar(255) DEFAULT NULL,
  `command` varchar(100) NOT NULL,
  `host_spec` varchar(100) DEFAULT NULL,
  `status` int(10) unsigned DEFAULT 0,
  `status_rec_date` timestamp NOT NULL DEFAULT '0000-00-00 00:00:00',
  `status_fail_date` timestamp NOT NULL DEFAULT '0000-00-00 00:00:00',
  `status_last_error` varchar(255) DEFAULT '',
  `min_time` double DEFAULT 0,
  `max_time` double DEFAULT 0,
  `cur_time` double DEFAULT 0,
  `avg_time` double DEFAULT 0,
  `total_good_runs` int(10) unsigned DEFAULT 0,
  `total_failed_runs` int(10) unsigned DEFAULT 0,
  `total_errored_runs` int(10) unsigned NOT NULL DEFAULT 0,
  `pjob_bsubTime` double DEFAULT NULL,
  `pjob_seenTime` double DEFAULT NULL,
  `pjob_runTime` double DEFAULT NULL,
  `pjob_doneTime` double DEFAULT NULL,
  `pjob_seenDoneTime` double DEFAULT NULL,
  `pjob_startTime` double DEFAULT NULL,
  `task_num_in_job` varchar(64) DEFAULT NULL,
  `exclusive_job` char(2) DEFAULT '',
  PRIMARY KEY (`benchmark_id`)
) ENGINE=InnoDB COMMENT='Contains Defined Benchmark Jobs and Status';
/*!40101 SET character_set_client = @saved_cs_client */;

--
-- Table structure for table `grid_clusters_dashboard_items`
--

DROP TABLE IF EXISTS `grid_clusters_dashboard_items`;
/*!40101 SET @saved_cs_client     = @@character_set_client */;
/*!40101 SET character_set_client = utf8 */;
CREATE TABLE `grid_clusters_dashboard_items` (
  `dashboard_item_id` int(10) unsigned NOT NULL AUTO_INCREMENT,
  `clusterid` int(10) unsigned NOT NULL,
  `user_id` int(10) unsigned NOT NULL,
  `type` varchar(10) NOT NULL,
  `type_id` int(10) unsigned NOT NULL,
  `sequence` int(10) unsigned NOT NULL,
  PRIMARY KEY (`dashboard_item_id`)
) ENGINE=InnoDB DEFAULT CHARSET=latin1;
/*!40101 SET character_set_client = @saved_cs_client */;

--
-- Table structure for table `grid_clusters_perfmon_metrics`
--

DROP TABLE IF EXISTS `grid_clusters_perfmon_metrics`;
/*!40101 SET @saved_cs_client     = @@character_set_client */;
/*!40101 SET character_set_client = utf8 */;
CREATE TABLE `grid_clusters_perfmon_metrics` (
  `clusterid` int(10) unsigned NOT NULL DEFAULT 0,
  `metric` varchar(40) NOT NULL DEFAULT '',
  `current` double NOT NULL DEFAULT 0,
  `max` double NOT NULL DEFAULT 0,
  `min` double NOT NULL DEFAULT 0,
  `avg` double NOT NULL DEFAULT 0,
  `total` double NOT NULL DEFAULT 0,
  `present` tinyint(3) unsigned NOT NULL DEFAULT 1,
  PRIMARY KEY (`clusterid`,`metric`)
) ENGINE=InnoDB DEFAULT CHARSET=latin1 COMMENT='Contains Perfmon Metrics';
/*!40101 SET character_set_client = @saved_cs_client */;

--
-- Table structure for table `grid_clusters_perfmon_metrics_type`
--

DROP TABLE IF EXISTS `grid_clusters_perfmon_metrics_type`;
/*!40101 SET @saved_cs_client     = @@character_set_client */;
/*!40101 SET character_set_client = utf8 */;
CREATE TABLE `grid_clusters_perfmon_metrics_type` (
  `metric` varchar(40) NOT NULL DEFAULT '',
  `type` int(10) unsigned NOT NULL DEFAULT 0,
  PRIMARY KEY (`metric`),
  KEY `type` (`type`) USING BTREE
) ENGINE=InnoDB DEFAULT CHARSET=latin1 COMMENT='Define Perfmon Metrics type';
/*!40101 SET character_set_client = @saved_cs_client */;

--
-- Dumping data for table `grid_clusters_perfmon_metrics_type`
--

LOCK TABLES `grid_clusters_perfmon_metrics_type` WRITE;
/*!40000 ALTER TABLE `grid_clusters_perfmon_metrics_type` DISABLE KEYS */;
INSERT INTO `grid_clusters_perfmon_metrics_type` VALUES ('Host information queries',1),('Job information queries',1),('Job submission requests',1),('Jobs accepted from remote cluster',1),('Jobs completed',1),('Jobs dispatched',1),('Jobs reordered',1),('Jobs sent to remote cluster',1),('Jobs submitted',1),('Processed requests: mbatchd',1),('Queue information queries',1),('Job buckets',2),('Matching host criteria',2),('Scheduling interval in second(s)',2),('MBD file descriptor usage',3),('Memory utilization',4),('Slot utilization',4);
/*!40000 ALTER TABLE `grid_clusters_perfmon_metrics_type` ENABLE KEYS */;
UNLOCK TABLES;

--
-- Table structure for table `grid_clusters_perfmon_status`
--

DROP TABLE IF EXISTS `grid_clusters_perfmon_status`;
/*!40101 SET @saved_cs_client     = @@character_set_client */;
/*!40101 SET character_set_client = utf8 */;
CREATE TABLE `grid_clusters_perfmon_status` (
  `clusterid` int(10) unsigned NOT NULL DEFAULT 0,
  `clients` int(10) unsigned NOT NULL DEFAULT 0,
  `clients_peak` int(10) unsigned NOT NULL DEFAULT 0,
  `servers` int(10) unsigned NOT NULL DEFAULT 0,
  `servers_peak` int(10) unsigned NOT NULL DEFAULT 0,
  `cpus` int(10) unsigned NOT NULL DEFAULT 0,
  `cpus_peak` int(10) unsigned NOT NULL DEFAULT 0,
  `cores` int(10) unsigned NOT NULL DEFAULT 0,
  `cores_peak` int(10) unsigned NOT NULL DEFAULT 0,
  `slots` int(10) unsigned NOT NULL DEFAULT 0,
  `slots_peak` int(10) unsigned NOT NULL DEFAULT 0,
  `serv_all` int(10) unsigned NOT NULL DEFAULT 0,
  `serv_ok` int(10) unsigned NOT NULL DEFAULT 0,
  `serv_closed` int(10) unsigned NOT NULL DEFAULT 0,
  `serv_unreachable` int(10) unsigned NOT NULL DEFAULT 0,
  `serv_unavail` int(10) unsigned NOT NULL DEFAULT 0,
  `dc_servers` int(10) unsigned NOT NULL DEFAULT 0,
  `dc_servers_peak` int(10) unsigned NOT NULL DEFAULT 0,
  `dc_cores` int(10) unsigned NOT NULL DEFAULT 0,
  `dc_cores_peak` int(10) unsigned NOT NULL DEFAULT 0,
  `dc_vm_containers` int(10) unsigned NOT NULL DEFAULT 0,
  `dc_vm_containers_peak` int(10) unsigned NOT NULL DEFAULT 0,
  `num_jobs` int(10) unsigned NOT NULL DEFAULT 0,
  `num_run` int(10) unsigned NOT NULL DEFAULT 0,
  `num_susp` int(10) unsigned NOT NULL DEFAULT 0,
  `num_pend` int(10) unsigned NOT NULL DEFAULT 0,
  `num_finished` int(10) unsigned NOT NULL DEFAULT 0,
  `num_users` int(10) unsigned NOT NULL DEFAULT 0,
  `num_active_users` int(10) unsigned NOT NULL DEFAULT 0,
  `num_groups` int(10) unsigned NOT NULL DEFAULT 0,
  `last_mbatchd_start` timestamp NOT NULL DEFAULT '0000-00-00 00:00:00',
  `active_mbd_pid` int(10) unsigned NOT NULL DEFAULT 0,
  `last_mbatchd_reconfig` timestamp NOT NULL DEFAULT '0000-00-00 00:00:00',
  `present` tinyint(3) unsigned NOT NULL DEFAULT 0,
  PRIMARY KEY (`clusterid`)
) ENGINE=InnoDB DEFAULT CHARSET=latin1 COMMENT='Contains badmin showstatus information';
/*!40101 SET character_set_client = @saved_cs_client */;

--
-- Table structure for table `grid_clusters_perfmon_summary`
--

DROP TABLE IF EXISTS `grid_clusters_perfmon_summary`;
/*!40101 SET @saved_cs_client     = @@character_set_client */;
/*!40101 SET character_set_client = utf8 */;
CREATE TABLE `grid_clusters_perfmon_summary` (
  `clusterid` int(10) unsigned NOT NULL DEFAULT 0,
  `last_jobid` int(10) unsigned NOT NULL DEFAULT 0,
  `start_time` timestamp NOT NULL DEFAULT '0000-00-00 00:00:00',
  `last_run` timestamp NOT NULL DEFAULT '0000-00-00 00:00:00',
  `poller_interval` int(10) unsigned NOT NULL DEFAULT 0,
  `pjob_submitTime` double NOT NULL DEFAULT 0,
  `pjob_seenTime` double NOT NULL DEFAULT 0,
  `pjob_runTime` int(10) unsigned NOT NULL DEFAULT 0,
  `pjob_doneTime` double NOT NULL DEFAULT 0,
  `pjob_seenDoneTime` double NOT NULL DEFAULT 0,
  `pjob_startTime` double NOT NULL DEFAULT 0,
  `present` tinyint(3) unsigned NOT NULL DEFAULT 0,
  PRIMARY KEY (`clusterid`)
) ENGINE=InnoDB DEFAULT CHARSET=latin1 COMMENT='Contains Perfmon Sampling Information';
/*!40101 SET character_set_client = @saved_cs_client */;

--
-- Table structure for table `grid_clusters_queue_reportdata`
--

DROP TABLE IF EXISTS `grid_clusters_queue_reportdata`;
/*!40101 SET @saved_cs_client     = @@character_set_client */;
/*!40101 SET character_set_client = utf8 */;
CREATE TABLE `grid_clusters_queue_reportdata` (
  `clusterid` int(10) unsigned NOT NULL DEFAULT 0,
  `queue` varchar(60) NOT NULL,
  `reportid` varchar(20) NOT NULL,
  `name` varchar(20) NOT NULL,
  `value` double NOT NULL DEFAULT 0,
  `present` tinyint(3) unsigned NOT NULL,
  PRIMARY KEY (`clusterid`,`queue`,`reportid`,`name`)
) ENGINE=MEMORY COMMENT='queue level reporting results table';
/*!40101 SET character_set_client = @saved_cs_client */;

--
-- Table structure for table `grid_clusters_reportdata`
--

DROP TABLE IF EXISTS `grid_clusters_reportdata`;
/*!40101 SET @saved_cs_client     = @@character_set_client */;
/*!40101 SET character_set_client = utf8 */;
CREATE TABLE `grid_clusters_reportdata` (
  `clusterid` int(10) unsigned NOT NULL DEFAULT 0,
  `reportid` varchar(20) NOT NULL,
  `name` varchar(20) NOT NULL,
  `value` double NOT NULL DEFAULT 0,
  `present` tinyint(3) unsigned NOT NULL,
  PRIMARY KEY (`clusterid`,`reportid`,`name`)
) ENGINE=MEMORY COMMENT='cluster level reporting results table';
/*!40101 SET character_set_client = @saved_cs_client */;

--
-- Table structure for table `grid_elim_instance_graphs`
--

DROP TABLE IF EXISTS `grid_elim_instance_graphs`;
/*!40101 SET @saved_cs_client     = @@character_set_client */;
/*!40101 SET character_set_client = utf8 */;
CREATE TABLE `grid_elim_instance_graphs` (
  `grid_elim_template_instance_id` mediumint(8) unsigned NOT NULL,
  `local_graph_id` int(10) unsigned NOT NULL,
  PRIMARY KEY (`grid_elim_template_instance_id`,`local_graph_id`)
) ENGINE=InnoDB DEFAULT CHARSET=latin1 COMMENT='Stores the Map of ELIM template instance to the cacti graph local.';
/*!40101 SET character_set_client = @saved_cs_client */;

--
-- Table structure for table `grid_elim_template_instances`
--

DROP TABLE IF EXISTS `grid_elim_template_instances`;
/*!40101 SET @saved_cs_client     = @@character_set_client */;
/*!40101 SET character_set_client = utf8 */;
CREATE TABLE `grid_elim_template_instances` (
  `id` mediumint(8) unsigned NOT NULL AUTO_INCREMENT,
  `name` char(255) NOT NULL DEFAULT '',
  `grid_elim_template_id` mediumint(8) unsigned NOT NULL DEFAULT 0,
  `clusterid` int(10) unsigned NOT NULL DEFAULT 0,
  `hosttype_option` tinyint(3) unsigned NOT NULL DEFAULT 0,
  `hosttype_value` varchar(40) DEFAULT NULL,
  `data_source_profile_id` mediumint(8) unsigned NOT NULL DEFAULT 1,
  PRIMARY KEY (`id`),
  KEY `grid_elim_template_id` (`grid_elim_template_id`)
) ENGINE=InnoDB DEFAULT CHARSET=latin1 COMMENT='Stores the instances of  ELIM graph template.';
/*!40101 SET character_set_client = @saved_cs_client */;

--
-- Table structure for table `grid_elim_templates`
--

DROP TABLE IF EXISTS `grid_elim_templates`;
/*!40101 SET @saved_cs_client     = @@character_set_client */;
/*!40101 SET character_set_client = utf8 */;
CREATE TABLE `grid_elim_templates` (
  `id` mediumint(8) unsigned NOT NULL AUTO_INCREMENT,
  `hash` char(32) NOT NULL DEFAULT '',
  `name` char(255) NOT NULL DEFAULT '',
  PRIMARY KEY (`id`),
  KEY `name` (`name`(191))
) ENGINE=InnoDB DEFAULT CHARSET=latin1 COMMENT='Contains each ELIM graph template name.';
/*!40101 SET character_set_client = @saved_cs_client */;

--
-- Dumping data for table `grid_elim_templates`
--

LOCK TABLES `grid_elim_templates` WRITE;
/*!40000 ALTER TABLE `grid_elim_templates` DISABLE KEYS */;
INSERT INTO `grid_elim_templates` VALUES (1,'9fe8b4da353689d376b99b2ea526cc6b','GPFS Bandwidth'),(2,'dcbaf5eabd9826ba9b8b67635ecb7990','GPFS File Operations'),(3,'f1d3919bde5ba09f2ed3f5e30ef4ea9f','2 GPUs Memory Usage'),(4,'415e40a19c29ab428c055e5ff7957efe','4 GPUs Utilization'),(5,'be548c1e38f97c6bc7e36ae56767a15c','Shared GPU Memory Utilization'),(6,'78062cfe63b0877b4c9a4fb3225f0976','Shared GPU Utilization');
/*!40000 ALTER TABLE `grid_elim_templates` ENABLE KEYS */;
UNLOCK TABLES;

--
-- Table structure for table `grid_elim_templates_graph`
--

DROP TABLE IF EXISTS `grid_elim_templates_graph`;
/*!40101 SET @saved_cs_client     = @@character_set_client */;
/*!40101 SET character_set_client = utf8 */;
CREATE TABLE `grid_elim_templates_graph` (
  `id` int(10) unsigned NOT NULL AUTO_INCREMENT,
  `local_graph_template_graph_id` int(10) unsigned NOT NULL DEFAULT 0,
  `local_graph_id` int(10) unsigned NOT NULL DEFAULT 0,
  `graph_template_id` mediumint(8) unsigned NOT NULL DEFAULT 0,
  `t_image_format_id` char(2) DEFAULT '',
  `image_format_id` tinyint(3) unsigned NOT NULL DEFAULT 0,
  `t_title` char(2) DEFAULT '',
  `title` varchar(255) NOT NULL DEFAULT '',
  `title_cache` varchar(255) NOT NULL DEFAULT '',
  `t_height` char(2) DEFAULT '',
  `height` mediumint(8) NOT NULL DEFAULT 0,
  `t_width` char(2) DEFAULT '',
  `width` mediumint(8) NOT NULL DEFAULT 0,
  `t_upper_limit` char(2) DEFAULT '',
  `upper_limit` varchar(20) NOT NULL DEFAULT '0',
  `t_lower_limit` char(2) DEFAULT '',
  `lower_limit` varchar(20) NOT NULL DEFAULT '0',
  `t_vertical_label` char(2) DEFAULT '',
  `vertical_label` varchar(200) DEFAULT NULL,
  `t_slope_mode` char(2) DEFAULT '',
  `slope_mode` char(2) DEFAULT 'on',
  `t_auto_scale` char(2) DEFAULT '',
  `auto_scale` char(2) DEFAULT NULL,
  `t_auto_scale_opts` char(2) DEFAULT '',
  `auto_scale_opts` tinyint(3) unsigned NOT NULL DEFAULT 0,
  `t_auto_scale_log` char(2) DEFAULT '',
  `auto_scale_log` char(2) DEFAULT NULL,
  `t_scale_log_units` char(2) DEFAULT '',
  `scale_log_units` char(2) DEFAULT NULL,
  `t_auto_scale_rigid` char(2) DEFAULT '',
  `auto_scale_rigid` char(2) DEFAULT NULL,
  `t_auto_padding` char(2) DEFAULT '',
  `auto_padding` char(2) DEFAULT NULL,
  `t_base_value` char(2) DEFAULT '',
  `base_value` mediumint(8) NOT NULL DEFAULT 0,
  `t_grouping` char(2) DEFAULT '',
  `grouping` char(2) NOT NULL DEFAULT '',
  `t_unit_value` char(2) DEFAULT '',
  `unit_value` varchar(20) DEFAULT NULL,
  `t_unit_exponent_value` char(2) DEFAULT '',
  `unit_exponent_value` varchar(5) NOT NULL DEFAULT '',
  `t_alt_y_grid` char(2) DEFAULT '',
  `alt_y_grid` char(2) DEFAULT NULL,
  `t_right_axis` char(2) DEFAULT '',
  `right_axis` varchar(20) DEFAULT NULL,
  `t_right_axis_label` char(2) DEFAULT '',
  `right_axis_label` varchar(200) DEFAULT NULL,
  `t_right_axis_format` char(2) DEFAULT '',
  `right_axis_format` mediumint(8) DEFAULT NULL,
  `t_right_axis_formatter` char(2) DEFAULT '',
  `right_axis_formatter` varchar(10) DEFAULT NULL,
  `t_left_axis_formatter` char(2) DEFAULT '',
  `left_axis_formatter` varchar(10) DEFAULT NULL,
  `t_no_gridfit` char(2) DEFAULT '',
  `no_gridfit` char(2) DEFAULT NULL,
  `t_unit_length` char(2) DEFAULT '',
  `unit_length` varchar(10) DEFAULT NULL,
  `t_tab_width` char(2) DEFAULT '',
  `tab_width` varchar(20) DEFAULT '30',
  `t_dynamic_labels` char(2) DEFAULT '',
  `dynamic_labels` char(2) DEFAULT NULL,
  `t_force_rules_legend` char(2) DEFAULT '',
  `force_rules_legend` char(2) DEFAULT NULL,
  `t_legend_position` char(2) DEFAULT '',
  `legend_position` varchar(10) DEFAULT NULL,
  `t_legend_direction` char(2) DEFAULT '',
  `legend_direction` varchar(10) DEFAULT NULL,
  PRIMARY KEY (`id`),
  KEY `local_graph_id` (`local_graph_id`),
  KEY `graph_template_id` (`graph_template_id`),
  KEY `title_cache` (`title_cache`(191))
) ENGINE=InnoDB COMMENT='Stores the actual graph data.';
/*!40101 SET character_set_client = @saved_cs_client */;

--
-- Dumping data for table `grid_elim_templates_graph`
--

LOCK TABLES `grid_elim_templates_graph` WRITE;
/*!40000 ALTER TABLE `grid_elim_templates_graph` DISABLE KEYS */;
INSERT INTO `grid_elim_templates_graph` VALUES (1,0,0,1,'',1,'','|host_description|-GPFS-Bandwidth','','',120,'',500,'','','','0','','mbytes/second','','on','','on','',2,'','','','','','','','on','',1024,'','','','','','','',NULL,'',NULL,'',NULL,'',NULL,'',NULL,'',NULL,'',NULL,'',NULL,'','30','',NULL,'',NULL,'',NULL,'',NULL),(2,0,0,2,'',1,'','|host_description|-File-Operations','','',120,'',500,'','','','0','','operations/second','','on','','on','',2,'','','','','','','','on','',1024,'','','','','','','',NULL,'',NULL,'',NULL,'',NULL,'',NULL,'',NULL,'',NULL,'',NULL,'','30','',NULL,'',NULL,'',NULL,'',NULL),(3,0,0,3,'',1,'','|host_description| - GPU Memory Usage','','',120,'',500,'','','','0','','MB','','on','','on','',2,'','','','','','','','on','',1024,'','','','','','','','','','','','','',0,'','0','','0','','','','','','30','','','','','','0','','0'),(4,0,0,4,'',1,'','|host_description| - GPU Utilization','','',120,'',500,'','110','','0','','Utilization (%)','','on','','','',4,'','','','','','','','on','',1000,'','','','','','','','','','','','','',0,'','0','','0','','','','','','30','','','','','','0','','0'),(5,0,0,5,'',1,'','|host_description| - Shared GPU Memory Utilization','','',120,'',500,'','110','','0','','Utilization (%)','','on','','','',2,'','','','','','','','on','',1024,'','','','','','','',NULL,'',NULL,'',NULL,'',NULL,'',NULL,'',NULL,'',NULL,'',NULL,'','30','',NULL,'',NULL,'',NULL,'',NULL),(6,0,0,6,'',1,'','|host_description| - Shared GPU Utilization','','',120,'',500,'','110','','0','','Utilization (%)','','on','','','',2,'','','','','','','','on','',1024,'','','','','','','',NULL,'',NULL,'',NULL,'',NULL,'',NULL,'',NULL,'',NULL,'',NULL,'','30','',NULL,'',NULL,'',NULL,'',NULL);
/*!40000 ALTER TABLE `grid_elim_templates_graph` ENABLE KEYS */;
UNLOCK TABLES;

--
-- Table structure for table `grid_elim_templates_graph_map`
--

DROP TABLE IF EXISTS `grid_elim_templates_graph_map`;
/*!40101 SET @saved_cs_client     = @@character_set_client */;
/*!40101 SET character_set_client = utf8 */;
CREATE TABLE `grid_elim_templates_graph_map` (
  `local_graph_id` int(10) unsigned NOT NULL,
  `graph_templates_graph_id` mediumint(8) unsigned NOT NULL,
  `grid_elim_template_id` mediumint(8) unsigned NOT NULL,
  `grid_elim_templates_graph_id` mediumint(8) unsigned NOT NULL,
  PRIMARY KEY (`local_graph_id`,`graph_templates_graph_id`)
) ENGINE=InnoDB DEFAULT CHARSET=latin1 COMMENT='Stores the Map of ELIM grid_elim_templates_graph to cacti graph_templates_graph.';
/*!40101 SET character_set_client = @saved_cs_client */;

--
-- Table structure for table `grid_elim_templates_item`
--

DROP TABLE IF EXISTS `grid_elim_templates_item`;
/*!40101 SET @saved_cs_client     = @@character_set_client */;
/*!40101 SET character_set_client = utf8 */;
CREATE TABLE `grid_elim_templates_item` (
  `id` int(10) unsigned NOT NULL AUTO_INCREMENT,
  `hash` varchar(32) NOT NULL DEFAULT '',
  `local_graph_template_item_id` int(10) unsigned NOT NULL DEFAULT 0,
  `local_graph_id` int(10) unsigned NOT NULL DEFAULT 0,
  `graph_template_id` mediumint(8) unsigned NOT NULL DEFAULT 0,
  `task_item_id` int(10) unsigned NOT NULL DEFAULT 0,
  `color_id` mediumint(8) unsigned NOT NULL DEFAULT 0,
  `alpha` char(2) DEFAULT 'FF',
  `graph_type_id` tinyint(3) unsigned NOT NULL DEFAULT 0,
  `line_width` decimal(4,2) DEFAULT 0.00,
  `dashes` varchar(20) DEFAULT NULL,
  `dash_offset` mediumint(4) DEFAULT NULL,
  `cdef_id` mediumint(8) unsigned NOT NULL DEFAULT 0,
  `vdef_id` mediumint(8) unsigned NOT NULL DEFAULT 0,
  `shift` char(2) DEFAULT NULL,
  `consolidation_function_id` tinyint(3) unsigned NOT NULL DEFAULT 0,
  `textalign` varchar(10) DEFAULT NULL,
  `text_format` varchar(255) DEFAULT NULL,
  `value` varchar(255) DEFAULT NULL,
  `hard_return` char(2) DEFAULT NULL,
  `gprint_id` mediumint(8) unsigned NOT NULL DEFAULT 0,
  `sequence` mediumint(8) unsigned NOT NULL DEFAULT 0,
  `resource_name` varchar(40) DEFAULT '',
  `resource_option` tinyint(3) NOT NULL DEFAULT 0,
  PRIMARY KEY (`id`),
  KEY `graph_template_id` (`graph_template_id`),
  KEY `local_graph_id_sequence` (`local_graph_id`,`sequence`),
  KEY `task_item_id` (`task_item_id`),
  KEY `lgi_gti` (`local_graph_id`,`graph_template_id`),
  KEY `cdef_id` (`cdef_id`) USING BTREE,
  KEY `color_id` (`color_id`) USING BTREE,
  KEY `gprint_id` (`gprint_id`) USING BTREE,
  KEY `local_graph_template_item_id` (`local_graph_template_item_id`) USING BTREE,
  KEY `vdef_id` (`vdef_id`) USING BTREE
) ENGINE=InnoDB COMMENT='Stores the actual graph item data.';
/*!40101 SET character_set_client = @saved_cs_client */;

--
-- Dumping data for table `grid_elim_templates_item`
--

LOCK TABLES `grid_elim_templates_item` WRITE;
/*!40000 ALTER TABLE `grid_elim_templates_item` DISABLE KEYS */;
INSERT INTO `grid_elim_templates_item` VALUES (1,'ba00ecd28b9774348322ff70a96f2826',0,0,1,0,37,'FF',7,0.00,NULL,NULL,0,0,NULL,1,NULL,'in','','',2,1,'gbytesin',2),(2,'412bfa7b3ccb5c8f239b14cc692ddb6c',0,0,1,0,0,'FF',9,0.00,NULL,NULL,0,0,NULL,4,NULL,'Current:','','',2,2,'gbytesin',2),(3,'eada3e90a8aaaa2cf9477fd1f2d3a59c',0,0,1,0,0,'FF',9,0.00,NULL,NULL,0,0,NULL,1,NULL,'Average:','','',2,3,'gbytesin',2),(4,'0d81a9774309651dc515fc6755914ffb',0,0,1,0,0,'FF',9,0.00,NULL,NULL,0,0,NULL,3,NULL,'Maximum:','','on',2,4,'gbytesin',2),(5,'304244ca63d5b09e62a94c8ec6fbda8d',0,0,1,0,21,'FF',5,0.00,NULL,NULL,0,0,NULL,1,NULL,'out','','',2,5,'gbytesout',2),(6,'b7d690f0bc06cc05ffb5e25daf0eee6b',0,0,1,0,0,'FF',9,0.00,NULL,NULL,0,0,NULL,4,NULL,'Current:','','',2,6,'gbytesout',2),(7,'6f1befe8a42d30a42aff2c918d147790',0,0,1,0,0,'FF',9,0.00,NULL,NULL,0,0,NULL,1,NULL,'Average:','','',2,7,'gbytesout',2),(8,'378a0570264241ca017e4e5b9b3f97e0',0,0,1,0,0,'FF',9,0.00,NULL,NULL,0,0,NULL,3,NULL,'Maximum:','','on',2,8,'gbytesout',2),(9,'cee862b95864b27c479c08673e5c7950',0,0,2,0,37,'FF',4,0.00,NULL,NULL,0,0,NULL,1,NULL,'greads','','',2,1,'greads',2),(10,'20d5bfe350083e2bc9d25fadc80785da',0,0,2,0,0,'FF',9,0.00,NULL,NULL,0,0,NULL,4,NULL,'current:','','',3,2,'greads',2),(11,'147774a8c60ec3f5ceb4a9c02b323d3c',0,0,2,0,11,'FF',4,0.00,NULL,NULL,0,0,NULL,1,NULL,'gwrites','','',2,3,'gwrites',2),(12,'6eed807bf49cf7450d237747c20af959',0,0,2,0,0,'FF',9,0.00,NULL,NULL,0,0,NULL,4,NULL,'current:','','on',3,4,'gwrites',2),(13,'280c83b269ba2b56534ddd53443faa85',0,0,2,0,21,'FF',4,0.00,NULL,NULL,0,0,NULL,1,NULL,'grdir','','',2,5,'grdir',2),(14,'e48b2f69c07fd5b1dc803fc0bbeb01ab',0,0,2,0,0,'FF',9,0.00,NULL,NULL,0,0,NULL,4,NULL,'current:','','',3,6,'grdir',2),(15,'75f3d80204d115aa0e900d270825e7b2',0,0,2,0,7,'FF',4,0.00,NULL,NULL,0,0,NULL,1,NULL,'giupdate','','',2,7,'giupdate',2),(16,'a17e5de495f7c9a2b67ce9346f155423',0,0,2,0,0,'FF',9,0.00,NULL,NULL,0,0,NULL,4,NULL,'current:','','on',3,8,'giupdate',2),(17,'cfe55875bf4830c30676cab91d4fd72c',0,0,2,0,58,'FF',4,0.00,NULL,NULL,0,0,NULL,1,NULL,'gcloses','','',2,9,'gcloses',2),(18,'3152d73113dabdceee713fdd967f97a6',0,0,2,0,0,'FF',9,0.00,NULL,NULL,0,0,NULL,4,NULL,'current:','','',3,10,'gcloses',2),(19,'0ff0e35c3a878eb914a8d38685bf5117',0,0,2,0,12,'FF',4,0.00,NULL,NULL,0,0,NULL,1,NULL,'gopens','','',2,11,'gopens',2),(20,'61f2fc6ab51b51942db6de8e3bee61fb',0,0,2,0,0,'FF',9,0.00,NULL,NULL,0,0,NULL,4,NULL,'current:','','on',3,12,'gopens',2),(21,'7fbd95c85f92c6d400d4251c23502610',0,0,3,0,25,'FF',5,0.00,'',0,0,0,'',1,'','gpu 0','','',4,1,'gpu_mused0',2),(22,'e4cbf8f1f4a3dfb1911a2fdea0b672c1',0,0,3,0,0,'FF',9,0.00,'',0,0,0,'',4,'','Current:','','',2,2,'gpu_mused0',2),(23,'ef204a34ced3e62a43780997275c456c',0,0,3,0,0,'FF',9,0.00,'',0,0,0,'',1,'','Average:','','',2,3,'gpu_mused0',2),(24,'d13fc51f0e6c6a40e4b69d4c080c2c25',0,0,3,0,0,'FF',9,0.00,'',0,0,0,'',3,'','Maximum:','','on',2,4,'gpu_mused0',2),(25,'fb27ae5932f4372b472cc7b6c7928368',0,0,3,0,67,'FF',5,0.00,'',0,0,0,'',1,'','gpu 1','','',4,5,'gpu_mused1',2),(26,'8418774380cc7caa8c8369f2a706a844',0,0,3,0,0,'FF',9,0.00,'',0,0,0,'',4,'','Current:','','',2,6,'gpu_mused1',2),(27,'c1281f7a352c013d3627a556150b0689',0,0,3,0,0,'FF',9,0.00,'',0,0,0,'',1,'','Average:','','',2,7,'gpu_mused1',2),(28,'5cf3cf3f5b2055d307c145fc6b9a351f',0,0,3,0,0,'FF',9,0.00,'',0,0,0,'',3,'','Maximum:','','on',2,8,'gpu_mused1',2),(29,'c9c659f991c0a8d2d25f26eb61d0c0a9',0,0,3,0,33,'FF',6,0.00,'',0,0,0,'',1,'','Total Mem','','',2,9,'gpu_mtotal0',2),(30,'df7e266090fb77de7c5946def78053b1',0,0,3,0,0,'FF',9,0.00,'',0,0,0,'',4,'','Current:','','',2,10,'gpu_mtotal0',2),(31,'3a8c97066171cf54bd888221bf6052b9',0,0,3,0,0,'FF',9,0.00,'',0,0,0,'',1,'','Average:','','',2,11,'gpu_mtotal0',2),(32,'0ef5d1f017c13fd46cfa6119894b9480',0,0,3,0,0,'FF',9,0.00,'',0,0,0,'',3,'','Maximum:','','on',2,12,'gpu_mtotal0',2),(33,'2e7604db32112b9773d95fc20ccb8c3a',0,0,4,0,9,'FF',5,0.00,'',0,0,0,'',1,'','gpu 3','','',2,13,'gpu_ut3',2),(34,'9bc0c8b8e730fe02c20ae26b1112fe54',0,0,4,0,0,'FF',9,0.00,'',0,0,0,'',4,'','Current:','','',5,14,'gpu_ut3',2),(35,'376ff505cb6699a0168aaa1d08dcf914',0,0,4,0,0,'FF',9,0.00,'',0,0,0,'',1,'','Average:','','',5,15,'gpu_ut3',2),(36,'85da18f9f14dabafa7e381196f7219c0',0,0,4,0,0,'FF',9,0.00,'',0,0,0,'',3,'','Maximum:','','on',5,16,'gpu_ut3',2),(37,'cc7ee46cb8e4637d93709764d19ba0ba',0,0,4,0,39,'FF',5,0.00,'',0,0,0,'',1,'','gpu 2','','',2,9,'gpu_ut2',2),(38,'815b46b4c4553365267c2e93a6cde9d5',0,0,4,0,0,'FF',9,0.00,'',0,0,0,'',4,'','Current:','','',5,10,'gpu_ut2',2),(39,'36336e12552319f64c35a27771b79087',0,0,4,0,0,'FF',9,0.00,'',0,0,0,'',1,'','Average:','','',5,11,'gpu_ut2',2),(40,'fa25e8610f37e17cc529def671a5f89c',0,0,4,0,0,'FF',9,0.00,'',0,0,0,'',3,'','Maximum:','','on',5,12,'gpu_ut2',2),(41,'14bfeeacd055f67907351153fdfefe78',0,0,4,0,67,'FF',5,0.00,'',0,0,0,'',1,'','gpu 1','','',2,5,'gpu_ut1',2),(42,'9dade17940bfa5e363199e221488a33c',0,0,4,0,0,'FF',9,0.00,'',0,0,0,'',4,'','Current:','','',5,6,'gpu_ut1',2),(43,'c8ff5b6736fa2df087abb7e922e20aa8',0,0,4,0,0,'FF',9,0.00,'',0,0,0,'',1,'','Average:','','',5,7,'gpu_ut1',2),(44,'20604fc426ee00a91c4dbddb687fc6d4',0,0,4,0,0,'FF',9,0.00,'',0,0,0,'',3,'','Maximum:','','on',5,8,'gpu_ut1',2),(45,'1fd3c4990d8ade03aac63c45b788c1f2',0,0,4,0,25,'FF',5,0.00,'',0,0,0,'',1,'','gpu 0','','',5,1,'gpu_ut0',2),(46,'d38131e870341ea65f8b6920e256463b',0,0,4,0,0,'FF',9,0.00,'',0,0,0,'',4,'','Current:','','',5,2,'gpu_ut0',2),(47,'c7bccd2c97feb5d951f9424f2b7e149b',0,0,4,0,0,'FF',9,0.00,'',0,0,0,'',1,'','Average:','','',5,3,'gpu_ut0',2),(48,'7e35b229df9db03834511c03f0a3236a',0,0,4,0,0,'FF',9,0.00,'',0,0,0,'',3,'','Maximum:','','on',5,4,'gpu_ut0',2),(49,'9289014ef0b815025eda627b4b5ed5aa',0,0,5,0,22,'FF',5,0.00,NULL,NULL,0,0,NULL,1,NULL,'All GPUs shared','','',4,1,'gpu_shared_avg_mut',2),(50,'767209a43d0e6520d73eb4dced5fcd20',0,0,5,0,0,'FF',9,0.00,NULL,NULL,0,0,NULL,4,NULL,'Current:','','',5,2,'gpu_shared_avg_mut',2),(51,'b718d195b35fefdeac591ab54f79e785',0,0,5,0,0,'FF',9,0.00,NULL,NULL,0,0,NULL,1,NULL,'Average:','','',5,3,'gpu_shared_avg_mut',2),(52,'b189fa570c66719a54774a3f371aba7b',0,0,5,0,0,'FF',9,0.00,NULL,NULL,0,0,NULL,3,NULL,'Maximum:','','',5,4,'gpu_shared_avg_mut',2),(53,'8c272b5495e6bfaa6e82b788f7ccd75e',0,0,6,0,22,'FF',5,0.00,NULL,NULL,0,0,NULL,1,NULL,'All GPUs shared:','','',4,1,'gpu_shared_avg_ut',2),(54,'6d9c3bb055f9aeb9a66030dcb4b16463',0,0,6,0,0,'FF',9,0.00,NULL,NULL,0,0,NULL,4,NULL,'Current:','','',5,2,'gpu_shared_avg_ut',2),(55,'a88e482814b2cd5b905637530bdb1376',0,0,6,0,0,'FF',9,0.00,NULL,NULL,0,0,NULL,1,NULL,'Average:','','',5,3,'gpu_shared_avg_ut',2),(56,'49943d57421626f8efbe6f2dfb5e287f',0,0,6,0,0,'FF',9,0.00,NULL,NULL,0,0,NULL,3,NULL,'Maximum:','','',5,4,'gpu_shared_avg_ut',2);
/*!40000 ALTER TABLE `grid_elim_templates_item` ENABLE KEYS */;
UNLOCK TABLES;

--
-- Table structure for table `grid_elim_templates_item_map`
--

DROP TABLE IF EXISTS `grid_elim_templates_item_map`;
/*!40101 SET @saved_cs_client     = @@character_set_client */;
/*!40101 SET character_set_client = utf8 */;
CREATE TABLE `grid_elim_templates_item_map` (
  `local_graph_id` int(10) unsigned NOT NULL,
  `graph_templates_item_id` int(10) unsigned NOT NULL,
  `grid_elim_template_id` mediumint(8) unsigned NOT NULL,
  `grid_elim_templates_item_id` int(10) unsigned NOT NULL,
  PRIMARY KEY (`local_graph_id`,`graph_templates_item_id`)
) ENGINE=InnoDB DEFAULT CHARSET=latin1 COMMENT='Stores the Map of ELIM grid_elim_templates_item to cacti graph_templates_item.';
/*!40101 SET character_set_client = @saved_cs_client */;

--
-- Table structure for table `grid_groups`
--

DROP TABLE IF EXISTS `grid_groups`;
/*!40101 SET @saved_cs_client     = @@character_set_client */;
/*!40101 SET character_set_client = utf8 */;
CREATE TABLE `grid_groups` (
  `clusterid` int(10) unsigned NOT NULL DEFAULT 0,
  `groupName` varchar(512) NOT NULL DEFAULT '',
  `numRUN` int(10) unsigned NOT NULL DEFAULT 0,
  `numPEND` int(10) unsigned NOT NULL DEFAULT 0,
  `numJOBS` int(10) unsigned NOT NULL DEFAULT 0,
  `numSSUSP` int(10) unsigned NOT NULL DEFAULT 0,
  `numUSUSP` int(10) unsigned NOT NULL DEFAULT 0,
  `efficiency` double NOT NULL DEFAULT 0,
  `avg_mem` double NOT NULL DEFAULT 0,
  `max_mem` double NOT NULL DEFAULT 0,
  `avg_swap` double NOT NULL DEFAULT 0,
  `max_swap` double NOT NULL DEFAULT 0,
  `total_cpu` bigint(20) unsigned NOT NULL DEFAULT 0,
  `last_updated` timestamp NOT NULL DEFAULT current_timestamp(),
  `present` tinyint(3) unsigned NOT NULL DEFAULT 0,
  PRIMARY KEY (`clusterid`,`groupName`(191))
) ENGINE=InnoDB DEFAULT CHARSET=latin1;
/*!40101 SET character_set_client = @saved_cs_client */;

--
-- Table structure for table `grid_guarantee_pool`
--

DROP TABLE IF EXISTS `grid_guarantee_pool`;
/*!40101 SET @saved_cs_client     = @@character_set_client */;
/*!40101 SET character_set_client = utf8 */;
CREATE TABLE `grid_guarantee_pool` (
  `clusterid` int(10) unsigned NOT NULL DEFAULT 0,
  `name` varchar(60) NOT NULL DEFAULT '',
  `poolType` varchar(32) NOT NULL DEFAULT '',
  `rsrcName` varchar(128) DEFAULT NULL,
  `status` varchar(32) NOT NULL,
  `res_select` varchar(128) NOT NULL,
  `slots_per_host` int(10) unsigned NOT NULL DEFAULT 0,
  `policies` tinyint(3) unsigned NOT NULL DEFAULT 0,
  `loan_duration` int(10) unsigned NOT NULL DEFAULT 0,
  `retain` int(10) unsigned NOT NULL DEFAULT 0,
  `total` int(10) NOT NULL DEFAULT 0,
  `free` int(10) NOT NULL DEFAULT 0,
  `guar_config` int(10) NOT NULL DEFAULT 0,
  `guar_used` int(10) NOT NULL DEFAULT 0,
  `runJobs` int(10) unsigned NOT NULL DEFAULT 0,
  `runSlots` int(10) unsigned NOT NULL DEFAULT 0,
  `pendJobs` int(10) unsigned NOT NULL DEFAULT 0,
  `pendSlots` int(10) unsigned NOT NULL DEFAULT 0,
  `memSlotUtil` int(10) unsigned NOT NULL DEFAULT 0,
  `slotUtil` int(10) unsigned NOT NULL DEFAULT 0,
  `cpuUtil` int(10) unsigned NOT NULL DEFAULT 0,
  `memUsed` bigint(20) unsigned NOT NULL DEFAULT 0,
  `memRequested` bigint(20) unsigned NOT NULL DEFAULT 0,
  `memReserved` bigint(20) unsigned NOT NULL DEFAULT 0,
  `last_updated` timestamp NOT NULL DEFAULT current_timestamp(),
  `present` tinyint(3) unsigned NOT NULL DEFAULT 0,
  PRIMARY KEY (`clusterid`,`name`)
) ENGINE=InnoDB DEFAULT CHARSET=latin1 COMMENT='Stores Configuration of Guarantee Resource Pools';
/*!40101 SET character_set_client = @saved_cs_client */;

--
-- Table structure for table `grid_guarantee_pool_distribution`
--

DROP TABLE IF EXISTS `grid_guarantee_pool_distribution`;
/*!40101 SET @saved_cs_client     = @@character_set_client */;
/*!40101 SET character_set_client = utf8 */;
CREATE TABLE `grid_guarantee_pool_distribution` (
  `clusterid` int(10) unsigned NOT NULL,
  `name` varchar(60) NOT NULL,
  `consumer` varchar(60) NOT NULL,
  `alloc` int(10) unsigned NOT NULL,
  `alloc_type` int(10) unsigned NOT NULL,
  `guarantee_config` int(10) unsigned NOT NULL,
  `guarantee_used` int(10) unsigned NOT NULL,
  `total_used` int(10) unsigned NOT NULL,
  `runJobs` int(10) unsigned NOT NULL DEFAULT 0,
  `runSlots` int(10) unsigned NOT NULL DEFAULT 0,
  `pendJobs` int(10) unsigned NOT NULL DEFAULT 0,
  `pendSlots` int(10) unsigned NOT NULL DEFAULT 0,
  `last_updated` timestamp NOT NULL DEFAULT current_timestamp(),
  `present` tinyint(3) unsigned NOT NULL,
  PRIMARY KEY (`clusterid`,`name`,`consumer`)
) ENGINE=InnoDB DEFAULT CHARSET=latin1 COMMENT='Stores Distribution Consumer Information for Guarantee Pool';
/*!40101 SET character_set_client = @saved_cs_client */;

--
-- Table structure for table `grid_guarantee_pool_hosts`
--

DROP TABLE IF EXISTS `grid_guarantee_pool_hosts`;
/*!40101 SET @saved_cs_client     = @@character_set_client */;
/*!40101 SET character_set_client = utf8 */;
CREATE TABLE `grid_guarantee_pool_hosts` (
  `clusterid` int(10) unsigned NOT NULL,
  `name` varchar(60) NOT NULL,
  `host` varchar(64) NOT NULL,
  `owner` varchar(40) NOT NULL DEFAULT '',
  `present` tinyint(3) unsigned NOT NULL,
  PRIMARY KEY (`clusterid`,`name`,`host`),
  KEY `host` (`host`),
  KEY `clusterid_host` (`clusterid`,`host`),
  KEY `clusterid_owner` (`clusterid`,`owner`)
) ENGINE=InnoDB DEFAULT CHARSET=latin1 COMMENT='Stores Normalized Host Membership for Guarantee Pool';
/*!40101 SET character_set_client = @saved_cs_client */;

--
-- Table structure for table `grid_guarantee_pool_loan_queues`
--

DROP TABLE IF EXISTS `grid_guarantee_pool_loan_queues`;
/*!40101 SET @saved_cs_client     = @@character_set_client */;
/*!40101 SET character_set_client = utf8 */;
CREATE TABLE `grid_guarantee_pool_loan_queues` (
  `clusterid` int(10) unsigned NOT NULL,
  `name` varchar(60) NOT NULL,
  `queue` varchar(60) NOT NULL,
  `present` tinyint(3) unsigned NOT NULL,
  PRIMARY KEY (`clusterid`,`name`,`queue`),
  KEY ` queue` (`queue`)
) ENGINE=InnoDB DEFAULT CHARSET=latin1 COMMENT='Stores Loan Policies for Guarantee Pool';
/*!40101 SET character_set_client = @saved_cs_client */;

--
-- Table structure for table `grid_heuristics`
--

DROP TABLE IF EXISTS `grid_heuristics`;
/*!40101 SET @saved_cs_client     = @@character_set_client */;
/*!40101 SET character_set_client = utf8 */;
CREATE TABLE `grid_heuristics` (
  `clusterid` int(10) unsigned NOT NULL,
  `queue` varchar(60) NOT NULL,
  `custom` varchar(256) NOT NULL DEFAULT '',
  `projectName` varchar(64) NOT NULL,
  `resReq` varchar(512) NOT NULL,
  `reqCpus` int(10) unsigned NOT NULL,
  `jobs` bigint(20) unsigned NOT NULL,
  `cores` int(10) unsigned NOT NULL,
  `run_avg` float NOT NULL DEFAULT 0,
  `run_max` int(10) unsigned NOT NULL DEFAULT 0,
  `run_min` int(10) unsigned NOT NULL DEFAULT 0,
  `run_stddev` float NOT NULL DEFAULT 0,
  `run_median` int(10) unsigned NOT NULL DEFAULT 0,
  `run_25thp` int(10) unsigned NOT NULL DEFAULT 0,
  `run_75thp` int(10) unsigned NOT NULL DEFAULT 0,
  `run_90thp` int(10) unsigned NOT NULL DEFAULT 0,
  `mem_avg` float NOT NULL DEFAULT 0,
  `mem_max` bigint(20) unsigned NOT NULL DEFAULT 0,
  `mem_min` bigint(20) unsigned NOT NULL DEFAULT 0,
  `mem_stddev` float NOT NULL DEFAULT 0,
  `mem_median` bigint(20) unsigned NOT NULL DEFAULT 0,
  `mem_25thp` bigint(20) unsigned NOT NULL DEFAULT 0,
  `mem_75thp` bigint(20) unsigned NOT NULL DEFAULT 0,
  `mem_90thp` bigint(20) unsigned NOT NULL DEFAULT 0,
  `pend_avg` float NOT NULL DEFAULT 0,
  `pend_max` int(10) unsigned NOT NULL DEFAULT 0,
  `pend_min` int(10) unsigned NOT NULL DEFAULT 0,
  `pend_stddev` float NOT NULL DEFAULT 0,
  `pend_median` int(10) unsigned NOT NULL DEFAULT 0,
  `pend_25thp` int(10) unsigned NOT NULL DEFAULT 0,
  `pend_75thp` int(10) unsigned NOT NULL DEFAULT 0,
  `pend_90thp` int(10) unsigned NOT NULL DEFAULT 0,
  `jph_avg` float NOT NULL,
  `jph_3std` float NOT NULL,
  `last_updated` timestamp NOT NULL DEFAULT '0000-00-00 00:00:00',
  PRIMARY KEY (`clusterid`,`queue`,`custom`,`projectName`,`resReq`,`reqCpus`)
) ENGINE=InnoDB DEFAULT CHARSET=latin1 ROW_FORMAT=DYNAMIC COMMENT='Captures throughput history both recent and long term';
/*!40101 SET character_set_client = @saved_cs_client */;

--
-- Table structure for table `grid_heuristics_percentiles`
--

DROP TABLE IF EXISTS `grid_heuristics_percentiles`;
/*!40101 SET @saved_cs_client     = @@character_set_client */;
/*!40101 SET character_set_client = utf8 */;
CREATE TABLE `grid_heuristics_percentiles` (
  `clusterid` int(10) unsigned NOT NULL,
  `queue` varchar(60) NOT NULL,
  `custom` varchar(128) NOT NULL DEFAULT '',
  `projectName` varchar(64) NOT NULL,
  `resReq` varchar(512) NOT NULL,
  `reqCpus` int(10) unsigned NOT NULL,
  `run_time` int(10) unsigned NOT NULL,
  `max_memory` bigint(20) unsigned NOT NULL DEFAULT 0,
  `mem_used` bigint(20) unsigned NOT NULL DEFAULT 0,
  `pend_time` int(10) unsigned NOT NULL DEFAULT 0,
  `partition` int(10) unsigned NOT NULL
) ENGINE=MyISAM ROW_FORMAT=DYNAMIC COMMENT='Table used for percentile calculations';
/*!40101 SET character_set_client = @saved_cs_client */;

--
-- Table structure for table `grid_heuristics_user_history_today`
--

DROP TABLE IF EXISTS `grid_heuristics_user_history_today`;
/*!40101 SET @saved_cs_client     = @@character_set_client */;
/*!40101 SET character_set_client = utf8 */;
CREATE TABLE `grid_heuristics_user_history_today` (
  `clusterid` int(10) unsigned NOT NULL,
  `queue` varchar(60) NOT NULL,
  `custom` varchar(128) NOT NULL DEFAULT '',
  `projectName` varchar(64) NOT NULL,
  `reqCpus` int(10) unsigned NOT NULL DEFAULT 1,
  `user` varchar(60) NOT NULL DEFAULT '',
  `numPEND` int(10) unsigned NOT NULL,
  `numRUN` int(10) unsigned NOT NULL,
  `numSUSP` int(10) unsigned NOT NULL,
  `numDONE` int(10) unsigned NOT NULL,
  `numEXIT` int(10) unsigned NOT NULL,
  `tputHOUR` int(10) unsigned NOT NULL,
  `tput5MIN` int(10) unsigned NOT NULL,
  `last_updated` timestamp NOT NULL DEFAULT '0000-00-00 00:00:00',
  PRIMARY KEY (`clusterid`,`queue`,`custom`,`projectName`,`user`,`reqCpus`,`last_updated`),
  KEY `user` (`user`),
  KEY `last_updated` (`last_updated`)
) ENGINE=InnoDB COMMENT='Throughput Statistics on User Jobs for Todays Records';
/*!40101 SET character_set_client = @saved_cs_client */;

--
-- Table structure for table `grid_heuristics_user_history_yesterday`
--

DROP TABLE IF EXISTS `grid_heuristics_user_history_yesterday`;
/*!40101 SET @saved_cs_client     = @@character_set_client */;
/*!40101 SET character_set_client = utf8 */;
CREATE TABLE `grid_heuristics_user_history_yesterday` (
  `clusterid` int(10) unsigned NOT NULL,
  `queue` varchar(60) NOT NULL,
  `custom` varchar(128) NOT NULL DEFAULT '',
  `projectName` varchar(64) NOT NULL,
  `reqCpus` int(10) unsigned NOT NULL DEFAULT 1,
  `user` varchar(40) NOT NULL,
  `numPEND` int(10) unsigned NOT NULL,
  `numRUN` int(10) unsigned NOT NULL,
  `numSUSP` int(10) unsigned NOT NULL,
  `numDONE` int(10) unsigned NOT NULL,
  `numEXIT` int(10) unsigned NOT NULL,
  `tputHOUR` int(10) unsigned NOT NULL,
  `tput5MIN` int(10) unsigned NOT NULL,
  `last_updated` timestamp NOT NULL DEFAULT '0000-00-00 00:00:00',
  PRIMARY KEY (`clusterid`,`queue`,`custom`,`projectName`,`user`,`reqCpus`,`last_updated`),
  KEY `user` (`user`),
  KEY `last_updated` (`last_updated`)
) ENGINE=InnoDB COMMENT='Throughput Statistics on User Jobs for Todays Records';
/*!40101 SET character_set_client = @saved_cs_client */;

--
-- Table structure for table `grid_heuristics_user_stats`
--

DROP TABLE IF EXISTS `grid_heuristics_user_stats`;
/*!40101 SET @saved_cs_client     = @@character_set_client */;
/*!40101 SET character_set_client = utf8 */;
CREATE TABLE `grid_heuristics_user_stats` (
  `clusterid` int(10) unsigned NOT NULL,
  `queue` varchar(60) NOT NULL,
  `custom` varchar(128) NOT NULL DEFAULT '',
  `projectName` varchar(64) NOT NULL,
  `reqCpus` int(10) unsigned NOT NULL DEFAULT 1,
  `user` varchar(60) NOT NULL DEFAULT '',
  `numPEND` int(10) unsigned NOT NULL,
  `numRUN` int(10) unsigned NOT NULL,
  `numSUSP` int(10) unsigned NOT NULL,
  `numDONE` int(10) unsigned NOT NULL,
  `numEXIT` int(10) unsigned NOT NULL,
  `tputHOUR` int(10) unsigned NOT NULL,
  `tput5MIN` int(10) unsigned NOT NULL,
  `last_updated` timestamp NOT NULL DEFAULT '0000-00-00 00:00:00',
  PRIMARY KEY (`clusterid`,`queue`,`custom`,`projectName`,`user`,`reqCpus`),
  KEY `user` (`user`),
  KEY `last_updated` (`last_updated`)
) ENGINE=InnoDB COMMENT='Throughput Statistics on User Jobs';
/*!40101 SET character_set_client = @saved_cs_client */;

--
-- Table structure for table `grid_host_closure_events`
--

DROP TABLE IF EXISTS `grid_host_closure_events`;
/*!40101 SET @saved_cs_client     = @@character_set_client */;
/*!40101 SET character_set_client = utf8 */;
CREATE TABLE `grid_host_closure_events` (
  `clusterid` int(10) unsigned NOT NULL DEFAULT 0,
  `host` varchar(64) NOT NULL DEFAULT '',
  `admin` varchar(45) NOT NULL DEFAULT '',
  `event_time` timestamp NOT NULL DEFAULT '0000-00-00 00:00:00',
  `lockid` varchar(128) NOT NULL DEFAULT '',
  `hCtrlMsg` varchar(255) NOT NULL DEFAULT '',
  `end_time` timestamp NOT NULL DEFAULT '0000-00-00 00:00:00',
  `last_updated` timestamp NOT NULL DEFAULT current_timestamp() ON UPDATE current_timestamp(),
  PRIMARY KEY (`clusterid`,`host`,`event_time`,`lockid`),
  KEY `summarized` (`clusterid`,`host`,`lockid`),
  KEY `event_time_lockid` (`event_time`,`lockid`),
  KEY `last_updated` (`last_updated`),
  KEY `lockid` (`lockid`)
) ENGINE=InnoDB DEFAULT CHARSET=latin1;
/*!40101 SET character_set_client = @saved_cs_client */;

--
-- Table structure for table `grid_host_closure_events_finished`
--

DROP TABLE IF EXISTS `grid_host_closure_events_finished`;
/*!40101 SET @saved_cs_client     = @@character_set_client */;
/*!40101 SET character_set_client = utf8 */;
CREATE TABLE `grid_host_closure_events_finished` (
  `clusterid` int(10) unsigned NOT NULL DEFAULT 0,
  `host` varchar(64) NOT NULL DEFAULT '',
  `admin` varchar(45) NOT NULL DEFAULT '',
  `event_time` timestamp NOT NULL DEFAULT '0000-00-00 00:00:00',
  `lockid` varchar(128) NOT NULL DEFAULT '',
  `hCtrlMsg` varchar(255) NOT NULL DEFAULT '',
  `end_time` timestamp NOT NULL DEFAULT '0000-00-00 00:00:00',
  `last_updated` timestamp NOT NULL DEFAULT current_timestamp() ON UPDATE current_timestamp(),
  PRIMARY KEY (`clusterid`,`host`,`event_time`,`lockid`),
  KEY `summarized` (`clusterid`,`host`,`lockid`),
  KEY `event_time_lockid` (`event_time`,`lockid`),
  KEY `last_updated` (`last_updated`),
  KEY `lockid` (`lockid`)
) ENGINE=InnoDB DEFAULT CHARSET=latin1;
/*!40101 SET character_set_client = @saved_cs_client */;

--
-- Table structure for table `grid_host_closure_lockids`
--

DROP TABLE IF EXISTS `grid_host_closure_lockids`;
/*!40101 SET @saved_cs_client     = @@character_set_client */;
/*!40101 SET character_set_client = utf8 */;
CREATE TABLE `grid_host_closure_lockids` (
  `clusterid` int(10) unsigned NOT NULL DEFAULT 0,
  `lockid` varchar(128) NOT NULL DEFAULT '',
  `last_seen` timestamp NOT NULL DEFAULT '0000-00-00 00:00:00',
  PRIMARY KEY (`clusterid`,`lockid`),
  KEY `lockid` (`lockid`)
) ENGINE=InnoDB DEFAULT CHARSET=latin1;
/*!40101 SET character_set_client = @saved_cs_client */;

--
-- Table structure for table `grid_host_threshold`
--

DROP TABLE IF EXISTS `grid_host_threshold`;
/*!40101 SET @saved_cs_client     = @@character_set_client */;
/*!40101 SET character_set_client = utf8 */;
CREATE TABLE `grid_host_threshold` (
  `id` bigint(20) unsigned NOT NULL AUTO_INCREMENT,
  `clusterid` int(10) unsigned NOT NULL DEFAULT 0,
  `hostname` varchar(64) NOT NULL DEFAULT '',
  `resource_name` varchar(40) NOT NULL DEFAULT '',
  `loadSched` double NOT NULL DEFAULT 0,
  `loadStop` double NOT NULL DEFAULT 0,
  `busySched` int(10) NOT NULL DEFAULT 0,
  `busyStop` int(10) NOT NULL DEFAULT 0,
  `present` tinyint(3) unsigned NOT NULL DEFAULT 1,
  PRIMARY KEY (`clusterid`,`hostname`,`resource_name`),
  KEY `id` (`id`),
  KEY `hostname` (`hostname`),
  KEY `resource_name` (`resource_name`)
) ENGINE=InnoDB DEFAULT CHARSET=latin1;
/*!40101 SET character_set_client = @saved_cs_client */;

--
-- Table structure for table `grid_hostgroups`
--

DROP TABLE IF EXISTS `grid_hostgroups`;
/*!40101 SET @saved_cs_client     = @@character_set_client */;
/*!40101 SET character_set_client = utf8 */;
CREATE TABLE `grid_hostgroups` (
  `clusterid` int(10) unsigned NOT NULL DEFAULT 0,
  `groupName` varchar(64) NOT NULL DEFAULT '',
  `host` varchar(64) NOT NULL DEFAULT '',
  `present` tinyint(3) unsigned NOT NULL DEFAULT 1,
  PRIMARY KEY (`clusterid`,`groupName`,`host`),
  KEY `host` (`host`)
) ENGINE=InnoDB DEFAULT CHARSET=latin1;
/*!40101 SET character_set_client = @saved_cs_client */;

--
-- Table structure for table `grid_hostgroups_stats`
--

DROP TABLE IF EXISTS `grid_hostgroups_stats`;
/*!40101 SET @saved_cs_client     = @@character_set_client */;
/*!40101 SET character_set_client = utf8 */;
CREATE TABLE `grid_hostgroups_stats` (
  `clusterid` int(10) unsigned NOT NULL DEFAULT 0,
  `groupName` varchar(64) NOT NULL,
  `efficiency` double NOT NULL DEFAULT 0,
  `avg_mem` double NOT NULL DEFAULT 0,
  `max_mem` double NOT NULL DEFAULT 0,
  `avg_swap` double NOT NULL DEFAULT 0,
  `max_swap` double NOT NULL DEFAULT 0,
  `total_cpu` bigint(20) unsigned NOT NULL DEFAULT 0,
  `numRUN` int(10) unsigned NOT NULL DEFAULT 0,
  `numJOBS` int(10) unsigned NOT NULL DEFAULT 0,
  `numPEND` int(10) unsigned NOT NULL DEFAULT 0,
  `memSlotUtil` double NOT NULL DEFAULT 0,
  `slotUtil` double NOT NULL DEFAULT 0,
  `cpuUtil` double NOT NULL DEFAULT 0,
  `memUsed` bigint(20) unsigned NOT NULL DEFAULT 0,
  `memRequested` bigint(20) unsigned NOT NULL DEFAULT 0,
  `memReserved` bigint(20) unsigned NOT NULL DEFAULT 0,
  `last_updated` timestamp NOT NULL DEFAULT current_timestamp(),
  `present` tinyint(3) unsigned NOT NULL DEFAULT 0,
  PRIMARY KEY (`clusterid`,`groupName`)
) ENGINE=InnoDB DEFAULT CHARSET=latin1 COMMENT='Tracks Host Group Statistics';
/*!40101 SET character_set_client = @saved_cs_client */;

--
-- Table structure for table `grid_hostinfo`
--

DROP TABLE IF EXISTS `grid_hostinfo`;
/*!40101 SET @saved_cs_client     = @@character_set_client */;
/*!40101 SET character_set_client = utf8 */;
CREATE TABLE `grid_hostinfo` (
  `host` varchar(64) NOT NULL DEFAULT '',
  `clusterid` int(10) unsigned NOT NULL DEFAULT 0,
  `hostType` varchar(20) NOT NULL DEFAULT '',
  `hostModel` varchar(40) NOT NULL DEFAULT '0',
  `cpuFactor` varchar(10) DEFAULT NULL,
  `maxCpus` varchar(10) DEFAULT NULL,
  `maxMem` varchar(20) DEFAULT NULL,
  `maxSwap` varchar(20) DEFAULT NULL,
  `maxTmp` varchar(20) DEFAULT NULL,
  `nDisks` varchar(10) NOT NULL DEFAULT '0',
  `resources` varchar(255) NOT NULL DEFAULT '',
  `excl_resources` varchar(255) NOT NULL DEFAULT '',
  `windows` varchar(255) NOT NULL DEFAULT '0',
  `isServer` char(1) NOT NULL DEFAULT '',
  `licensed` char(1) NOT NULL DEFAULT '',
  `rexPriority` int(10) unsigned NOT NULL DEFAULT 0,
  `licFeaturesNeeded` int(10) unsigned NOT NULL DEFAULT 0,
  `licClass` int(10) unsigned NOT NULL DEFAULT 0,
  `nProcs` int(10) unsigned NOT NULL DEFAULT 0,
  `cores` int(10) unsigned NOT NULL DEFAULT 0,
  `nThreads` int(10) unsigned NOT NULL DEFAULT 0,
  `ngpus` int(10) unsigned NOT NULL DEFAULT 0,
  `gMaxFactor` float NOT NULL DEFAULT 0,
  `gpu_shared_avg_mut` float NOT NULL DEFAULT 0,
  `gpu_shared_avg_ut` float NOT NULL DEFAULT 0,
  `first_seen` timestamp NOT NULL DEFAULT '0000-00-00 00:00:00',
  `last_seen` timestamp NOT NULL DEFAULT '0000-00-00 00:00:00',
  `present` tinyint(3) unsigned NOT NULL DEFAULT 1,
  PRIMARY KEY (`host`,`clusterid`),
  KEY `isServer` (`isServer`),
  KEY `hostType` (`hostType`),
  KEY `hostModel` (`hostModel`),
  KEY `last_seen` (`last_seen`),
  KEY `clusterid_is_server` (`clusterid`,`isServer`),
  KEY `licFeaturesNeeded` (`licFeaturesNeeded`),
  KEY `clusterid_host` (`clusterid`,`host`)
) ENGINE=InnoDB DEFAULT CHARSET=latin1;
/*!40101 SET character_set_client = @saved_cs_client */;

--
-- Table structure for table `grid_hostinfo_gpu`
--

DROP TABLE IF EXISTS `grid_hostinfo_gpu`;
/*!40101 SET @saved_cs_client     = @@character_set_client */;
/*!40101 SET character_set_client = utf8 */;
CREATE TABLE `grid_hostinfo_gpu` (
  `host` varchar(64) NOT NULL DEFAULT '',
  `clusterid` int(10) unsigned NOT NULL DEFAULT 0,
  `gpu_id` int(10) unsigned NOT NULL DEFAULT 0,
  `gBrand` varchar(20) NOT NULL DEFAULT '',
  `gModel` varchar(20) NOT NULL DEFAULT '',
  `gpu_mode` int(10) unsigned NOT NULL DEFAULT 0,
  `pstatus` int(10) unsigned NOT NULL DEFAULT 0,
  `status` varchar(20) DEFAULT NULL,
  `gpu_error` varchar(255) NOT NULL DEFAULT '',
  `gpu_driver` varchar(64) NOT NULL DEFAULT '',
  `gpu_factor` varchar(64) NOT NULL DEFAULT '',
  `gpu_temp` int(10) unsigned NOT NULL DEFAULT 0,
  `gpu_ecc` float NOT NULL DEFAULT 0,
  `gpu_ut` float NOT NULL DEFAULT 0,
  `gpu_mut` float NOT NULL DEFAULT 0,
  `gpu_power_ut` float NOT NULL DEFAULT 0,
  `gpu_mtotal` float NOT NULL DEFAULT 0,
  `gpu_mused` float NOT NULL DEFAULT 0,
  `gvendor` int(10) unsigned NOT NULL DEFAULT 0,
  `driverVersion` varchar(256) NOT NULL DEFAULT '',
  `present` tinyint(3) unsigned NOT NULL DEFAULT 1,
  `last_updated` timestamp NOT NULL DEFAULT current_timestamp() ON UPDATE current_timestamp(),
  PRIMARY KEY (`host`,`clusterid`,`gpu_id`),
  KEY `clusterid_last_updated` (`clusterid`,`last_updated`)
) ENGINE=InnoDB DEFAULT CHARSET=latin1;
/*!40101 SET character_set_client = @saved_cs_client */;

--
-- Table structure for table `grid_hostresources`
--

DROP TABLE IF EXISTS `grid_hostresources`;
/*!40101 SET @saved_cs_client     = @@character_set_client */;
/*!40101 SET character_set_client = utf8 */;
CREATE TABLE `grid_hostresources` (
  `host` varchar(64) NOT NULL DEFAULT '',
  `clusterid` int(10) unsigned NOT NULL DEFAULT 0,
  `rtype` tinyint(3) unsigned NOT NULL DEFAULT 0,
  `resource_name` varchar(50) NOT NULL DEFAULT '',
  `present` tinyint(3) unsigned NOT NULL DEFAULT 0,
  PRIMARY KEY (`host`,`clusterid`,`resource_name`),
  KEY `clusterid` (`clusterid`),
  KEY `resource_name` (`resource_name`)
) ENGINE=InnoDB DEFAULT CHARSET=latin1;
/*!40101 SET character_set_client = @saved_cs_client */;

--
-- Table structure for table `grid_hosts`
--

DROP TABLE IF EXISTS `grid_hosts`;
/*!40101 SET @saved_cs_client     = @@character_set_client */;
/*!40101 SET character_set_client = utf8 */;
CREATE TABLE `grid_hosts` (
  `host` varchar(64) NOT NULL DEFAULT '',
  `clusterid` int(10) unsigned NOT NULL DEFAULT 0,
  `hStatus` int(10) unsigned NOT NULL DEFAULT 0,
  `hCtrlMsg` varchar(255) NOT NULL DEFAULT '',
  `status` varchar(20) DEFAULT NULL,
  `prev_status` varchar(20) NOT NULL DEFAULT '',
  `time_in_state` int(10) unsigned NOT NULL DEFAULT 0,
  `cpuFactor` float NOT NULL DEFAULT 0,
  `windows` varchar(255) DEFAULT NULL,
  `userJobLimit` varchar(20) DEFAULT NULL,
  `maxJobs` int(10) NOT NULL DEFAULT 0,
  `numJobs` int(10) unsigned NOT NULL DEFAULT 0,
  `numRun` int(10) unsigned NOT NULL DEFAULT 0,
  `numSSUSP` int(10) unsigned NOT NULL DEFAULT 0,
  `numUSUSP` int(10) unsigned NOT NULL DEFAULT 0,
  `mig` int(10) unsigned NOT NULL DEFAULT 0,
  `attr` int(10) unsigned NOT NULL DEFAULT 0,
  `numRESERVE` int(10) unsigned NOT NULL DEFAULT 0,
  `ngpus` int(10) unsigned NOT NULL DEFAULT 0,
  `avail_shared_ngpus` int(10) unsigned NOT NULL DEFAULT 0,
  `avail_excl_ngpus` int(10) unsigned NOT NULL DEFAULT 0,
  `alloc_jsexcl_ngpus` int(10) unsigned NOT NULL DEFAULT 0,
  `present` tinyint(3) unsigned NOT NULL DEFAULT 1,
  `exceptional` tinyint(1) unsigned NOT NULL DEFAULT 0,
  PRIMARY KEY (`host`,`clusterid`),
  KEY `clusterid` (`clusterid`),
  KEY `status` (`status`),
  KEY `prev_status` (`prev_status`)
) ENGINE=InnoDB DEFAULT CHARSET=latin1;
/*!40101 SET character_set_client = @saved_cs_client */;

--
-- Table structure for table `grid_hosts_alarm`
--

DROP TABLE IF EXISTS `grid_hosts_alarm`;
/*!40101 SET @saved_cs_client     = @@character_set_client */;
/*!40101 SET character_set_client = utf8 */;
CREATE TABLE `grid_hosts_alarm` (
  `type_id` bigint(20) NOT NULL DEFAULT 0,
  `name` varchar(100) NOT NULL DEFAULT '',
  `hostname` varchar(64) NOT NULL DEFAULT '',
  `clusterid` int(10) unsigned NOT NULL DEFAULT 0,
  `type` int(10) NOT NULL DEFAULT 0,
  `message` varchar(1024) NOT NULL,
  `acknowledgement` char(3) NOT NULL DEFAULT 'off',
  `alert_time` timestamp NOT NULL DEFAULT current_timestamp(),
  `present` tinyint(3) unsigned NOT NULL DEFAULT 1,
  PRIMARY KEY (`type`,`type_id`,`clusterid`,`hostname`),
  KEY `hostname` (`hostname`),
  KEY `clusterid` (`clusterid`)
) ENGINE=InnoDB DEFAULT CHARSET=latin1;
/*!40101 SET character_set_client = @saved_cs_client */;

--
-- Table structure for table `grid_hosts_gpu`
--

DROP TABLE IF EXISTS `grid_hosts_gpu`;
/*!40101 SET @saved_cs_client     = @@character_set_client */;
/*!40101 SET character_set_client = utf8 */;
CREATE TABLE `grid_hosts_gpu` (
  `host` varchar(64) NOT NULL DEFAULT '',
  `clusterid` int(10) unsigned NOT NULL DEFAULT 0,
  `gpu_id` int(10) unsigned NOT NULL DEFAULT 0,
  `gpu_model` varchar(40) NOT NULL DEFAULT '',
  `gpu_mode` int(10) unsigned NOT NULL DEFAULT 0,
  `pstatus` int(10) unsigned NOT NULL DEFAULT 0,
  `status` varchar(20) DEFAULT NULL,
  `gpu_error` varchar(255) NOT NULL DEFAULT '',
  `prev_status` varchar(20) NOT NULL DEFAULT '',
  `time_in_state` int(10) unsigned NOT NULL DEFAULT 0,
  `mem_used` int(10) unsigned NOT NULL DEFAULT 0,
  `mem_rsv` int(10) unsigned NOT NULL DEFAULT 0,
  `numJobs` int(10) unsigned NOT NULL DEFAULT 0,
  `numRun` int(10) unsigned NOT NULL DEFAULT 0,
  `numSUSP` int(10) unsigned NOT NULL DEFAULT 0,
  `numRSV` int(10) unsigned NOT NULL DEFAULT 0,
  `socketid` int(10) unsigned NOT NULL DEFAULT 0,
  `present` tinyint(3) unsigned NOT NULL DEFAULT 1,
  `last_updated` timestamp NOT NULL DEFAULT current_timestamp() ON UPDATE current_timestamp(),
  PRIMARY KEY (`host`,`clusterid`,`gpu_id`),
  KEY `clusterid_last_updated` (`clusterid`,`last_updated`)
) ENGINE=InnoDB DEFAULT CHARSET=latin1;
/*!40101 SET character_set_client = @saved_cs_client */;

--
-- Table structure for table `grid_hosts_jobtraffic`
--

DROP TABLE IF EXISTS `grid_hosts_jobtraffic`;
/*!40101 SET @saved_cs_client     = @@character_set_client */;
/*!40101 SET character_set_client = utf8 */;
CREATE TABLE `grid_hosts_jobtraffic` (
  `host` varchar(64) NOT NULL DEFAULT '',
  `clusterid` int(10) unsigned NOT NULL DEFAULT 0,
  `idle_slot_time` bigint(20) unsigned NOT NULL DEFAULT 0,
  `jobs_done` bigint(20) unsigned NOT NULL DEFAULT 0,
  `jobs_exited` bigint(20) unsigned NOT NULL DEFAULT 0,
  `job_last_started` timestamp NOT NULL DEFAULT '0000-00-00 00:00:00',
  `job_last_ended` timestamp NOT NULL DEFAULT '0000-00-00 00:00:00',
  `job_last_suspended` timestamp NOT NULL DEFAULT '0000-00-00 00:00:00',
  `job_last_exited` timestamp NOT NULL DEFAULT '0000-00-00 00:00:00',
  `date_recorded` timestamp NOT NULL DEFAULT '0000-00-00 00:00:00',
  PRIMARY KEY (`host`,`clusterid`),
  KEY `clusterid` (`clusterid`)
) ENGINE=InnoDB DEFAULT CHARSET=latin1;
/*!40101 SET character_set_client = @saved_cs_client */;

--
-- Table structure for table `grid_hosts_resources`
--

DROP TABLE IF EXISTS `grid_hosts_resources`;
/*!40101 SET @saved_cs_client     = @@character_set_client */;
/*!40101 SET character_set_client = utf8 */;
CREATE TABLE `grid_hosts_resources` (
  `host` varchar(64) NOT NULL,
  `clusterid` int(10) unsigned NOT NULL,
  `resource_name` varchar(40) NOT NULL,
  `resType` tinyint(3) unsigned NOT NULL DEFAULT 0,
  `flag` tinyint(3) unsigned NOT NULL DEFAULT 0,
  `availValue` varchar(128) NOT NULL DEFAULT '',
  `totalValue` varchar(128) NOT NULL DEFAULT '',
  `reservedValue` varchar(128) NOT NULL DEFAULT '',
  `value` varchar(128) NOT NULL DEFAULT '',
  `present` tinyint(3) unsigned NOT NULL,
  `last_updated` timestamp NOT NULL DEFAULT current_timestamp(),
  PRIMARY KEY (`host`,`clusterid`,`resource_name`,`resType`) USING HASH,
  KEY `value` (`value`),
  KEY `resource_name_host` (`resource_name`,`host`),
  KEY `clusterid` (`clusterid`) USING BTREE
) ENGINE=InnoDB DEFAULT CHARSET=latin1;
/*!40101 SET character_set_client = @saved_cs_client */;

--
-- Table structure for table `grid_job_daily_stats`
--

DROP TABLE IF EXISTS `grid_job_daily_stats`;
/*!40101 SET @saved_cs_client     = @@character_set_client */;
/*!40101 SET character_set_client = utf8 */;
CREATE TABLE `grid_job_daily_stats` (
  `clusterid` int(10) unsigned NOT NULL DEFAULT 0,
  `user` varchar(60) NOT NULL DEFAULT '',
  `stat` varchar(45) NOT NULL DEFAULT '',
  `queue` varchar(60) NOT NULL DEFAULT '',
  `app` varchar(40) NOT NULL DEFAULT '',
  `from_host` varchar(64) NOT NULL DEFAULT '',
  `exec_host` varchar(64) NOT NULL DEFAULT '',
  `projectName` varchar(60) NOT NULL DEFAULT '',
  `jobs_in_state` int(10) unsigned NOT NULL DEFAULT 0,
  `jobs_wall_time` int(10) unsigned NOT NULL DEFAULT 0,
  `gpu_wall_time` int(10) unsigned NOT NULL DEFAULT 0,
  `jobs_stime` double NOT NULL,
  `jobs_utime` double NOT NULL,
  `slots_in_state` int(10) unsigned NOT NULL DEFAULT 0,
  `gpus_in_state` int(10) unsigned NOT NULL DEFAULT 0,
  `avg_memory` double NOT NULL DEFAULT 0,
  `max_memory` double NOT NULL DEFAULT 0,
  `gpu_avg_mem` double NOT NULL DEFAULT 0,
  `gpu_max_mem` double NOT NULL DEFAULT 0,
  `interval_start` timestamp NOT NULL DEFAULT '0000-00-00 00:00:00',
  `interval_end` timestamp NOT NULL DEFAULT '0000-00-00 00:00:00',
  `date_recorded` timestamp NOT NULL DEFAULT '0000-00-00 00:00:00',
  PRIMARY KEY (`clusterid`,`user`,`stat`,`projectName`,`exec_host`,`from_host`,`queue`,`app`,`date_recorded`),
  KEY `interval_start` (`interval_start`),
  KEY `interval_end` (`interval_end`) USING BTREE,
  KEY `date_recorded` (`date_recorded`),
  KEY `user` (`user`),
  KEY `stat` (`stat`),
  KEY `queue` (`queue`),
  KEY `exec_host` (`exec_host`),
  KEY `projectName` (`projectName`),
  KEY `app` (`app`)
) ENGINE=InnoDB DEFAULT CHARSET=latin1;
/*!40101 SET character_set_client = @saved_cs_client */;

--
-- Table structure for table `grid_job_daily_user_stats`
--

DROP TABLE IF EXISTS `grid_job_daily_user_stats`;
/*!40101 SET @saved_cs_client     = @@character_set_client */;
/*!40101 SET character_set_client = utf8 */;
CREATE TABLE `grid_job_daily_user_stats` (
  `clusterid` int(10) unsigned NOT NULL DEFAULT 0,
  `user` varchar(60) NOT NULL DEFAULT '',
  `wall_time` bigint(20) unsigned NOT NULL DEFAULT 0,
  `total_wall_time` bigint(20) unsigned NOT NULL DEFAULT 0,
  `cpu_time` bigint(20) unsigned NOT NULL DEFAULT 0,
  `total_cpu_time` bigint(20) unsigned NOT NULL DEFAULT 0,
  `slots_done` int(10) unsigned NOT NULL DEFAULT 0,
  `slots_exited` int(10) unsigned NOT NULL DEFAULT 0,
  `interval_start` timestamp NOT NULL DEFAULT '0000-00-00 00:00:00',
  `interval_end` timestamp NOT NULL DEFAULT '0000-00-00 00:00:00',
  `date_recorded` timestamp NOT NULL DEFAULT '0000-00-00 00:00:00',
  PRIMARY KEY (`clusterid`,`user`,`interval_start`,`interval_end`) USING BTREE,
  KEY `interval_start` (`interval_start`),
  KEY `interval_end` (`interval_end`) USING BTREE,
  KEY `date_recorded` (`date_recorded`),
  KEY `user` (`user`)
) ENGINE=InnoDB;
/*!40101 SET character_set_client = @saved_cs_client */;

--
-- Table structure for table `grid_job_daily_usergroup_stats`
--

DROP TABLE IF EXISTS `grid_job_daily_usergroup_stats`;
/*!40101 SET @saved_cs_client     = @@character_set_client */;
/*!40101 SET character_set_client = utf8 */;
CREATE TABLE `grid_job_daily_usergroup_stats` (
  `clusterid` int(10) unsigned NOT NULL DEFAULT 0,
  `usergroup` varchar(60) NOT NULL DEFAULT '',
  `wall_time` bigint(20) unsigned NOT NULL DEFAULT 0,
  `total_wall_time` bigint(20) unsigned NOT NULL DEFAULT 0,
  `cpu_time` bigint(20) unsigned NOT NULL DEFAULT 0,
  `total_cpu_time` bigint(20) unsigned NOT NULL DEFAULT 0,
  `slots_done` int(10) unsigned NOT NULL DEFAULT 0,
  `slots_exited` int(10) unsigned NOT NULL DEFAULT 0,
  `interval_start` timestamp NOT NULL DEFAULT '0000-00-00 00:00:00',
  `interval_end` timestamp NOT NULL DEFAULT '0000-00-00 00:00:00',
  `date_recorded` timestamp NOT NULL DEFAULT '0000-00-00 00:00:00',
  PRIMARY KEY (`clusterid`,`usergroup`,`interval_start`,`interval_end`) USING BTREE,
  KEY `interval_start` (`interval_start`),
  KEY `interval_end` (`interval_end`) USING BTREE,
  KEY `date_recorded` (`date_recorded`),
  KEY `usergroup` (`usergroup`)
) ENGINE=InnoDB;
/*!40101 SET character_set_client = @saved_cs_client */;

--
-- Table structure for table `grid_job_interval_stats`
--

DROP TABLE IF EXISTS `grid_job_interval_stats`;
/*!40101 SET @saved_cs_client     = @@character_set_client */;
/*!40101 SET character_set_client = utf8 */;
CREATE TABLE `grid_job_interval_stats` (
  `clusterid` int(10) unsigned NOT NULL DEFAULT 0,
  `user` varchar(60) NOT NULL DEFAULT '',
  `stat` varchar(45) NOT NULL DEFAULT '',
  `queue` varchar(60) NOT NULL DEFAULT '',
  `app` varchar(40) NOT NULL DEFAULT '',
  `from_host` varchar(64) NOT NULL DEFAULT '',
  `exec_host` varchar(64) NOT NULL DEFAULT '',
  `projectName` varchar(60) NOT NULL DEFAULT '',
  `jobs_reaching_state` int(10) unsigned NOT NULL DEFAULT 0,
  `jobs_wall_time` int(10) unsigned NOT NULL DEFAULT 0,
  `gpu_wall_time` int(10) unsigned NOT NULL DEFAULT 0,
  `jobs_stime` double NOT NULL,
  `jobs_utime` double NOT NULL,
  `slots_in_state` int(10) unsigned NOT NULL DEFAULT 0,
  `gpus_in_state` int(10) unsigned NOT NULL DEFAULT 0,
  `avg_memory` double NOT NULL DEFAULT 0,
  `max_memory` double NOT NULL DEFAULT 0,
  `gpu_avg_mem` double NOT NULL DEFAULT 0,
  `gpu_max_mem` double NOT NULL DEFAULT 0,
  `interval_start` timestamp NOT NULL DEFAULT '0000-00-00 00:00:00',
  `interval_end` timestamp NOT NULL DEFAULT '0000-00-00 00:00:00',
  `date_recorded` timestamp NOT NULL DEFAULT '0000-00-00 00:00:00',
  PRIMARY KEY (`clusterid`,`user`,`stat`,`projectName`,`exec_host`,`from_host`,`queue`,`app`,`date_recorded`),
  KEY `interval_start` (`interval_start`),
  KEY `interval_end` (`interval_end`),
  KEY `stat` (`stat`),
  KEY `queue` (`queue`),
  KEY `date_recorded` (`date_recorded`),
  KEY `clusterid_queue_stat` (`clusterid`,`queue`,`stat`),
  KEY `clusterid_date_recorded` (`clusterid`,`date_recorded`),
  KEY `clusterid_stat_interval_end` (`clusterid`,`stat`,`interval_end`,`user`),
  KEY `projectName` (`projectName`),
  KEY `user` (`user`),
  KEY `app` (`app`)
) ENGINE=MyISAM DEFAULT CHARSET=latin1;
/*!40101 SET character_set_client = @saved_cs_client */;

--
-- Table structure for table `grid_jobs`
--

DROP TABLE IF EXISTS `grid_jobs`;
/*!40101 SET @saved_cs_client     = @@character_set_client */;
/*!40101 SET character_set_client = utf8 */;
CREATE TABLE `grid_jobs` (
  `jobid` bigint(20) unsigned NOT NULL DEFAULT 0,
  `indexid` int(10) unsigned NOT NULL DEFAULT 0,
  `clusterid` int(10) unsigned NOT NULL DEFAULT 0,
  `options` int(10) unsigned NOT NULL DEFAULT 0,
  `options2` int(10) unsigned NOT NULL DEFAULT 0,
  `options3` int(10) unsigned NOT NULL DEFAULT 0,
  `options4` int(10) unsigned NOT NULL DEFAULT 0,
  `user` varchar(60) NOT NULL DEFAULT '',
  `stat` varchar(10) NOT NULL DEFAULT '',
  `prev_stat` varchar(10) NOT NULL DEFAULT '',
  `stat_changes` int(10) unsigned NOT NULL DEFAULT 0,
  `flapping_logged` tinyint(3) unsigned NOT NULL DEFAULT 0,
  `exitStatus` int(10) unsigned NOT NULL DEFAULT 0,
  `pendReasons` varchar(512) NOT NULL DEFAULT '',
  `queue` varchar(60) NOT NULL DEFAULT '',
  `nice` varchar(4) NOT NULL DEFAULT '',
  `from_host` varchar(64) NOT NULL DEFAULT '',
  `exec_host` varchar(64) DEFAULT NULL,
  `execUid` int(10) unsigned NOT NULL DEFAULT 0,
  `loginShell` varchar(20) DEFAULT NULL,
  `execHome` varchar(255) NOT NULL DEFAULT '',
  `execCwd` varchar(255) NOT NULL DEFAULT '',
  `cwd` varchar(255) NOT NULL DEFAULT '',
  `exceptMask` int(10) NOT NULL DEFAULT 0,
  `exitInfo` int(10) NOT NULL DEFAULT 0,
  `postExecCmd` varchar(255) NOT NULL DEFAULT '',
  `app` varchar(40) NOT NULL DEFAULT '',
  `execUsername` varchar(60) NOT NULL DEFAULT '',
  `mailUser` varchar(512) DEFAULT NULL,
  `jobname` varchar(128) DEFAULT NULL,
  `jobPriority` int(10) unsigned NOT NULL DEFAULT 0,
  `jobPid` int(10) unsigned NOT NULL DEFAULT 0,
  `userPriority` int(10) DEFAULT 0,
  `projectName` varchar(60) NOT NULL DEFAULT '',
  `parentGroup` varchar(128) NOT NULL DEFAULT '',
  `sla` varchar(60) NOT NULL DEFAULT '',
  `jobGroup` varchar(512) NOT NULL DEFAULT '',
  `licenseProject` varchar(60) NOT NULL DEFAULT '',
  `command` varchar(1024) DEFAULT NULL,
  `inFile` varchar(255) DEFAULT NULL,
  `outFile` varchar(255) DEFAULT NULL,
  `errFile` varchar(255) DEFAULT NULL,
  `preExecCmd` varchar(255) DEFAULT NULL,
  `res_requirements` varchar(512) DEFAULT NULL,
  `gpuResReq` varchar(512) DEFAULT NULL,
  `dependCond` varchar(1024) DEFAULT '',
  `mem_used` double DEFAULT NULL,
  `swap_used` double NOT NULL DEFAULT 0,
  `max_memory` double DEFAULT 0,
  `gpu_mem_used` double DEFAULT 0,
  `gpu_max_memory` double DEFAULT 0,
  `max_swap` double DEFAULT 0,
  `mem_requested` double DEFAULT 0,
  `mem_requested_oper` varchar(8) DEFAULT '',
  `mem_reserved` double DEFAULT 0,
  `cpu_used` double NOT NULL DEFAULT 0,
  `utime` double NOT NULL DEFAULT 0,
  `stime` double NOT NULL DEFAULT 0,
  `efficiency` decimal(9,5) NOT NULL DEFAULT 0.00000,
  `effic_logged` tinyint(3) unsigned NOT NULL DEFAULT 0,
  `numPIDS` int(10) unsigned NOT NULL DEFAULT 0,
  `numPGIDS` int(10) unsigned NOT NULL DEFAULT 0,
  `numThreads` int(10) unsigned NOT NULL DEFAULT 0,
  `pid_alarm_logged` tinyint(3) unsigned NOT NULL DEFAULT 0,
  `num_nodes` int(10) unsigned NOT NULL DEFAULT 1,
  `num_cpus` int(10) unsigned NOT NULL DEFAULT 1,
  `max_allocated_processes` int(10) unsigned NOT NULL DEFAULT 0 COMMENT 'job level allocated slot',
  `maxNumProcessors` int(10) unsigned NOT NULL DEFAULT 0,
  `num_gpus` int(10) unsigned NOT NULL DEFAULT 0,
  `gpu_mode` int(10) unsigned NOT NULL DEFAULT 0,
  `submit_time` timestamp NOT NULL DEFAULT '0000-00-00 00:00:00',
  `reserveTime` timestamp NOT NULL DEFAULT '0000-00-00 00:00:00',
  `predictedStartTime` timestamp NOT NULL DEFAULT '0000-00-00 00:00:00',
  `start_time` timestamp NOT NULL DEFAULT '0000-00-00 00:00:00',
  `end_time` timestamp NOT NULL DEFAULT '0000-00-00 00:00:00',
  `beginTime` timestamp NOT NULL DEFAULT '0000-00-00 00:00:00',
  `termTime` timestamp NOT NULL DEFAULT '0000-00-00 00:00:00',
  `runtimeEstimation` int(10) unsigned DEFAULT 0,
  `pend_time` int(10) unsigned NOT NULL DEFAULT 0,
  `psusp_time` int(10) unsigned NOT NULL DEFAULT 0,
  `run_time` int(10) unsigned NOT NULL DEFAULT 0,
  `gpu_exec_time` int(10) unsigned NOT NULL DEFAULT 0,
  `ususp_time` int(10) unsigned NOT NULL DEFAULT 0,
  `ssusp_time` int(10) unsigned NOT NULL DEFAULT 0,
  `unkwn_time` int(10) unsigned NOT NULL DEFAULT 0,
  `prov_time` int(10) unsigned NOT NULL DEFAULT 0,
  `acJobWaitTime` int(10) unsigned NOT NULL DEFAULT 0,
  `hostSpec` varchar(40) DEFAULT NULL,
  `rlimit_max_cpu` int(10) unsigned NOT NULL DEFAULT 0,
  `rlimit_max_wallt` int(10) unsigned NOT NULL DEFAULT 0,
  `rlimit_max_swap` float unsigned NOT NULL DEFAULT 0,
  `rlimit_max_fsize` float unsigned NOT NULL DEFAULT 0,
  `rlimit_max_data` float unsigned NOT NULL DEFAULT 0,
  `rlimit_max_stack` float unsigned NOT NULL DEFAULT 0,
  `rlimit_max_core` float unsigned NOT NULL DEFAULT 0,
  `rlimit_max_rss` float unsigned NOT NULL DEFAULT 0,
  `job_start_logged` tinyint(3) unsigned NOT NULL DEFAULT 0,
  `job_end_logged` tinyint(3) unsigned NOT NULL DEFAULT 0,
  `job_scan_logged` tinyint(3) unsigned NOT NULL DEFAULT 0,
  `userGroup` varchar(60) NOT NULL,
  `jobDescription` varchar(512) DEFAULT '',
  `combinedResreq` varchar(512) DEFAULT '',
  `effectiveResreq` varchar(512) DEFAULT '',
  `gpuCombinedResreq` varchar(512) DEFAULT '',
  `gpuEffectiveResreq` varchar(512) DEFAULT '',
  `chargedSAAP` varchar(256) DEFAULT '',
  `ineligiblePendingTime` int(10) unsigned NOT NULL DEFAULT 0,
  `pendState` int(10) NOT NULL DEFAULT -1,
  `effectivePendingTimeLimit` int(10) unsigned NOT NULL DEFAULT 0,
  `effectiveEligiblePendingTimeLimit` int(10) unsigned NOT NULL DEFAULT 0,
  `isLoaningGSLA` tinyint(3) unsigned NOT NULL DEFAULT 0,
  `cpuPeak` decimal(9,5) NOT NULL DEFAULT 0.00000,
  `peakEfficiency` decimal(9,5) NOT NULL DEFAULT 0.00000,
  `memEfficiency` decimal(9,5) NOT NULL DEFAULT 0.00000,
  `cpuPeakReachedTime` double NOT NULL DEFAULT 0,
  `last_updated` timestamp NOT NULL DEFAULT current_timestamp() ON UPDATE current_timestamp(),
  PRIMARY KEY (`clusterid`,`jobid`,`indexid`,`submit_time`),
  KEY `submit_time` (`submit_time`),
  KEY `projectName` (`projectName`),
  KEY `start_time` (`start_time`),
  KEY `end_time` (`end_time`),
  KEY `job_start_logged` (`job_start_logged`),
  KEY `job_end_logged` (`job_end_logged`),
  KEY `job_scan_logged` (`job_scan_logged`),
  KEY `jobname` (`jobname`),
  KEY `queue_clusterid` (`queue`,`clusterid`),
  KEY `stat_clusterid_exitInfo` (`stat`,`clusterid`,`exitInfo`),
  KEY `user_clusterid` (`user`,`clusterid`),
  KEY `from_host_clusterid` (`from_host`,`clusterid`),
  KEY `exec_host_clusterid` (`exec_host`,`clusterid`),
  KEY `swap_used` (`swap_used`),
  KEY `cpu_used` (`cpu_used`),
  KEY `mem_used` (`mem_used`),
  KEY `num_nodes` (`num_nodes`),
  KEY `num_cpus` (`num_cpus`),
  KEY `pend_time` (`pend_time`),
  KEY `ineligiblePendingTime` (`ineligiblePendingTime`),
  KEY `effectivePendingTimeLimit` (`effectivePendingTimeLimit`),
  KEY `effectiveEligiblePendingTimeLimit` (`effectiveEligiblePendingTimeLimit`),
  KEY `psusp_time` (`psusp_time`),
  KEY `run_time` (`run_time`),
  KEY `ususp_time` (`ususp_time`),
  KEY `ssusp_time` (`ssusp_time`),
  KEY `unkwn_time` (`unkwn_time`),
  KEY `prov_time` (`prov_time`),
  KEY `nice` (`nice`),
  KEY `app` (`app`),
  KEY `prev_stat` (`prev_stat`),
  KEY `stat_changes` (`stat_changes`),
  KEY `flapping_logged` (`flapping_logged`),
  KEY `efficiency` (`efficiency`),
  KEY `effic_logged` (`effic_logged`),
  KEY `userGroup` (`userGroup`),
  KEY `indexid` (`indexid`),
  KEY `jobid` (`jobid`),
  KEY `pid_alarm_logged` (`pid_alarm_logged`),
  KEY `clusterid_end_logged` (`clusterid`,`job_end_logged`),
  KEY `clusterid_stat_end_logged` (`clusterid`,`stat`,`job_end_logged`),
  KEY `clusterid_stat_start_time` (`clusterid`,`stat`,`start_time`),
  KEY `last_updated` (`last_updated`),
  KEY `licenseProject` (`licenseProject`),
  KEY `jobGroup` (`jobGroup`(191)),
  KEY `sla` (`sla`),
  KEY `chargedSAAP` (`chargedSAAP`),
  KEY `exitInfo` (`exitInfo`),
  KEY `stat_last_updated` (`stat`,`last_updated`),
  KEY `clusterid_stat_last_updated` (`clusterid`,`stat`,`last_updated`)
) ENGINE=InnoDB DEFAULT CHARSET=latin1 ROW_FORMAT=DYNAMIC;
/*!40101 SET character_set_client = @saved_cs_client */;

--
-- Table structure for table `grid_jobs_exec_hosts`
--

DROP TABLE IF EXISTS `grid_jobs_exec_hosts`;
/*!40101 SET @saved_cs_client     = @@character_set_client */;
/*!40101 SET character_set_client = utf8 */;
CREATE TABLE `grid_jobs_exec_hosts` (
  `exec_host` varchar(64) NOT NULL DEFAULT '',
  `clusterid` int(10) unsigned NOT NULL DEFAULT 0,
  `present` tinyint(3) unsigned NOT NULL DEFAULT 0,
  PRIMARY KEY (`exec_host`,`clusterid`)
) ENGINE=InnoDB DEFAULT CHARSET=latin1;
/*!40101 SET character_set_client = @saved_cs_client */;

--
-- Table structure for table `grid_jobs_finished`
--

DROP TABLE IF EXISTS `grid_jobs_finished`;
/*!40101 SET @saved_cs_client     = @@character_set_client */;
/*!40101 SET character_set_client = utf8 */;
CREATE TABLE `grid_jobs_finished` (
  `jobid` bigint(20) unsigned NOT NULL DEFAULT 0,
  `indexid` int(10) unsigned NOT NULL DEFAULT 0,
  `clusterid` int(10) unsigned NOT NULL DEFAULT 0,
  `options` int(10) unsigned NOT NULL DEFAULT 0,
  `options2` int(10) unsigned NOT NULL DEFAULT 0,
  `options3` int(10) unsigned NOT NULL DEFAULT 0,
  `options4` int(10) unsigned NOT NULL DEFAULT 0,
  `user` varchar(60) NOT NULL DEFAULT '',
  `stat` varchar(10) NOT NULL DEFAULT '',
  `prev_stat` varchar(10) NOT NULL DEFAULT '',
  `stat_changes` int(10) unsigned NOT NULL DEFAULT 0,
  `flapping_logged` tinyint(3) unsigned NOT NULL DEFAULT 0,
  `exitStatus` int(10) unsigned NOT NULL DEFAULT 0,
  `pendReasons` varchar(512) NOT NULL DEFAULT '',
  `queue` varchar(60) NOT NULL DEFAULT '',
  `nice` varchar(4) NOT NULL DEFAULT '',
  `from_host` varchar(64) NOT NULL DEFAULT '',
  `exec_host` varchar(64) DEFAULT NULL,
  `execUid` int(10) unsigned NOT NULL DEFAULT 0,
  `loginShell` varchar(20) DEFAULT NULL,
  `execHome` varchar(255) NOT NULL DEFAULT '',
  `execCwd` varchar(255) NOT NULL DEFAULT '',
  `cwd` varchar(255) NOT NULL DEFAULT '',
  `exceptMask` int(10) NOT NULL DEFAULT 0,
  `exitInfo` int(10) NOT NULL DEFAULT 0,
  `postExecCmd` varchar(255) NOT NULL DEFAULT '',
  `app` varchar(40) NOT NULL DEFAULT '',
  `execUsername` varchar(60) NOT NULL DEFAULT '',
  `mailUser` varchar(512) DEFAULT NULL,
  `jobname` varchar(128) DEFAULT NULL,
  `jobPriority` int(10) unsigned NOT NULL DEFAULT 0,
  `jobPid` int(10) unsigned NOT NULL DEFAULT 0,
  `userPriority` int(10) DEFAULT 0,
  `projectName` varchar(60) NOT NULL DEFAULT '',
  `parentGroup` varchar(128) NOT NULL DEFAULT '',
  `sla` varchar(60) NOT NULL DEFAULT '',
  `jobGroup` varchar(512) NOT NULL DEFAULT '',
  `licenseProject` varchar(60) NOT NULL DEFAULT '',
  `command` varchar(1024) DEFAULT NULL,
  `inFile` varchar(255) DEFAULT NULL,
  `outFile` varchar(255) DEFAULT NULL,
  `errFile` varchar(255) DEFAULT NULL,
  `preExecCmd` varchar(255) DEFAULT NULL,
  `res_requirements` varchar(512) DEFAULT NULL,
  `gpuResReq` varchar(512) DEFAULT NULL,
  `dependCond` varchar(1024) DEFAULT '',
  `mem_used` double DEFAULT NULL,
  `swap_used` double NOT NULL DEFAULT 0,
  `max_memory` double DEFAULT 0,
  `gpu_mem_used` double DEFAULT 0,
  `gpu_max_memory` double DEFAULT 0,
  `max_swap` double DEFAULT 0,
  `mem_requested` double DEFAULT 0,
  `mem_requested_oper` varchar(8) DEFAULT '',
  `mem_reserved` double DEFAULT 0,
  `cpu_used` double NOT NULL DEFAULT 0,
  `utime` double NOT NULL DEFAULT 0,
  `stime` double NOT NULL DEFAULT 0,
  `efficiency` decimal(9,5) NOT NULL DEFAULT 0.00000,
  `effic_logged` tinyint(3) unsigned NOT NULL DEFAULT 0,
  `numPIDS` int(10) unsigned NOT NULL DEFAULT 0,
  `numPGIDS` int(10) unsigned NOT NULL DEFAULT 0,
  `numThreads` int(10) unsigned NOT NULL DEFAULT 0,
  `pid_alarm_logged` tinyint(3) unsigned NOT NULL DEFAULT 0,
  `num_nodes` int(10) unsigned NOT NULL DEFAULT 1,
  `num_cpus` int(10) unsigned NOT NULL DEFAULT 1,
  `max_allocated_processes` int(10) unsigned NOT NULL DEFAULT 0 COMMENT 'job level allocated slot',
  `maxNumProcessors` int(10) unsigned NOT NULL DEFAULT 0,
  `num_gpus` int(10) unsigned NOT NULL DEFAULT 0,
  `gpu_mode` int(10) unsigned NOT NULL DEFAULT 0,
  `submit_time` timestamp NOT NULL DEFAULT '0000-00-00 00:00:00',
  `reserveTime` timestamp NOT NULL DEFAULT '0000-00-00 00:00:00',
  `predictedStartTime` timestamp NOT NULL DEFAULT '0000-00-00 00:00:00',
  `start_time` timestamp NOT NULL DEFAULT '0000-00-00 00:00:00',
  `end_time` timestamp NOT NULL DEFAULT '0000-00-00 00:00:00',
  `beginTime` timestamp NOT NULL DEFAULT '0000-00-00 00:00:00',
  `termTime` timestamp NOT NULL DEFAULT '0000-00-00 00:00:00',
  `runtimeEstimation` int(10) unsigned DEFAULT 0,
  `pend_time` int(10) unsigned NOT NULL DEFAULT 0,
  `psusp_time` int(10) unsigned NOT NULL DEFAULT 0,
  `run_time` int(10) unsigned NOT NULL DEFAULT 0,
  `gpu_exec_time` int(10) unsigned NOT NULL DEFAULT 0,
  `ususp_time` int(10) unsigned NOT NULL DEFAULT 0,
  `ssusp_time` int(10) unsigned NOT NULL DEFAULT 0,
  `unkwn_time` int(10) unsigned NOT NULL DEFAULT 0,
  `prov_time` int(10) unsigned NOT NULL DEFAULT 0,
  `acJobWaitTime` int(10) unsigned NOT NULL DEFAULT 0,
  `hostSpec` varchar(40) DEFAULT NULL,
  `rlimit_max_cpu` int(10) unsigned NOT NULL DEFAULT 0,
  `rlimit_max_wallt` int(10) unsigned NOT NULL DEFAULT 0,
  `rlimit_max_swap` float unsigned NOT NULL DEFAULT 0,
  `rlimit_max_fsize` float unsigned NOT NULL DEFAULT 0,
  `rlimit_max_data` float unsigned NOT NULL DEFAULT 0,
  `rlimit_max_stack` float unsigned NOT NULL DEFAULT 0,
  `rlimit_max_core` float unsigned NOT NULL DEFAULT 0,
  `rlimit_max_rss` float unsigned NOT NULL DEFAULT 0,
  `job_start_logged` tinyint(3) unsigned NOT NULL DEFAULT 0,
  `job_end_logged` tinyint(3) unsigned NOT NULL DEFAULT 0,
  `job_scan_logged` tinyint(3) unsigned NOT NULL DEFAULT 0,
  `userGroup` varchar(60) NOT NULL,
  `jobDescription` varchar(512) DEFAULT '',
  `combinedResreq` varchar(512) DEFAULT '',
  `effectiveResreq` varchar(512) DEFAULT '',
  `gpuCombinedResreq` varchar(512) DEFAULT '',
  `gpuEffectiveResreq` varchar(512) DEFAULT '',
  `chargedSAAP` varchar(256) DEFAULT '',
  `ineligiblePendingTime` int(10) unsigned NOT NULL DEFAULT 0,
  `pendState` int(10) NOT NULL DEFAULT -1,
  `effectivePendingTimeLimit` int(10) unsigned NOT NULL DEFAULT 0,
  `effectiveEligiblePendingTimeLimit` int(10) unsigned NOT NULL DEFAULT 0,
  `isLoaningGSLA` tinyint(3) unsigned NOT NULL DEFAULT 0,
  `cpuPeak` decimal(9,5) NOT NULL DEFAULT 0.00000,
  `peakEfficiency` decimal(9,5) NOT NULL DEFAULT 0.00000,
  `memEfficiency` decimal(9,5) NOT NULL DEFAULT 0.00000,
  `cpuPeakReachedTime` double NOT NULL DEFAULT 0,
  `last_updated` timestamp NOT NULL DEFAULT current_timestamp() ON UPDATE current_timestamp(),
  PRIMARY KEY (`clusterid`,`jobid`,`indexid`,`submit_time`),
  KEY `submit_time` (`submit_time`),
  KEY `projectName` (`projectName`),
  KEY `start_time` (`start_time`),
  KEY `end_time` (`end_time`),
  KEY `jobname` (`jobname`),
  KEY `queue_clusterid` (`queue`,`clusterid`),
  KEY `stat_clusterid` (`stat`,`clusterid`),
  KEY `user_clusterid` (`user`,`clusterid`),
  KEY `from_host_clusterid` (`from_host`,`clusterid`),
  KEY `exec_host_clusterid` (`exec_host`,`clusterid`),
  KEY `cpu_used` (`cpu_used`),
  KEY `mem_used` (`mem_used`),
  KEY `num_nodes` (`num_nodes`),
  KEY `num_cpus` (`num_cpus`),
  KEY `pend_time` (`pend_time`),
  KEY `run_time` (`run_time`),
  KEY `stat_changes` (`stat_changes`),
  KEY `efficiency` (`efficiency`),
  KEY `userGroup` (`userGroup`),
  KEY `indexid` (`indexid`),
  KEY `jobid` (`jobid`),
  KEY `last_updated` (`last_updated`),
  KEY `licenseProject` (`licenseProject`),
  KEY `jobGroup` (`jobGroup`(191)),
  KEY `sla` (`sla`)
) ENGINE=InnoDB DEFAULT CHARSET=latin1;
/*!40101 SET character_set_client = @saved_cs_client */;

--
-- Table structure for table `grid_jobs_from_hosts`
--

DROP TABLE IF EXISTS `grid_jobs_from_hosts`;
/*!40101 SET @saved_cs_client     = @@character_set_client */;
/*!40101 SET character_set_client = utf8 */;
CREATE TABLE `grid_jobs_from_hosts` (
  `from_host` varchar(64) NOT NULL DEFAULT '',
  `clusterid` int(10) unsigned NOT NULL DEFAULT 0,
  `present` tinyint(3) unsigned NOT NULL DEFAULT 0,
  PRIMARY KEY (`from_host`,`clusterid`)
) ENGINE=InnoDB DEFAULT CHARSET=latin1;
/*!40101 SET character_set_client = @saved_cs_client */;

--
-- Table structure for table `grid_jobs_gpu_rusage`
--

DROP TABLE IF EXISTS `grid_jobs_gpu_rusage`;
/*!40101 SET @saved_cs_client     = @@character_set_client */;
/*!40101 SET character_set_client = utf8 */;
CREATE TABLE `grid_jobs_gpu_rusage` (
  `id` bigint(8) unsigned NOT NULL AUTO_INCREMENT,
  `clusterid` int(10) unsigned NOT NULL DEFAULT 0,
  `jobid` bigint(20) NOT NULL DEFAULT 0,
  `indexid` int(10) unsigned NOT NULL DEFAULT 0,
  `submit_time` timestamp NOT NULL DEFAULT '0000-00-00 00:00:00',
  `start_time` timestamp NOT NULL DEFAULT '0000-00-00 00:00:00',
  `update_time` timestamp NOT NULL DEFAULT '0000-00-00 00:00:00',
  `host` varchar(64) NOT NULL DEFAULT '',
  `gpu_id` smallint(5) NOT NULL DEFAULT 0,
  `exec_time` float NOT NULL DEFAULT 0,
  `energy` float NOT NULL DEFAULT 0,
  `sm_ut_avg` float NOT NULL DEFAULT 0,
  `sm_ut_max` float NOT NULL DEFAULT 0,
  `sm_ut_min` float NOT NULL DEFAULT 0,
  `mem_ut_avg` float NOT NULL DEFAULT 0,
  `mem_ut_max` float NOT NULL DEFAULT 0,
  `mem_ut_min` float NOT NULL DEFAULT 0,
  `gpu_mused_max` float NOT NULL DEFAULT 0,
  PRIMARY KEY (`id`),
  UNIQUE KEY `cid_jid_idx_subtime_hname_gid_utime` (`clusterid`,`jobid`,`indexid`,`submit_time`,`host`,`gpu_id`,`update_time`)
) ENGINE=InnoDB DEFAULT CHARSET=latin1;
/*!40101 SET character_set_client = @saved_cs_client */;

--
-- Table structure for table `grid_jobs_host_rusage`
--

DROP TABLE IF EXISTS `grid_jobs_host_rusage`;
/*!40101 SET @saved_cs_client     = @@character_set_client */;
/*!40101 SET character_set_client = utf8 */;
CREATE TABLE `grid_jobs_host_rusage` (
  `clusterid` int(10) unsigned NOT NULL DEFAULT 0,
  `jobid` bigint(20) NOT NULL DEFAULT 0,
  `indexid` int(10) unsigned NOT NULL DEFAULT 0,
  `submit_time` timestamp NOT NULL DEFAULT '0000-00-00 00:00:00',
  `update_time` timestamp NOT NULL DEFAULT '0000-00-00 00:00:00',
  `host` varchar(64) NOT NULL DEFAULT '',
  `utime` float NOT NULL DEFAULT 0,
  `stime` float NOT NULL DEFAULT 0,
  `mem` float NOT NULL DEFAULT 0,
  `swap` float NOT NULL DEFAULT 0,
  `processes` int(10) NOT NULL DEFAULT 0 COMMENT 'job host level allocated slot',
  PRIMARY KEY (`clusterid`,`jobid`,`indexid`,`submit_time`,`host`,`update_time`),
  KEY `update_time` (`update_time`),
  KEY `submit_time` (`submit_time`)
) ENGINE=InnoDB DEFAULT CHARSET=latin1;
/*!40101 SET character_set_client = @saved_cs_client */;

--
-- Table structure for table `grid_jobs_idled`
--

DROP TABLE IF EXISTS `grid_jobs_idled`;
/*!40101 SET @saved_cs_client     = @@character_set_client */;
/*!40101 SET character_set_client = utf8 */;
CREATE TABLE `grid_jobs_idled` (
  `clusterid` int(10) unsigned NOT NULL DEFAULT 0,
  `jobid` int(10) unsigned NOT NULL,
  `indexid` varchar(45) NOT NULL,
  `submit_time` timestamp NOT NULL DEFAULT '0000-00-00 00:00:00',
  `cumulative_cpu` int(10) unsigned NOT NULL,
  `notified` tinyint(3) unsigned NOT NULL DEFAULT 0,
  `present` tinyint(3) unsigned NOT NULL DEFAULT 1,
  PRIMARY KEY (`clusterid`,`submit_time`,`indexid`,`jobid`),
  KEY `present` (`present`)
) ENGINE=InnoDB DEFAULT CHARSET=latin1;
/*!40101 SET character_set_client = @saved_cs_client */;

--
-- Table structure for table `grid_jobs_jobhosts`
--

DROP TABLE IF EXISTS `grid_jobs_jobhosts`;
/*!40101 SET @saved_cs_client     = @@character_set_client */;
/*!40101 SET character_set_client = utf8 */;
CREATE TABLE `grid_jobs_jobhosts` (
  `jobid` bigint(20) unsigned NOT NULL DEFAULT 0,
  `indexid` int(10) unsigned NOT NULL DEFAULT 0,
  `clusterid` int(10) unsigned NOT NULL DEFAULT 0,
  `exec_host` varchar(64) NOT NULL DEFAULT '',
  `submit_time` timestamp NOT NULL DEFAULT '0000-00-00 00:00:00',
  `processes` int(10) NOT NULL DEFAULT 0,
  `ngpus` mediumint(8) NOT NULL DEFAULT 0,
  `isborrowed` tinyint(3) unsigned NOT NULL DEFAULT 0,
  PRIMARY KEY (`clusterid`,`jobid`,`indexid`,`submit_time`,`exec_host`),
  KEY `exec_host` (`exec_host`)
) ENGINE=InnoDB DEFAULT CHARSET=latin1;
/*!40101 SET character_set_client = @saved_cs_client */;

--
-- Table structure for table `grid_jobs_jobhosts_finished`
--

DROP TABLE IF EXISTS `grid_jobs_jobhosts_finished`;
/*!40101 SET @saved_cs_client     = @@character_set_client */;
/*!40101 SET character_set_client = utf8 */;
CREATE TABLE `grid_jobs_jobhosts_finished` (
  `jobid` bigint(20) unsigned NOT NULL DEFAULT 0,
  `indexid` int(10) unsigned NOT NULL DEFAULT 0,
  `clusterid` int(10) unsigned NOT NULL DEFAULT 0,
  `exec_host` varchar(64) NOT NULL DEFAULT '',
  `submit_time` timestamp NOT NULL DEFAULT '0000-00-00 00:00:00',
  `processes` int(10) NOT NULL DEFAULT 0,
  `ngpus` mediumint(8) NOT NULL DEFAULT 0,
  `isborrowed` tinyint(3) unsigned NOT NULL DEFAULT 0,
  PRIMARY KEY (`clusterid`,`jobid`,`indexid`,`submit_time`,`exec_host`),
  KEY `exec_host` (`exec_host`)
) ENGINE=InnoDB DEFAULT CHARSET=latin1;
/*!40101 SET character_set_client = @saved_cs_client */;

--
-- Table structure for table `grid_jobs_memvio`
--

DROP TABLE IF EXISTS `grid_jobs_memvio`;
/*!40101 SET @saved_cs_client     = @@character_set_client */;
/*!40101 SET character_set_client = utf8 */;
CREATE TABLE `grid_jobs_memvio` (
  `clusterid` int(10) unsigned NOT NULL DEFAULT 0,
  `jobid` int(10) unsigned NOT NULL,
  `indexid` varchar(45) NOT NULL,
  `submit_time` timestamp NOT NULL DEFAULT '0000-00-00 00:00:00',
  `type` int(10) NOT NULL DEFAULT 0,
  `run_time` int(10) NOT NULL DEFAULT 0,
  `rusage_memory` double unsigned NOT NULL,
  `rusage_swap` double unsigned NOT NULL,
  `max_memory` double unsigned NOT NULL,
  `max_swap` double unsigned NOT NULL,
  `notified` tinyint(3) unsigned NOT NULL DEFAULT 0,
  `present` tinyint(3) unsigned NOT NULL DEFAULT 1,
  PRIMARY KEY (`clusterid`,`submit_time`,`indexid`,`jobid`)
) ENGINE=InnoDB DEFAULT CHARSET=latin1;
/*!40101 SET character_set_client = @saved_cs_client */;

--
-- Table structure for table `grid_jobs_pendhist_daily`
--

DROP TABLE IF EXISTS `grid_jobs_pendhist_daily`;
/*!40101 SET @saved_cs_client     = @@character_set_client */;
/*!40101 SET character_set_client = utf8 */;
CREATE TABLE `grid_jobs_pendhist_daily` (
  `reason` int(10) unsigned NOT NULL,
  `subreason` varchar(40) NOT NULL DEFAULT '',
  `detail_type` varchar(15) NOT NULL DEFAULT '',
  `clusterid` int(10) unsigned NOT NULL,
  `stat` varchar(5) NOT NULL,
  `projectName` varchar(60) NOT NULL,
  `queue` varchar(40) NOT NULL,
  `user` varchar(60) NOT NULL,
  `total_pend` int(10) unsigned NOT NULL,
  `total_slots` int(10) unsigned NOT NULL,
  `year_day` int(10) NOT NULL DEFAULT 2011001,
  KEY `projectName` (`projectName`),
  KEY `queue` (`queue`),
  KEY `user` (`user`),
  KEY `year_day` (`year_day`),
  KEY `clusterid` (`clusterid`),
  KEY `reason` (`reason`),
  KEY `stat` (`stat`)
) ENGINE=MyISAM COMMENT='Daily Statistics for Pending Reasons';
/*!40101 SET character_set_client = @saved_cs_client */;

--
-- Table structure for table `grid_jobs_pendhist_hourly`
--

DROP TABLE IF EXISTS `grid_jobs_pendhist_hourly`;
/*!40101 SET @saved_cs_client     = @@character_set_client */;
/*!40101 SET character_set_client = utf8 */;
CREATE TABLE `grid_jobs_pendhist_hourly` (
  `reason` int(10) unsigned NOT NULL,
  `subreason` varchar(40) NOT NULL DEFAULT '',
  `detail_type` varchar(15) NOT NULL DEFAULT '',
  `clusterid` int(10) unsigned NOT NULL,
  `stat` varchar(5) NOT NULL,
  `projectName` varchar(60) NOT NULL,
  `queue` varchar(40) NOT NULL,
  `user` varchar(60) NOT NULL,
  `total_pend` int(10) unsigned NOT NULL,
  `total_slots` int(10) unsigned NOT NULL,
  `date_recorded` timestamp NOT NULL DEFAULT '0000-00-00 00:00:00',
  KEY `projectName` (`projectName`),
  KEY `queue` (`queue`),
  KEY `user` (`user`),
  KEY `date_recorded` (`date_recorded`),
  KEY `clusterid` (`clusterid`),
  KEY `reason` (`reason`),
  KEY `stat` (`stat`)
) ENGINE=MyISAM COMMENT='Hourly Statistics for Pending Reasons';
/*!40101 SET character_set_client = @saved_cs_client */;

--
-- Table structure for table `grid_jobs_pendhist_yesterday`
--

DROP TABLE IF EXISTS `grid_jobs_pendhist_yesterday`;
/*!40101 SET @saved_cs_client     = @@character_set_client */;
/*!40101 SET character_set_client = utf8 */;
CREATE TABLE `grid_jobs_pendhist_yesterday` (
  `reason` int(10) unsigned NOT NULL,
  `subreason` varchar(40) NOT NULL DEFAULT '',
  `detail_type` varchar(15) NOT NULL DEFAULT '',
  `clusterid` int(10) unsigned NOT NULL,
  `stat` varchar(5) NOT NULL,
  `projectName` varchar(60) NOT NULL,
  `queue` varchar(40) NOT NULL,
  `user` varchar(60) NOT NULL,
  `total_pend` int(10) unsigned NOT NULL,
  `total_slots` int(10) unsigned NOT NULL,
  `date_recorded` timestamp NOT NULL DEFAULT '0000-00-00 00:00:00',
  KEY `projectName` (`projectName`),
  KEY `queue` (`queue`),
  KEY `user` (`user`),
  KEY `date_recorded` (`date_recorded`),
  KEY `clusterid` (`clusterid`),
  KEY `reason` (`reason`),
  KEY `stat` (`stat`)
) ENGINE=MyISAM COMMENT='Hourly Statistics for Pending Reasons';
/*!40101 SET character_set_client = @saved_cs_client */;

--
-- Table structure for table `grid_jobs_pendreason_maps`
--

DROP TABLE IF EXISTS `grid_jobs_pendreason_maps`;
/*!40101 SET @saved_cs_client     = @@character_set_client */;
/*!40101 SET character_set_client = utf8 */;
CREATE TABLE `grid_jobs_pendreason_maps` (
  `issusp` tinyint(3) unsigned NOT NULL DEFAULT 0,
  `reason_code` int(10) unsigned NOT NULL DEFAULT 0,
  `sub_reason_code` varchar(40) NOT NULL DEFAULT '',
  `reason` varchar(256) NOT NULL DEFAULT '',
  PRIMARY KEY (`issusp`,`reason_code`,`sub_reason_code`)
) ENGINE=InnoDB DEFAULT CHARSET=latin1;
/*!40101 SET character_set_client = @saved_cs_client */;

--
-- Table structure for table `grid_jobs_pendreasons`
--

DROP TABLE IF EXISTS `grid_jobs_pendreasons`;
/*!40101 SET @saved_cs_client     = @@character_set_client */;
/*!40101 SET character_set_client = utf8 */;
CREATE TABLE `grid_jobs_pendreasons` (
  `clusterid` int(10) unsigned NOT NULL,
  `jobid` bigint(20) unsigned NOT NULL DEFAULT 0,
  `indexid` int(10) unsigned NOT NULL DEFAULT 0,
  `submit_time` timestamp NOT NULL DEFAULT '0000-00-00 00:00:00',
  `issusp` tinyint(3) unsigned NOT NULL DEFAULT 0,
  `reason` int(10) unsigned NOT NULL DEFAULT 0,
  `subreason` varchar(40) NOT NULL DEFAULT '',
  `type` tinyint(3) unsigned NOT NULL DEFAULT 0,
  `detail` varchar(128) NOT NULL DEFAULT '',
  `ratio` float NOT NULL DEFAULT 0,
  `start_time` timestamp NOT NULL DEFAULT '0000-00-00 00:00:00',
  `end_time` timestamp NOT NULL DEFAULT '0000-00-00 00:00:00',
  `last_updated` timestamp NOT NULL DEFAULT current_timestamp() ON UPDATE current_timestamp(),
  `present` tinyint(3) unsigned NOT NULL DEFAULT 0,
  PRIMARY KEY (`clusterid`,`jobid`,`indexid`,`submit_time`,`issusp`,`reason`,`subreason`,`type`,`end_time`),
  KEY `clusterid_end_time_last_updated` (`clusterid`,`end_time`,`last_updated`)
) ENGINE=InnoDB DEFAULT CHARSET=latin1;
/*!40101 SET character_set_client = @saved_cs_client */;

--
-- Table structure for table `grid_jobs_pendreasons_finished`
--

DROP TABLE IF EXISTS `grid_jobs_pendreasons_finished`;
/*!40101 SET @saved_cs_client     = @@character_set_client */;
/*!40101 SET character_set_client = utf8 */;
CREATE TABLE `grid_jobs_pendreasons_finished` (
  `clusterid` int(10) unsigned NOT NULL,
  `jobid` bigint(20) unsigned NOT NULL DEFAULT 0,
  `indexid` int(10) unsigned NOT NULL DEFAULT 0,
  `submit_time` timestamp NOT NULL DEFAULT '0000-00-00 00:00:00',
  `issusp` tinyint(3) unsigned NOT NULL DEFAULT 0,
  `reason` int(10) unsigned NOT NULL DEFAULT 0,
  `subreason` varchar(40) NOT NULL DEFAULT '',
  `type` tinyint(3) unsigned NOT NULL DEFAULT 0,
  `detail` varchar(128) NOT NULL DEFAULT '',
  `ratio` float NOT NULL DEFAULT 0,
  `start_time` timestamp NOT NULL DEFAULT '0000-00-00 00:00:00',
  `end_time` timestamp NOT NULL DEFAULT '0000-00-00 00:00:00',
  `last_updated` timestamp NOT NULL DEFAULT current_timestamp() ON UPDATE current_timestamp(),
  `present` tinyint(3) unsigned NOT NULL DEFAULT 0,
  PRIMARY KEY (`clusterid`,`jobid`,`indexid`,`submit_time`,`issusp`,`reason`,`subreason`,`type`,`end_time`),
  KEY `clusterid_end_time` (`clusterid`,`end_time`)
) ENGINE=InnoDB DEFAULT CHARSET=latin1;
/*!40101 SET character_set_client = @saved_cs_client */;

--
-- Table structure for table `grid_jobs_processes`
--

DROP TABLE IF EXISTS `grid_jobs_processes`;
/*!40101 SET @saved_cs_client     = @@character_set_client */;
/*!40101 SET character_set_client = utf8 */;
CREATE TABLE `grid_jobs_processes` (
  `clusterid` int(10) unsigned NOT NULL DEFAULT 0,
  `jobid` bigint(20) unsigned NOT NULL DEFAULT 0,
  `indexid` int(10) unsigned NOT NULL DEFAULT 0,
  `host` varchar(64) NOT NULL DEFAULT '',
  `PID` int(10) unsigned NOT NULL DEFAULT 0,
  `PGID` int(10) unsigned NOT NULL DEFAULT 0,
  `mem` double DEFAULT NULL,
  `swap` double DEFAULT NULL,
  `utime` double DEFAULT NULL,
  `stime` double DEFAULT NULL,
  `first_seen` timestamp NOT NULL DEFAULT '0000-00-00 00:00:00',
  `last_seen` timestamp NOT NULL DEFAULT current_timestamp() ON UPDATE current_timestamp(),
  PRIMARY KEY (`clusterid`,`jobid`,`indexid`,`host`,`PID`) USING BTREE,
  KEY `clusterid_host` (`clusterid`,`host`),
  KEY `pid` (`PID`)
) ENGINE=InnoDB DEFAULT CHARSET=latin1;
/*!40101 SET character_set_client = @saved_cs_client */;

--
-- Table structure for table `grid_jobs_queues`
--

DROP TABLE IF EXISTS `grid_jobs_queues`;
/*!40101 SET @saved_cs_client     = @@character_set_client */;
/*!40101 SET character_set_client = utf8 */;
CREATE TABLE `grid_jobs_queues` (
  `queue` varchar(60) NOT NULL DEFAULT '',
  `clusterid` int(10) unsigned NOT NULL DEFAULT 0,
  `present` tinyint(3) unsigned NOT NULL DEFAULT 0,
  PRIMARY KEY (`queue`,`clusterid`)
) ENGINE=InnoDB DEFAULT CHARSET=latin1;
/*!40101 SET character_set_client = @saved_cs_client */;

--
-- Table structure for table `grid_jobs_reqhosts`
--

DROP TABLE IF EXISTS `grid_jobs_reqhosts`;
/*!40101 SET @saved_cs_client     = @@character_set_client */;
/*!40101 SET character_set_client = utf8 */;
CREATE TABLE `grid_jobs_reqhosts` (
  `jobid` bigint(20) unsigned NOT NULL DEFAULT 0,
  `indexid` int(10) unsigned NOT NULL DEFAULT 0,
  `clusterid` int(10) unsigned NOT NULL DEFAULT 0,
  `host` varchar(64) NOT NULL DEFAULT '',
  `submit_time` timestamp NOT NULL DEFAULT '0000-00-00 00:00:00',
  PRIMARY KEY (`clusterid`,`jobid`,`indexid`,`submit_time`,`host`),
  KEY `host` (`host`)
) ENGINE=InnoDB DEFAULT CHARSET=latin1;
/*!40101 SET character_set_client = @saved_cs_client */;

--
-- Table structure for table `grid_jobs_reqhosts_finished`
--

DROP TABLE IF EXISTS `grid_jobs_reqhosts_finished`;
/*!40101 SET @saved_cs_client     = @@character_set_client */;
/*!40101 SET character_set_client = utf8 */;
CREATE TABLE `grid_jobs_reqhosts_finished` (
  `jobid` bigint(20) unsigned NOT NULL DEFAULT 0,
  `indexid` int(10) unsigned NOT NULL DEFAULT 0,
  `clusterid` int(10) unsigned NOT NULL DEFAULT 0,
  `host` varchar(64) NOT NULL DEFAULT '',
  `submit_time` timestamp NOT NULL DEFAULT '0000-00-00 00:00:00',
  PRIMARY KEY (`clusterid`,`jobid`,`indexid`,`submit_time`,`host`),
  KEY `host` (`host`)
) ENGINE=InnoDB DEFAULT CHARSET=latin1;
/*!40101 SET character_set_client = @saved_cs_client */;

--
-- Table structure for table `grid_jobs_runtime`
--

DROP TABLE IF EXISTS `grid_jobs_runtime`;
/*!40101 SET @saved_cs_client     = @@character_set_client */;
/*!40101 SET character_set_client = utf8 */;
CREATE TABLE `grid_jobs_runtime` (
  `clusterid` int(10) unsigned NOT NULL DEFAULT 0,
  `jobid` int(10) unsigned NOT NULL DEFAULT 0,
  `indexid` varchar(45) NOT NULL DEFAULT '0',
  `submit_time` timestamp NOT NULL DEFAULT '0000-00-00 00:00:00',
  `rlimit_max_wallt` int(10) unsigned NOT NULL DEFAULT 0,
  `runtimeEstimation` int(10) unsigned NOT NULL DEFAULT 0,
  `run_time` int(10) unsigned NOT NULL DEFAULT 0,
  `type` int(10) unsigned NOT NULL DEFAULT 0,
  `notified` tinyint(3) unsigned NOT NULL DEFAULT 0,
  `present` tinyint(3) unsigned NOT NULL DEFAULT 1,
  PRIMARY KEY (`clusterid`,`submit_time`,`indexid`,`jobid`,`type`,`rlimit_max_wallt`,`runtimeEstimation`)
) ENGINE=InnoDB DEFAULT CHARSET=latin1;
/*!40101 SET character_set_client = @saved_cs_client */;

--
-- Table structure for table `grid_jobs_rusage`
--

DROP TABLE IF EXISTS `grid_jobs_rusage`;
/*!40101 SET @saved_cs_client     = @@character_set_client */;
/*!40101 SET character_set_client = utf8 */;
CREATE TABLE `grid_jobs_rusage` (
  `clusterid` int(10) unsigned NOT NULL DEFAULT 0,
  `jobid` bigint(20) NOT NULL DEFAULT 0,
  `indexid` int(10) unsigned NOT NULL DEFAULT 0,
  `submit_time` timestamp NOT NULL DEFAULT '0000-00-00 00:00:00',
  `update_time` timestamp NOT NULL DEFAULT '0000-00-00 00:00:00',
  `utime` float NOT NULL DEFAULT 0,
  `stime` float NOT NULL DEFAULT 0,
  `mem` float NOT NULL DEFAULT 0,
  `swap` float NOT NULL DEFAULT 0,
  `mem_reserved` float NOT NULL DEFAULT 0,
  `npids` int(10) unsigned NOT NULL DEFAULT 0,
  `npgids` int(10) unsigned NOT NULL DEFAULT 0,
  `nthreads` int(10) unsigned NOT NULL DEFAULT 0,
  `num_cpus` int(10) unsigned NOT NULL DEFAULT 0 COMMENT 'job level allocated slot',
  `pids` varchar(1024) NOT NULL DEFAULT '',
  `pgids` varchar(40) NOT NULL DEFAULT '',
  `avgCpuEffi` decimal(9,5) NOT NULL DEFAULT 0.00000,
  PRIMARY KEY (`clusterid`,`jobid`,`indexid`,`submit_time`,`update_time`),
  KEY `update_time` (`update_time`),
  KEY `submit_time` (`submit_time`)
) ENGINE=InnoDB DEFAULT CHARSET=latin1;
/*!40101 SET character_set_client = @saved_cs_client */;

--
-- Table structure for table `grid_jobs_sla_loaning`
--

DROP TABLE IF EXISTS `grid_jobs_sla_loaning`;
/*!40101 SET @saved_cs_client     = @@character_set_client */;
/*!40101 SET character_set_client = utf8 */;
CREATE TABLE `grid_jobs_sla_loaning` (
  `clusterid` int(10) unsigned NOT NULL DEFAULT 0,
  `jobid` bigint(20) NOT NULL DEFAULT 0,
  `indexid` int(10) unsigned NOT NULL DEFAULT 0,
  `submit_time` timestamp NOT NULL DEFAULT '0000-00-00 00:00:00',
  `poolname` varchar(60) NOT NULL DEFAULT '',
  `numRsrc` int(10) DEFAULT 0,
  `mem` double DEFAULT 0,
  `last_updated` timestamp NOT NULL DEFAULT current_timestamp() ON UPDATE current_timestamp(),
  PRIMARY KEY (`clusterid`,`jobid`,`indexid`,`submit_time`,`poolname`)
) ENGINE=InnoDB DEFAULT CHARSET=latin1;
/*!40101 SET character_set_client = @saved_cs_client */;

--
-- Table structure for table `grid_jobs_sla_loaning_finished`
--

DROP TABLE IF EXISTS `grid_jobs_sla_loaning_finished`;
/*!40101 SET @saved_cs_client     = @@character_set_client */;
/*!40101 SET character_set_client = utf8 */;
CREATE TABLE `grid_jobs_sla_loaning_finished` (
  `clusterid` int(10) unsigned NOT NULL DEFAULT 0,
  `jobid` bigint(20) NOT NULL DEFAULT 0,
  `indexid` int(10) unsigned NOT NULL DEFAULT 0,
  `submit_time` timestamp NOT NULL DEFAULT '0000-00-00 00:00:00',
  `poolname` varchar(60) NOT NULL DEFAULT '',
  `numRsrc` int(10) DEFAULT 0,
  `mem` double DEFAULT 0,
  `last_updated` timestamp NOT NULL DEFAULT current_timestamp() ON UPDATE current_timestamp(),
  PRIMARY KEY (`clusterid`,`jobid`,`indexid`,`submit_time`,`poolname`)
) ENGINE=InnoDB DEFAULT CHARSET=latin1;
/*!40101 SET character_set_client = @saved_cs_client */;

--
-- Table structure for table `grid_jobs_stats`
--

DROP TABLE IF EXISTS `grid_jobs_stats`;
/*!40101 SET @saved_cs_client     = @@character_set_client */;
/*!40101 SET character_set_client = utf8 */;
CREATE TABLE `grid_jobs_stats` (
  `stat` varchar(10) NOT NULL DEFAULT '',
  `clusterid` int(10) unsigned NOT NULL DEFAULT 0,
  `present` tinyint(3) unsigned NOT NULL DEFAULT 0,
  PRIMARY KEY (`stat`,`clusterid`)
) ENGINE=InnoDB DEFAULT CHARSET=latin1;
/*!40101 SET character_set_client = @saved_cs_client */;

--
-- Table structure for table `grid_jobs_users`
--

DROP TABLE IF EXISTS `grid_jobs_users`;
/*!40101 SET @saved_cs_client     = @@character_set_client */;
/*!40101 SET character_set_client = utf8 */;
CREATE TABLE `grid_jobs_users` (
  `user` varchar(60) NOT NULL DEFAULT '',
  `clusterid` int(10) unsigned NOT NULL DEFAULT 0,
  `present` tinyint(3) unsigned NOT NULL DEFAULT 0,
  PRIMARY KEY (`user`,`clusterid`)
) ENGINE=InnoDB DEFAULT CHARSET=latin1;
/*!40101 SET character_set_client = @saved_cs_client */;

--
-- Table structure for table `grid_license_projects`
--

DROP TABLE IF EXISTS `grid_license_projects`;
/*!40101 SET @saved_cs_client     = @@character_set_client */;
/*!40101 SET character_set_client = utf8 */;
CREATE TABLE `grid_license_projects` (
  `clusterid` int(10) unsigned NOT NULL,
  `licenseProject` varchar(64) NOT NULL,
  `numRUN` int(10) unsigned NOT NULL DEFAULT 0,
  `numPEND` int(10) unsigned NOT NULL DEFAULT 0,
  `numJOBS` int(10) unsigned NOT NULL DEFAULT 0,
  `efficiency` double NOT NULL DEFAULT 0,
  `avg_mem` double NOT NULL DEFAULT 0,
  `max_mem` double NOT NULL DEFAULT 0,
  `avg_swap` double NOT NULL DEFAULT 0,
  `max_swap` double NOT NULL DEFAULT 0,
  `total_cpu` bigint(20) unsigned NOT NULL DEFAULT 0,
  `last_updated` timestamp NOT NULL DEFAULT current_timestamp(),
  `present` tinyint(3) unsigned NOT NULL DEFAULT 0,
  PRIMARY KEY (`clusterid`,`licenseProject`),
  KEY `present` (`present`)
) ENGINE=InnoDB DEFAULT CHARSET=latin1 COMMENT='Tracks License Project Information';
/*!40101 SET character_set_client = @saved_cs_client */;

--
-- Table structure for table `grid_load`
--

DROP TABLE IF EXISTS `grid_load`;
/*!40101 SET @saved_cs_client     = @@character_set_client */;
/*!40101 SET character_set_client = utf8 */;
CREATE TABLE `grid_load` (
  `host` varchar(64) NOT NULL DEFAULT '',
  `clusterid` int(10) NOT NULL DEFAULT 0,
  `status` varchar(20) NOT NULL DEFAULT '',
  `prev_status` varchar(20) NOT NULL DEFAULT '',
  `time_in_state` int(10) unsigned NOT NULL DEFAULT 0,
  `istatus` int(10) unsigned NOT NULL DEFAULT 0,
  `r15s` float NOT NULL DEFAULT 0,
  `r1m` float NOT NULL DEFAULT 0,
  `r15m` float NOT NULL DEFAULT 0,
  `ut` float NOT NULL DEFAULT 0,
  `pg` float NOT NULL DEFAULT 0,
  `io` float NOT NULL DEFAULT 0,
  `ls` float NOT NULL DEFAULT 0,
  `it` float NOT NULL DEFAULT 0,
  `tmp` float NOT NULL DEFAULT 0,
  `swp` float NOT NULL DEFAULT 0,
  `mem` float NOT NULL DEFAULT 0,
  `present` tinyint(3) unsigned NOT NULL DEFAULT 1,
  PRIMARY KEY (`host`,`clusterid`),
  KEY `clusterid` (`clusterid`),
  KEY `status` (`status`),
  KEY `prev_status` (`prev_status`),
  KEY `istatus` (`istatus`)
) ENGINE=InnoDB DEFAULT CHARSET=latin1;
/*!40101 SET character_set_client = @saved_cs_client */;

--
-- Table structure for table `grid_metadata`
--

DROP TABLE IF EXISTS `grid_metadata`;
/*!40101 SET @saved_cs_client     = @@character_set_client */;
/*!40101 SET character_set_client = utf8 */;
CREATE TABLE `grid_metadata` (
  `OBJECT_TYPE` varchar(20) NOT NULL,
  `OBJECT_ID` varchar(111) NOT NULL,
  `CLUSTER_ID` int(10) NOT NULL,
  `META_COL1` varchar(812) DEFAULT NULL,
  `META_COL2` varchar(812) DEFAULT NULL,
  `META_COL3` varchar(812) DEFAULT NULL,
  `META_COL4` varchar(812) DEFAULT NULL,
  `META_COL5` varchar(812) DEFAULT NULL,
  `META_COL6` varchar(812) DEFAULT NULL,
  `META_COL7` varchar(812) DEFAULT NULL,
  `META_COL8` varchar(812) DEFAULT NULL,
  `META_COL9` varchar(812) DEFAULT NULL,
  `META_COL10` varchar(812) DEFAULT NULL,
  `META_COL11` varchar(812) DEFAULT NULL,
  `META_COL12` varchar(812) DEFAULT NULL,
  `META_COL13` varchar(812) DEFAULT NULL,
  `META_COL14` varchar(812) DEFAULT NULL,
  `META_COL15` varchar(812) DEFAULT NULL,
  `META_COL16` varchar(812) DEFAULT NULL,
  `META_COL17` varchar(812) DEFAULT NULL,
  `META_COL18` varchar(812) DEFAULT NULL,
  `META_COL19` varchar(812) DEFAULT NULL,
  `META_COL20` varchar(812) DEFAULT NULL,
  PRIMARY KEY (`OBJECT_TYPE`,`OBJECT_ID`,`CLUSTER_ID`)
) ENGINE=InnoDB;
/*!40101 SET character_set_client = @saved_cs_client */;

--
-- Table structure for table `grid_metadata_conf`
--

DROP TABLE IF EXISTS `grid_metadata_conf`;
/*!40101 SET @saved_cs_client     = @@character_set_client */;
/*!40101 SET character_set_client = utf8 */;
CREATE TABLE `grid_metadata_conf` (
  `OBJECT_TYPE` varchar(20) NOT NULL,
  `DB_COLUMN_NAME` varchar(100) NOT NULL,
  `SECTION_NAME` varchar(100) NOT NULL,
  `DISPLAY_NAME` varchar(100) NOT NULL,
  `DESCRIPTION` varchar(1000) DEFAULT NULL,
  `DATA_TYPE` varchar(20) NOT NULL,
  `POSITION` int(2) NOT NULL,
  `SUMMARY` int(1) NOT NULL,
  `SEARCH` int(1) NOT NULL,
  `POPUP` int(1) NOT NULL
) ENGINE=InnoDB;
/*!40101 SET character_set_client = @saved_cs_client */;

--
-- Dumping data for table `grid_metadata_conf`
--

LOCK TABLES `grid_metadata_conf` WRITE;
/*!40000 ALTER TABLE `grid_metadata_conf` DISABLE KEYS */;
INSERT INTO `grid_metadata_conf` VALUES ('user','meta_col1','General','Full Name','Full name of the user','text',1,1,1,1),('user','meta_col2','General','Telephone number','Telephone number of the user','text',2,1,0,1),('user','meta_col3','General','E-mail','E-mail of the user','url',3,1,0,1),('user','meta_col4','General','Division','Division of the user','text',4,1,1,1),('user','meta_col5','General','Group','Group of the user','text',5,1,1,1),('user','meta_col6','General','Department','Department of the user','text',6,1,1,1),('host','meta_col1','Location','Rack Location','The rack identifier for this host','text',1,1,1,1),('host','meta_col2','Location','Site','The site for this host','text',2,1,0,0),('host','meta_col3','Hardware','iDRAC','The iDRAC URL for this host','url',3,1,0,1),('host','meta_col4','Hardware','CMC','The CMC URL for this blade\\\'s chassis controller','url',4,1,0,1),('job-group','meta_col1','Job Group Details','Development Group','Development Group that uses this job group','text',1,1,1,1),('queue','meta_col1','Queue Details','Used By','Groups that use this queue','text',1,1,1,1),('project','meta_col1','Project Details','Project Manager','Project Manager of this project','text',1,1,1,1),('project','meta_col2','Project Details','Project Manager Email','Email address for this project manager','text',2,1,0,0),('license-project','meta_col1','License Project Details','Development Group','Development Group that uses this license project','text',1,1,1,1),('application','meta_col1','Application Details','Development Group','Development Group that uses this application','text',1,1,1,1),('queue-group','meta_col1','Queue Group','Queue Group Name','Name of this Queue Group','display_name',1,1,1,1),('queue-group','meta_col2','Queue Group','Queue List','List of queues in this Queue Group','queue_list',2,1,1,1);
/*!40000 ALTER TABLE `grid_metadata_conf` ENABLE KEYS */;
UNLOCK TABLES;

--
-- Table structure for table `grid_os_signals`
--

DROP TABLE IF EXISTS `grid_os_signals`;
/*!40101 SET @saved_cs_client     = @@character_set_client */;
/*!40101 SET character_set_client = utf8 */;
CREATE TABLE `grid_os_signals` (
  `hostType_match` varchar(45) NOT NULL DEFAULT '',
  `signal` int(10) unsigned NOT NULL DEFAULT 0,
  `action` tinyint(3) unsigned NOT NULL DEFAULT 0,
  `abreviation` varchar(20) NOT NULL DEFAULT '',
  `description` text NOT NULL,
  PRIMARY KEY (`hostType_match`,`signal`,`abreviation`)
) ENGINE=InnoDB DEFAULT CHARSET=latin1;
/*!40101 SET character_set_client = @saved_cs_client */;

--
-- Table structure for table `grid_params`
--

DROP TABLE IF EXISTS `grid_params`;
/*!40101 SET @saved_cs_client     = @@character_set_client */;
/*!40101 SET character_set_client = utf8 */;
CREATE TABLE `grid_params` (
  `clusterid` int(10) unsigned NOT NULL DEFAULT 0,
  `parameter` varchar(45) NOT NULL DEFAULT '',
  `parameter_class` varchar(10) NOT NULL DEFAULT '',
  `parameter_value` varchar(255) NOT NULL DEFAULT '',
  `parameter_default` varchar(40) NOT NULL DEFAULT '',
  `description` varchar(255) NOT NULL DEFAULT '',
  `type` varchar(10) NOT NULL DEFAULT '',
  PRIMARY KEY (`clusterid`,`parameter`)
) ENGINE=InnoDB DEFAULT CHARSET=latin1;
/*!40101 SET character_set_client = @saved_cs_client */;

--
-- Table structure for table `grid_pendreasons_ignore`
--

DROP TABLE IF EXISTS `grid_pendreasons_ignore`;
/*!40101 SET @saved_cs_client     = @@character_set_client */;
/*!40101 SET character_set_client = utf8 */;
CREATE TABLE `grid_pendreasons_ignore` (
  `user_id` mediumint(8) unsigned NOT NULL,
  `issusp` tinyint(3) unsigned NOT NULL DEFAULT 0,
  `reason` int(10) unsigned NOT NULL,
  `subreason` varchar(40) NOT NULL DEFAULT '',
  `last_updated` timestamp NOT NULL DEFAULT current_timestamp() ON UPDATE current_timestamp(),
  `present` tinyint(3) unsigned NOT NULL DEFAULT 0,
  PRIMARY KEY (`user_id`,`issusp`,`reason`,`subreason`)
) ENGINE=InnoDB DEFAULT CHARSET=latin1;
/*!40101 SET character_set_client = @saved_cs_client */;

--
-- Table structure for table `grid_pollers`
--

DROP TABLE IF EXISTS `grid_pollers`;
/*!40101 SET @saved_cs_client     = @@character_set_client */;
/*!40101 SET character_set_client = utf8 */;
CREATE TABLE `grid_pollers` (
  `poller_id` int(10) unsigned NOT NULL AUTO_INCREMENT,
  `poller_name` varchar(45) NOT NULL DEFAULT '',
  `poller_lbindir` varchar(255) NOT NULL DEFAULT '',
  `poller_licserver_threads` int(10) NOT NULL DEFAULT 5,
  `poller_location` varchar(255) NOT NULL DEFAULT '',
  `poller_support_info` varchar(255) NOT NULL DEFAULT '',
  `lsf_version` int(10) unsigned NOT NULL DEFAULT 1017,
  `remote` varchar(20) DEFAULT NULL,
  `poller_max_insert_packet_size` varchar(255) DEFAULT NULL,
  PRIMARY KEY (`poller_id`)
) ENGINE=InnoDB DEFAULT CHARSET=latin1;
/*!40101 SET character_set_client = @saved_cs_client */;

--
-- Dumping data for table `grid_pollers`
--

LOCK TABLES `grid_pollers` WRITE;
/*!40000 ALTER TABLE `grid_pollers` DISABLE KEYS */;
INSERT INTO `grid_pollers` VALUES (8,'Poller for LSF 9.1','/var/www/html/rtm/lsf91/bin/',5,'','',91,'',NULL),(9,'Poller for LSF 10.1','/var/www/html/rtm/lsf101/bin/',5,'','',1010,'',NULL),(10,'Poller for LSF 10.1.0.7','/var/www/html/rtm/lsf1017/bin/',5,'','',1017,'',NULL),(11,'Poller for LSF 10.1.0.13','/var/www/html/rtm/lsf10.1.0.13/bin/',5,'','',10010013,NULL,NULL);
/*!40000 ALTER TABLE `grid_pollers` ENABLE KEYS */;
UNLOCK TABLES;

--
-- Table structure for table `grid_processes`
--

DROP TABLE IF EXISTS `grid_processes`;
/*!40101 SET @saved_cs_client     = @@character_set_client */;
/*!40101 SET character_set_client = utf8 */;
CREATE TABLE `grid_processes` (
  `pid` int(10) unsigned NOT NULL DEFAULT 0,
  `taskname` varchar(20) NOT NULL DEFAULT '0',
  `taskid` int(10) unsigned NOT NULL DEFAULT 0,
  `heartbeat` timestamp NOT NULL DEFAULT '0000-00-00 00:00:00',
  PRIMARY KEY (`taskname`,`taskid`)
) ENGINE=MEMORY DEFAULT CHARSET=latin1;
/*!40101 SET character_set_client = @saved_cs_client */;

--
-- Table structure for table `grid_projects`
--

DROP TABLE IF EXISTS `grid_projects`;
/*!40101 SET @saved_cs_client     = @@character_set_client */;
/*!40101 SET character_set_client = utf8 */;
CREATE TABLE `grid_projects` (
  `clusterid` int(10) unsigned NOT NULL DEFAULT 0,
  `projectName` varchar(64) NOT NULL,
  `numRUN` int(10) unsigned NOT NULL DEFAULT 0,
  `numPEND` int(10) unsigned NOT NULL DEFAULT 0,
  `numJOBS` int(10) unsigned NOT NULL DEFAULT 0 COMMENT 'num slots of this project',
  `pendJOBS` int(10) unsigned NOT NULL DEFAULT 0,
  `runJOBS` int(10) unsigned NOT NULL DEFAULT 0,
  `totalJOBS` int(10) unsigned NOT NULL DEFAULT 0 COMMENT 'num jobs of this project',
  `efficiency` double NOT NULL DEFAULT 0,
  `avg_mem` double NOT NULL DEFAULT 0,
  `max_mem` double NOT NULL DEFAULT 0,
  `avg_swap` double NOT NULL DEFAULT 0,
  `max_swap` double NOT NULL DEFAULT 0,
  `total_cpu` bigint(20) unsigned NOT NULL DEFAULT 0,
  `last_updated` timestamp NOT NULL DEFAULT current_timestamp(),
  `present` tinyint(3) unsigned NOT NULL DEFAULT 0,
  PRIMARY KEY (`clusterid`,`projectName`),
  KEY `present` (`present`)
) ENGINE=InnoDB DEFAULT CHARSET=latin1 COMMENT='Tracks Project Information';
/*!40101 SET character_set_client = @saved_cs_client */;

--
-- Table structure for table `grid_queues`
--

DROP TABLE IF EXISTS `grid_queues`;
/*!40101 SET @saved_cs_client     = @@character_set_client */;
/*!40101 SET character_set_client = utf8 */;
CREATE TABLE `grid_queues` (
  `queuename` varchar(60) NOT NULL DEFAULT '',
  `clusterid` int(10) NOT NULL DEFAULT 0,
  `description` varchar(255) DEFAULT NULL,
  `priority` int(10) unsigned NOT NULL DEFAULT 0,
  `nice` int(10) unsigned NOT NULL DEFAULT 0,
  `status` varchar(20) NOT NULL DEFAULT '',
  `reason` varchar(20) NOT NULL DEFAULT '',
  `numslots` int(10) unsigned NOT NULL DEFAULT 0,
  `maxjobs` varchar(10) NOT NULL DEFAULT '',
  `userJobLimit` varchar(20) NOT NULL DEFAULT '',
  `procJobLimit` varchar(5) NOT NULL DEFAULT '',
  `hostJobLimit` varchar(5) NOT NULL DEFAULT '',
  `nojobs` int(10) unsigned NOT NULL DEFAULT 0,
  `pendjobs` int(10) unsigned NOT NULL DEFAULT 0,
  `runjobs` int(10) unsigned NOT NULL DEFAULT 0,
  `suspjobs` int(10) unsigned NOT NULL DEFAULT 0,
  `present` tinyint(3) unsigned NOT NULL DEFAULT 0,
  `avg_pend_time` int(10) unsigned NOT NULL DEFAULT 0,
  `max_pend_time` int(10) unsigned NOT NULL DEFAULT 0,
  `avg_psusp_time` int(10) unsigned NOT NULL DEFAULT 0,
  `max_psusp_time` int(10) unsigned NOT NULL DEFAULT 0,
  `avg_run_time` int(10) unsigned NOT NULL DEFAULT 0,
  `max_run_time` int(10) unsigned NOT NULL DEFAULT 0,
  `avg_ususp_time` int(10) unsigned NOT NULL DEFAULT 0,
  `max_ususp_time` int(10) unsigned NOT NULL DEFAULT 0,
  `avg_ssusp_time` int(10) unsigned NOT NULL DEFAULT 0,
  `max_ssusp_time` int(10) unsigned NOT NULL DEFAULT 0,
  `avg_unkwn_time` int(10) unsigned NOT NULL DEFAULT 0,
  `max_unkwn_time` int(10) unsigned NOT NULL DEFAULT 0,
  `avg_disp_time` int(10) unsigned NOT NULL DEFAULT 0,
  `max_disp_time` int(10) unsigned NOT NULL DEFAULT 0,
  `hourly_started_jobs` double NOT NULL DEFAULT 0,
  `hourly_done_jobs` double NOT NULL DEFAULT 0,
  `hourly_exit_jobs` double NOT NULL DEFAULT 0,
  `daily_started_jobs` double NOT NULL DEFAULT 0,
  `daily_done_jobs` double NOT NULL DEFAULT 0,
  `daily_exit_jobs` double NOT NULL DEFAULT 0,
  `efficiency` double NOT NULL DEFAULT 0,
  `avg_mem` double NOT NULL DEFAULT 0,
  `max_mem` double NOT NULL DEFAULT 0,
  `avg_swap` double NOT NULL DEFAULT 0,
  `max_swap` double NOT NULL DEFAULT 0,
  `total_cpu` double NOT NULL DEFAULT 0,
  `dedicatedSlots` int(10) NOT NULL DEFAULT 0,
  `sharedSlots` int(10) NOT NULL DEFAULT 0,
  `openDedicatedSlots` int(10) NOT NULL DEFAULT 0,
  `openSharedSlots` int(10) NOT NULL DEFAULT 0,
  `windows` varchar(255) NOT NULL,
  `windowsD` varchar(255) NOT NULL,
  `hostSpec` varchar(64) NOT NULL,
  `qAttrib` int(10) NOT NULL DEFAULT 0,
  `qStatus` int(10) unsigned NOT NULL,
  `userShares` varchar(255) NOT NULL,
  `defaultHostSpec` varchar(64) NOT NULL,
  `procLimit` varchar(5) NOT NULL DEFAULT '',
  `admins` varchar(255) NOT NULL,
  `preCmd` varchar(255) NOT NULL,
  `postCmd` varchar(255) NOT NULL,
  `requeueEValues` varchar(64) NOT NULL,
  `resReq` varchar(255) NOT NULL,
  `slotHoldTime` int(10) unsigned NOT NULL,
  `sndJobsTo` varchar(255) NOT NULL,
  `rcvJobsFrom` varchar(255) NOT NULL,
  `resumeCond` varchar(255) NOT NULL,
  `stopCond` varchar(255) NOT NULL,
  `jobStarter` varchar(255) NOT NULL,
  `suspendActCmd` varchar(255) NOT NULL,
  `resumeActCmd` varchar(255) NOT NULL,
  `terminateActCmd` varchar(255) NOT NULL,
  `preemption` varchar(255) NOT NULL,
  `maxRschedTime` int(10) unsigned NOT NULL,
  `maxJobRequeue` int(10) unsigned NOT NULL,
  `chkpntDir` varchar(255) NOT NULL,
  `chkpntPeriod` int(10) NOT NULL DEFAULT 0,
  `imptJobBklg` int(10) NOT NULL DEFAULT 0,
  `chunkJobSize` int(10) unsigned NOT NULL,
  `minProcLimit` int(10) NOT NULL DEFAULT 0,
  `defProcLimit` int(10) NOT NULL DEFAULT 0,
  `fairshareQueues` varchar(255) NOT NULL,
  `defExtSched` varchar(255) NOT NULL,
  `mandExtSched` varchar(255) NOT NULL,
  `slotShare` int(10) NOT NULL DEFAULT 0,
  `slotPool` varchar(255) NOT NULL,
  `underRCond` int(10) unsigned NOT NULL,
  `overRCond` int(10) unsigned NOT NULL,
  `idleCond` double NOT NULL,
  `underRJobs` int(10) unsigned NOT NULL,
  `overRJobs` int(10) unsigned NOT NULL,
  `idleJobs` int(10) unsigned NOT NULL,
  `warningTimePeriod` int(10) NOT NULL DEFAULT 0,
  `warningAction` varchar(255) NOT NULL,
  `qCtrlMsg` varchar(255) NOT NULL,
  `rlimit_max_cpu` int(10) unsigned NOT NULL DEFAULT 0,
  `rlimit_max_wallt` int(10) unsigned NOT NULL DEFAULT 0,
  `rlimit_max_swap` float unsigned NOT NULL DEFAULT 0,
  `rlimit_max_fsize` float unsigned NOT NULL DEFAULT 0,
  `rlimit_max_data` float unsigned NOT NULL DEFAULT 0,
  `rlimit_max_stack` float unsigned NOT NULL DEFAULT 0,
  `rlimit_max_core` float unsigned NOT NULL DEFAULT 0,
  `rlimit_max_rss` float unsigned NOT NULL DEFAULT 0,
  `last_updated` timestamp NOT NULL DEFAULT current_timestamp() ON UPDATE current_timestamp(),
  PRIMARY KEY (`queuename`,`clusterid`),
  KEY `status` (`status`),
  KEY `reason` (`reason`),
  KEY `nice` (`nice`),
  KEY `clusterid` (`clusterid`)
) ENGINE=InnoDB DEFAULT CHARSET=latin1;
/*!40101 SET character_set_client = @saved_cs_client */;

--
-- Table structure for table `grid_queues_hosts`
--

DROP TABLE IF EXISTS `grid_queues_hosts`;
/*!40101 SET @saved_cs_client     = @@character_set_client */;
/*!40101 SET character_set_client = utf8 */;
CREATE TABLE `grid_queues_hosts` (
  `clusterid` int(10) unsigned NOT NULL DEFAULT 0,
  `queue` varchar(60) NOT NULL DEFAULT '',
  `host` varchar(64) NOT NULL DEFAULT '',
  `present` tinyint(3) unsigned NOT NULL DEFAULT 0,
  PRIMARY KEY (`clusterid`,`queue`,`host`),
  KEY `host` (`host`),
  KEY `queue` (`queue`)
) ENGINE=InnoDB DEFAULT CHARSET=latin1;
/*!40101 SET character_set_client = @saved_cs_client */;

--
-- Table structure for table `grid_queues_shares`
--

DROP TABLE IF EXISTS `grid_queues_shares`;
/*!40101 SET @saved_cs_client     = @@character_set_client */;
/*!40101 SET character_set_client = utf8 */;
CREATE TABLE `grid_queues_shares` (
  `clusterid` int(10) unsigned NOT NULL,
  `queue` varchar(60) NOT NULL,
  `user_or_group` varchar(60) NOT NULL DEFAULT '',
  `shareAcctPath` varchar(200) NOT NULL DEFAULT '',
  `shares` int(10) unsigned NOT NULL,
  `priority` double NOT NULL,
  `parent_slots` int(10) unsigned DEFAULT NULL,
  `leaf_share` double DEFAULT NULL,
  `started` int(10) unsigned NOT NULL,
  `reserved` int(10) unsigned NOT NULL,
  `cpu_time` double NOT NULL,
  `run_time` bigint(20) unsigned NOT NULL,
  `pend_jobs` int(10) unsigned DEFAULT NULL,
  `pend_slots` int(10) unsigned DEFAULT NULL,
  `run_jobs` int(10) unsigned DEFAULT NULL,
  `run_slots` int(10) unsigned DEFAULT NULL,
  `relative_share` double DEFAULT NULL,
  `slot_share` int(10) unsigned DEFAULT NULL,
  `last_updated` timestamp NOT NULL DEFAULT current_timestamp(),
  `present` tinyint(3) unsigned NOT NULL DEFAULT 0,
  PRIMARY KEY (`clusterid`,`queue`,`user_or_group`,`shareAcctPath`(191)) USING HASH,
  KEY `user_or_group` (`user_or_group`),
  KEY `clusterid_user_or_group` (`clusterid`,`user_or_group`)
) ENGINE=InnoDB DEFAULT CHARSET=latin1;
/*!40101 SET character_set_client = @saved_cs_client */;

--
-- Table structure for table `grid_queues_stats`
--

DROP TABLE IF EXISTS `grid_queues_stats`;
/*!40101 SET @saved_cs_client     = @@character_set_client */;
/*!40101 SET character_set_client = utf8 */;
CREATE TABLE `grid_queues_stats` (
  `clusterid` int(10) unsigned NOT NULL DEFAULT 0,
  `queue` varchar(60) NOT NULL,
  `numRUN` int(10) unsigned NOT NULL DEFAULT 0,
  `numPEND` int(10) unsigned NOT NULL DEFAULT 0,
  `numJOBS` int(10) unsigned NOT NULL DEFAULT 0 COMMENT 'num slots of this queue',
  `efficiency` double NOT NULL DEFAULT 0,
  `avg_mem` double NOT NULL DEFAULT 0,
  `max_mem` double NOT NULL DEFAULT 0,
  `avg_swap` double NOT NULL DEFAULT 0,
  `max_swap` double NOT NULL DEFAULT 0,
  `total_cpu` bigint(20) unsigned NOT NULL DEFAULT 0,
  `memSlotUtil` double NOT NULL DEFAULT 0,
  `slotUtil` double NOT NULL DEFAULT 0,
  `cpuUtil` double NOT NULL DEFAULT 0,
  `memUsed` bigint(20) unsigned NOT NULL DEFAULT 0,
  `memRequested` bigint(20) unsigned NOT NULL DEFAULT 0,
  `memReserved` bigint(20) unsigned NOT NULL DEFAULT 0,
  `last_updated` timestamp NOT NULL DEFAULT current_timestamp(),
  `present` tinyint(3) unsigned NOT NULL DEFAULT 0,
  PRIMARY KEY (`clusterid`,`queue`),
  KEY `present` (`present`)
) ENGINE=InnoDB DEFAULT CHARSET=latin1 COMMENT='Tracks Queue Statistical Information';
/*!40101 SET character_set_client = @saved_cs_client */;

--
-- Table structure for table `grid_queues_thresholds`
--

DROP TABLE IF EXISTS `grid_queues_thresholds`;
/*!40101 SET @saved_cs_client     = @@character_set_client */;
/*!40101 SET character_set_client = utf8 */;
CREATE TABLE `grid_queues_thresholds` (
  `clusterid` int(10) unsigned NOT NULL,
  `queue` varchar(60) NOT NULL,
  `loadSched` double NOT NULL,
  `loadStop` double NOT NULL,
  PRIMARY KEY (`clusterid`,`queue`)
) ENGINE=InnoDB DEFAULT CHARSET=latin1 COMMENT='Dermines Queue Scheduling Load Thresholds';
/*!40101 SET character_set_client = @saved_cs_client */;

--
-- Table structure for table `grid_queues_users`
--

DROP TABLE IF EXISTS `grid_queues_users`;
/*!40101 SET @saved_cs_client     = @@character_set_client */;
/*!40101 SET character_set_client = utf8 */;
CREATE TABLE `grid_queues_users` (
  `clusterid` int(10) unsigned NOT NULL DEFAULT 0,
  `queue` varchar(60) NOT NULL DEFAULT '',
  `user` varchar(60) NOT NULL DEFAULT '',
  `present` tinyint(3) unsigned NOT NULL DEFAULT 0,
  PRIMARY KEY (`clusterid`,`queue`,`user`)
) ENGINE=InnoDB DEFAULT CHARSET=latin1;
/*!40101 SET character_set_client = @saved_cs_client */;

--
-- Table structure for table `grid_queues_users_stats`
--

DROP TABLE IF EXISTS `grid_queues_users_stats`;
/*!40101 SET @saved_cs_client     = @@character_set_client */;
/*!40101 SET character_set_client = utf8 */;
CREATE TABLE `grid_queues_users_stats` (
  `clusterid` int(10) unsigned NOT NULL,
  `queue` varchar(60) NOT NULL,
  `user_or_group` varchar(60) NOT NULL,
  `nojobs` int(10) unsigned NOT NULL,
  `pendjobs` int(10) unsigned NOT NULL,
  `runjobs` int(10) unsigned NOT NULL,
  `suspjobs` int(10) unsigned NOT NULL,
  `efficiency` double NOT NULL,
  `present` tinyint(3) unsigned NOT NULL,
  PRIMARY KEY (`clusterid`,`queue`,`user_or_group`),
  KEY `clusterid_user_or_group` (`clusterid`,`user_or_group`)
) ENGINE=InnoDB DEFAULT CHARSET=latin1;
/*!40101 SET character_set_client = @saved_cs_client */;

--
-- Table structure for table `grid_resources`
--

DROP TABLE IF EXISTS `grid_resources`;
/*!40101 SET @saved_cs_client     = @@character_set_client */;
/*!40101 SET character_set_client = utf8 */;
CREATE TABLE `grid_resources` (
  `resource_name` varchar(20) NOT NULL,
  `value` varchar(128) NOT NULL,
  `clusterid` int(10) unsigned NOT NULL,
  `present` tinyint(3) unsigned NOT NULL DEFAULT 1,
  PRIMARY KEY (`resource_name`,`value`,`clusterid`) USING HASH,
  KEY `clusterid` (`clusterid`)
) ENGINE=InnoDB DEFAULT CHARSET=latin1;
/*!40101 SET character_set_client = @saved_cs_client */;

--
-- Table structure for table `grid_service_class`
--

DROP TABLE IF EXISTS `grid_service_class`;
/*!40101 SET @saved_cs_client     = @@character_set_client */;
/*!40101 SET character_set_client = utf8 */;
CREATE TABLE `grid_service_class` (
  `clusterid` int(10) unsigned NOT NULL,
  `name` varchar(60) NOT NULL,
  `description` varchar(255) NOT NULL,
  `consumer` varchar(255) NOT NULL,
  `priority` int(10) unsigned NOT NULL,
  `control_action` varchar(128) NOT NULL,
  `auto_attach` tinyint(3) unsigned NOT NULL,
  `ego_res_req` varchar(255) NOT NULL,
  `max_host_idle_time` int(10) unsigned NOT NULL,
  `throughput` double NOT NULL DEFAULT 0,
  `present` tinyint(3) unsigned NOT NULL,
  PRIMARY KEY (`clusterid`,`name`)
) ENGINE=InnoDB DEFAULT CHARSET=latin1 COMMENT='Stores Service Class Definitions';
/*!40101 SET character_set_client = @saved_cs_client */;

--
-- Table structure for table `grid_service_class_access_control`
--

DROP TABLE IF EXISTS `grid_service_class_access_control`;
/*!40101 SET @saved_cs_client     = @@character_set_client */;
/*!40101 SET character_set_client = utf8 */;
CREATE TABLE `grid_service_class_access_control` (
  `clusterid` int(10) unsigned NOT NULL,
  `name` varchar(60) NOT NULL,
  `acl_type` int(10) unsigned NOT NULL,
  `acl_member` varchar(60) NOT NULL,
  `present` tinyint(3) unsigned NOT NULL,
  PRIMARY KEY (`clusterid`,`name`,`acl_type`,`acl_member`),
  KEY `acl_member` (`acl_member`)
) ENGINE=InnoDB DEFAULT CHARSET=latin1 COMMENT='Stores Access Control Information for Service Class';
/*!40101 SET character_set_client = @saved_cs_client */;

--
-- Table structure for table `grid_service_class_goals`
--

DROP TABLE IF EXISTS `grid_service_class_goals`;
/*!40101 SET @saved_cs_client     = @@character_set_client */;
/*!40101 SET character_set_client = utf8 */;
CREATE TABLE `grid_service_class_goals` (
  `clusterid` int(10) unsigned NOT NULL,
  `name` varchar(60) NOT NULL,
  `goal_seq` int(10) NOT NULL DEFAULT 0,
  `goalType` varchar(20) DEFAULT NULL,
  `goal_window` varchar(1024) DEFAULT NULL,
  `status` varchar(64) DEFAULT NULL,
  `min_config` int(10) unsigned DEFAULT NULL,
  `goal_config` int(10) unsigned DEFAULT NULL,
  `actual` int(10) unsigned DEFAULT NULL,
  `optimum` int(10) unsigned DEFAULT NULL,
  `present` tinyint(3) unsigned NOT NULL,
  PRIMARY KEY (`clusterid`,`name`,`goal_seq`)
) ENGINE=InnoDB DEFAULT CHARSET=latin1 COMMENT='Stores Service Class Goals';
/*!40101 SET character_set_client = @saved_cs_client */;

--
-- Table structure for table `grid_service_class_groups`
--

DROP TABLE IF EXISTS `grid_service_class_groups`;
/*!40101 SET @saved_cs_client     = @@character_set_client */;
/*!40101 SET character_set_client = utf8 */;
CREATE TABLE `grid_service_class_groups` (
  `clusterid` int(10) unsigned NOT NULL,
  `name` varchar(60) NOT NULL,
  `user_or_group` varchar(60) NOT NULL,
  `present` tinyint(3) unsigned NOT NULL,
  PRIMARY KEY (`clusterid`,`name`,`user_or_group`)
) ENGINE=InnoDB DEFAULT CHARSET=latin1 COMMENT='User or User Groups Permitted to Use Service Class';
/*!40101 SET character_set_client = @saved_cs_client */;

--
-- Table structure for table `grid_settings`
--

DROP TABLE IF EXISTS `grid_settings`;
/*!40101 SET @saved_cs_client     = @@character_set_client */;
/*!40101 SET character_set_client = utf8 */;
CREATE TABLE `grid_settings` (
  `user_id` smallint(8) unsigned NOT NULL DEFAULT 0,
  `name` varchar(50) NOT NULL DEFAULT '',
  `value` varchar(1024) NOT NULL DEFAULT '',
  PRIMARY KEY (`user_id`,`name`)
) ENGINE=MyISAM;
/*!40101 SET character_set_client = @saved_cs_client */;

--
-- Table structure for table `grid_sharedresources`
--

DROP TABLE IF EXISTS `grid_sharedresources`;
/*!40101 SET @saved_cs_client     = @@character_set_client */;
/*!40101 SET character_set_client = utf8 */;
CREATE TABLE `grid_sharedresources` (
  `clusterid` int(10) unsigned NOT NULL,
  `resource_name` varchar(40) NOT NULL DEFAULT '',
  `description` varchar(128) NOT NULL,
  `present` tinyint(3) unsigned NOT NULL DEFAULT 1,
  PRIMARY KEY (`clusterid`,`resource_name`) USING HASH,
  KEY `resource_name` (`resource_name`)
) ENGINE=InnoDB DEFAULT CHARSET=latin1;
/*!40101 SET character_set_client = @saved_cs_client */;

--
-- Table structure for table `grid_summary`
--

DROP TABLE IF EXISTS `grid_summary`;
/*!40101 SET @saved_cs_client     = @@character_set_client */;
/*!40101 SET character_set_client = utf8 */;
CREATE TABLE `grid_summary` (
  `clusterid` int(10) unsigned NOT NULL,
  `clustername` varchar(128) NOT NULL DEFAULT '',
  `host` varchar(64) NOT NULL DEFAULT '',
  `summary_status` varchar(20) NOT NULL DEFAULT '',
  `load_status` varchar(20) NOT NULL DEFAULT '',
  `r15s` float NOT NULL DEFAULT 0,
  `r1m` float NOT NULL DEFAULT 0,
  `r15m` float NOT NULL DEFAULT 0,
  `ut` float NOT NULL DEFAULT 0,
  `pg` float NOT NULL DEFAULT 0,
  `io` float NOT NULL DEFAULT 0,
  `ls` float NOT NULL DEFAULT 0,
  `it` float NOT NULL DEFAULT 0,
  `tmp` float NOT NULL DEFAULT 0,
  `swp` float NOT NULL DEFAULT 0,
  `mem` float NOT NULL DEFAULT 0,
  `hStatus` int(10) unsigned NOT NULL DEFAULT 0,
  `hCtrlMsg` varchar(255) NOT NULL DEFAULT '',
  `bhost_status` varchar(20) DEFAULT NULL,
  `cpuFactor` float NOT NULL DEFAULT 0,
  `windows` varchar(255) DEFAULT NULL,
  `userJobLimit` varchar(20) DEFAULT NULL,
  `maxJobs` int(10) unsigned NOT NULL DEFAULT 0,
  `numJobs` int(10) unsigned NOT NULL DEFAULT 0,
  `numRun` int(10) unsigned NOT NULL DEFAULT 0,
  `numSSUSP` int(10) unsigned NOT NULL DEFAULT 0,
  `numUSUSP` int(10) unsigned NOT NULL DEFAULT 0,
  `numRESERVE` int(10) unsigned NOT NULL DEFAULT 0,
  `hostType` varchar(20) NOT NULL DEFAULT '',
  `hostModel` varchar(40) NOT NULL DEFAULT '0',
  `maxCpus` varchar(10) DEFAULT NULL,
  `maxMem` varchar(20) DEFAULT NULL,
  `maxSwap` varchar(20) DEFAULT NULL,
  `maxTmp` varchar(20) DEFAULT NULL,
  `nDisks` varchar(10) NOT NULL DEFAULT '0',
  `isServer` char(1) NOT NULL DEFAULT '',
  `licensed` char(1) NOT NULL DEFAULT '',
  `rexPriority` int(10) unsigned NOT NULL DEFAULT 0,
  `licFeaturesNeeded` int(10) unsigned NOT NULL DEFAULT 0,
  `first_seen` timestamp NOT NULL DEFAULT '0000-00-00 00:00:00',
  `last_seen` timestamp NOT NULL DEFAULT '0000-00-00 00:00:00',
  `job_last_started` timestamp NOT NULL DEFAULT '0000-00-00 00:00:00',
  `job_last_ended` timestamp NOT NULL DEFAULT '0000-00-00 00:00:00',
  `job_last_suspended` timestamp NOT NULL DEFAULT '0000-00-00 00:00:00',
  `job_last_exited` timestamp NOT NULL DEFAULT '0000-00-00 00:00:00',
  `date_recorded` timestamp NOT NULL DEFAULT '0000-00-00 00:00:00',
  `cacti_hostid` int(10) unsigned DEFAULT NULL,
  `monitor` char(3) DEFAULT NULL,
  `disabled` char(2) DEFAULT NULL,
  `cacti_status` tinyint(2) DEFAULT NULL,
  `status_rec_date` timestamp NOT NULL DEFAULT '0000-00-00 00:00:00',
  `status_fail_date` timestamp NOT NULL DEFAULT '0000-00-00 00:00:00',
  `min_time` decimal(10,5) DEFAULT 9.99999,
  `max_time` decimal(10,5) DEFAULT 0.00000,
  `cur_time` decimal(10,5) DEFAULT 0.00000,
  `avg_time` decimal(10,5) DEFAULT 0.00000,
  `availability` decimal(10,5) DEFAULT NULL,
  `present` tinyint(3) unsigned NOT NULL DEFAULT 1,
  PRIMARY KEY (`clusterid`,`host`),
  KEY `load_status` (`load_status`),
  KEY `cacti_status` (`cacti_status`),
  KEY `summary_status` (`summary_status`),
  KEY `bhost_status` (`bhost_status`),
  KEY `clusterid` (`clustername`),
  KEY `host` (`host`),
  KEY `monitor` (`monitor`),
  KEY `disabled` (`disabled`)
) ENGINE=InnoDB DEFAULT CHARSET=latin1;
/*!40101 SET character_set_client = @saved_cs_client */;

--
-- Table structure for table `grid_summary_timeinstate`
--

DROP TABLE IF EXISTS `grid_summary_timeinstate`;
/*!40101 SET @saved_cs_client     = @@character_set_client */;
/*!40101 SET character_set_client = utf8 */;
CREATE TABLE `grid_summary_timeinstate` (
  `clusterid` int(10) unsigned NOT NULL,
  `host` varchar(64) NOT NULL,
  `unavail` bigint(20) unsigned NOT NULL,
  `busyclose` bigint(20) unsigned NOT NULL,
  `idleclose` bigint(20) unsigned NOT NULL,
  `lowres` bigint(20) unsigned NOT NULL,
  `busy` bigint(20) unsigned NOT NULL,
  `idlewjobs` bigint(20) unsigned NOT NULL,
  `idle` bigint(20) unsigned NOT NULL,
  `starved` bigint(20) unsigned NOT NULL,
  `admindown` bigint(20) unsigned NOT NULL,
  `blackhole` bigint(20) unsigned NOT NULL,
  PRIMARY KEY (`clusterid`,`host`)
) ENGINE=InnoDB DEFAULT CHARSET=latin1;
/*!40101 SET character_set_client = @saved_cs_client */;

--
-- Table structure for table `grid_table_partitions`
--

DROP TABLE IF EXISTS `grid_table_partitions`;
/*!40101 SET @saved_cs_client     = @@character_set_client */;
/*!40101 SET character_set_client = utf8 */;
CREATE TABLE `grid_table_partitions` (
  `partition` varchar(5) NOT NULL,
  `table_name` varchar(45) NOT NULL,
  `min_time` timestamp NOT NULL DEFAULT '0000-00-00 00:00:00',
  `max_time` timestamp NOT NULL DEFAULT '0000-00-00 00:00:00',
  PRIMARY KEY (`partition`,`table_name`) USING BTREE,
  KEY `max_time` (`max_time`),
  KEY `min_time` (`min_time`)
) ENGINE=InnoDB DEFAULT CHARSET=latin1;
/*!40101 SET character_set_client = @saved_cs_client */;

--
-- Table structure for table `grid_user_group_members`
--

DROP TABLE IF EXISTS `grid_user_group_members`;
/*!40101 SET @saved_cs_client     = @@character_set_client */;
/*!40101 SET character_set_client = utf8 */;
CREATE TABLE `grid_user_group_members` (
  `clusterid` int(10) unsigned NOT NULL DEFAULT 0,
  `groupname` varchar(60) NOT NULL DEFAULT '0',
  `username` varchar(60) NOT NULL DEFAULT '0',
  `shares` int(10) unsigned NOT NULL DEFAULT 1,
  `present` tinyint(3) unsigned NOT NULL DEFAULT 1,
  PRIMARY KEY (`clusterid`,`groupname`,`username`),
  KEY `groupname` (`groupname`),
  KEY `username` (`username`)
) ENGINE=InnoDB DEFAULT CHARSET=latin1;
/*!40101 SET character_set_client = @saved_cs_client */;

--
-- Table structure for table `grid_user_group_stats`
--

DROP TABLE IF EXISTS `grid_user_group_stats`;
/*!40101 SET @saved_cs_client     = @@character_set_client */;
/*!40101 SET character_set_client = utf8 */;
CREATE TABLE `grid_user_group_stats` (
  `clusterid` int(10) unsigned NOT NULL,
  `userGroup` varchar(60) NOT NULL,
  `numRUN` int(10) unsigned NOT NULL DEFAULT 0,
  `numPEND` int(10) unsigned NOT NULL DEFAULT 0,
  `numJOBS` int(10) unsigned NOT NULL DEFAULT 0,
  `efficiency` double NOT NULL DEFAULT 0,
  `avg_mem` double NOT NULL DEFAULT 0,
  `max_mem` double NOT NULL DEFAULT 0,
  `avg_swap` double NOT NULL DEFAULT 0,
  `max_swap` double NOT NULL DEFAULT 0,
  `total_cpu` bigint(20) unsigned NOT NULL DEFAULT 0,
  `last_updated` timestamp NOT NULL DEFAULT current_timestamp(),
  `present` tinyint(3) unsigned NOT NULL DEFAULT 0,
  PRIMARY KEY (`clusterid`,`userGroup`),
  KEY `present` (`present`)
) ENGINE=InnoDB DEFAULT CHARSET=latin1 COMMENT='Tracks userGroup Stats';
/*!40101 SET character_set_client = @saved_cs_client */;

--
-- Table structure for table `grid_users_or_groups`
--

DROP TABLE IF EXISTS `grid_users_or_groups`;
/*!40101 SET @saved_cs_client     = @@character_set_client */;
/*!40101 SET character_set_client = utf8 */;
CREATE TABLE `grid_users_or_groups` (
  `clusterid` int(10) unsigned NOT NULL DEFAULT 0,
  `user_or_group` varchar(60) NOT NULL DEFAULT '',
  `type` char(1) NOT NULL DEFAULT '',
  `procJobLimit` double NOT NULL DEFAULT 0,
  `maxJobs` int(10) unsigned NOT NULL DEFAULT 0,
  `numStartJobs` int(10) unsigned NOT NULL DEFAULT 0,
  `numJobs` int(10) unsigned NOT NULL DEFAULT 0,
  `numPEND` int(10) unsigned NOT NULL DEFAULT 0,
  `numRUN` int(10) unsigned NOT NULL DEFAULT 0,
  `numSSUSP` int(10) unsigned NOT NULL DEFAULT 0,
  `numUSUSP` int(10) unsigned NOT NULL DEFAULT 0,
  `numRESERVE` int(10) unsigned NOT NULL DEFAULT 0,
  `maxPendJobs` int(10) unsigned NOT NULL DEFAULT 0,
  `efficiency` double NOT NULL,
  `first_seen` timestamp NOT NULL DEFAULT '0000-00-00 00:00:00',
  `last_updated` timestamp NOT NULL DEFAULT current_timestamp() ON UPDATE current_timestamp(),
  `present` tinyint(3) unsigned NOT NULL DEFAULT 0,
  PRIMARY KEY (`clusterid`,`user_or_group`)
) ENGINE=InnoDB DEFAULT CHARSET=latin1;
/*!40101 SET character_set_client = @saved_cs_client */;

--
-- Table structure for table `gridalarms_alarm`
--

DROP TABLE IF EXISTS `gridalarms_alarm`;
/*!40101 SET @saved_cs_client     = @@character_set_client */;
/*!40101 SET character_set_client = utf8 */;
CREATE TABLE `gridalarms_alarm` (
  `id` int(10) NOT NULL AUTO_INCREMENT,
  `template_id` int(10) unsigned NOT NULL DEFAULT 0,
  `template_enabled` char(3) DEFAULT NULL,
  `name` varchar(100) NOT NULL,
  `clusterid` int(10) unsigned NOT NULL DEFAULT 0,
  `type` int(1) NOT NULL DEFAULT 0,
  `expression_id` int(10) NOT NULL DEFAULT 0,
  `aggregation` int(1) NOT NULL DEFAULT 0,
  `metric` varchar(100) NOT NULL,
  `base_time_display` varchar(20) NOT NULL DEFAULT '12:00am',
  `base_time` int(10) DEFAULT 0,
  `frequency` int(10) unsigned NOT NULL DEFAULT 1,
  `last_runtime` timestamp NOT NULL DEFAULT '0000-00-00 00:00:00',
  `last_duration` float DEFAULT NULL,
  `alarm_type` int(3) NOT NULL DEFAULT 0,
  `alarm_hi` varchar(100) DEFAULT NULL,
  `alarm_low` varchar(100) DEFAULT NULL,
  `alarm_fail_trigger` int(10) unsigned DEFAULT NULL,
  `alarm_fail_count` int(10) NOT NULL DEFAULT 0,
  `alarm_alert` int(1) NOT NULL DEFAULT 0,
  `alarm_enabled` enum('on','off') NOT NULL DEFAULT 'on',
  `time_hi` varchar(100) NOT NULL,
  `time_low` varchar(100) NOT NULL,
  `time_fail_trigger` int(10) NOT NULL DEFAULT 1,
  `time_fail_length` int(10) NOT NULL DEFAULT 1,
  `warning_pct` varchar(5) NOT NULL,
  `trigger_cmd_high` varchar(255) NOT NULL,
  `trigger_cmd_low` varchar(255) NOT NULL,
  `trigger_cmd_norm` varchar(255) NOT NULL,
  `cmd_retrigger_enabled` char(3) NOT NULL,
  `lastread` varchar(100) DEFAULT NULL,
  `oldvalue` varchar(100) NOT NULL,
  `repeat_alert` int(10) unsigned DEFAULT NULL,
  `notify_extra` varchar(255) DEFAULT NULL,
  `notify_cluster_admin` int(1) NOT NULL DEFAULT 0,
  `notify_alert` int(10) unsigned DEFAULT NULL,
  `notify_users` char(3) NOT NULL,
  `syslog_priority` int(2) DEFAULT NULL,
  `syslog_facility` int(2) DEFAULT NULL,
  `syslog_enabled` char(3) NOT NULL,
  `tcheck` int(1) NOT NULL DEFAULT 0,
  `exempt` char(3) NOT NULL DEFAULT 'off',
  `acknowledgement` char(3) NOT NULL DEFAULT 'off',
  `restored_alert` char(3) NOT NULL DEFAULT 'off',
  `req_ack` char(3) NOT NULL DEFAULT 'off',
  `email_body` text NOT NULL,
  `email_subject` text NOT NULL,
  PRIMARY KEY (`id`),
  KEY `alarm_enabled` (`alarm_enabled`),
  KEY `clusterid` (`clusterid`),
  KEY `expression_id` (`expression_id`),
  KEY `notify_alert` (`notify_alert`),
  KEY `tcheck` (`tcheck`)
) ENGINE=InnoDB COMMENT='Stores Alerts and status similar to Thold';
/*!40101 SET character_set_client = @saved_cs_client */;

--
-- Table structure for table `gridalarms_alarm_contacts`
--

DROP TABLE IF EXISTS `gridalarms_alarm_contacts`;
/*!40101 SET @saved_cs_client     = @@character_set_client */;
/*!40101 SET character_set_client = utf8 */;
CREATE TABLE `gridalarms_alarm_contacts` (
  `alarm_id` int(10) NOT NULL,
  `contact_id` int(10) NOT NULL,
  KEY `alarm_id` (`alarm_id`),
  KEY `contact_id` (`contact_id`)
) ENGINE=InnoDB COMMENT='Stores Alert contacts similar to Thold';
/*!40101 SET character_set_client = @saved_cs_client */;

--
-- Table structure for table `gridalarms_alarm_layout`
--

DROP TABLE IF EXISTS `gridalarms_alarm_layout`;
/*!40101 SET @saved_cs_client     = @@character_set_client */;
/*!40101 SET character_set_client = utf8 */;
CREATE TABLE `gridalarms_alarm_layout` (
  `id` int(10) unsigned NOT NULL AUTO_INCREMENT,
  `alarm_id` int(10) unsigned NOT NULL DEFAULT 0,
  `template_id` int(10) unsigned NOT NULL DEFAULT 0,
  `display_name` varchar(20) NOT NULL,
  `column_name` varchar(40) NOT NULL,
  `sequence` int(10) unsigned NOT NULL DEFAULT 1,
  `sortposition` int(10) unsigned DEFAULT NULL,
  `sortdirection` int(1) unsigned DEFAULT NULL,
  PRIMARY KEY (`id`)
) ENGINE=InnoDB COMMENT='Stores Report Layout Data for Alert Tablular Reports';
/*!40101 SET character_set_client = @saved_cs_client */;

--
-- Table structure for table `gridalarms_alarm_log`
--

DROP TABLE IF EXISTS `gridalarms_alarm_log`;
/*!40101 SET @saved_cs_client     = @@character_set_client */;
/*!40101 SET character_set_client = utf8 */;
CREATE TABLE `gridalarms_alarm_log` (
  `id` bigint(20) unsigned NOT NULL AUTO_INCREMENT,
  `time` int(24) NOT NULL,
  `alarm_id` int(10) NOT NULL,
  `alarm_value` varchar(64) NOT NULL,
  `current` varchar(64) NOT NULL DEFAULT '',
  `status` int(5) NOT NULL,
  `type` int(5) NOT NULL,
  `description` varchar(255) NOT NULL,
  `details` blob DEFAULT NULL,
  PRIMARY KEY (`id`),
  KEY `time` (`time`),
  KEY `alarm_id` (`alarm_id`),
  KEY `status` (`status`),
  KEY `type` (`type`)
) ENGINE=InnoDB COMMENT='Stores Alert Logs';
/*!40101 SET character_set_client = @saved_cs_client */;

--
-- Table structure for table `gridalarms_alarm_log_items`
--

DROP TABLE IF EXISTS `gridalarms_alarm_log_items`;
/*!40101 SET @saved_cs_client     = @@character_set_client */;
/*!40101 SET character_set_client = utf8 */;
CREATE TABLE `gridalarms_alarm_log_items` (
  `id` int(10) unsigned NOT NULL AUTO_INCREMENT,
  `alarm_id` int(10) unsigned NOT NULL,
  `type` int(10) NOT NULL,
  `clusterid` int(10) unsigned NOT NULL,
  `jobid` bigint(20) unsigned NOT NULL DEFAULT 0,
  `indexid` int(10) unsigned NOT NULL DEFAULT 0,
  `submit_time` timestamp NOT NULL DEFAULT '0000-00-00 00:00:00',
  `queue` varchar(40) NOT NULL,
  `host` varchar(64) NOT NULL,
  `feature_name` varchar(50) NOT NULL DEFAULT '0',
  `user` varchar(64) NOT NULL,
  `column01` varchar(64) DEFAULT NULL,
  `column02` varchar(64) DEFAULT NULL,
  `column03` varchar(64) DEFAULT NULL,
  `column04` varchar(64) DEFAULT NULL,
  `column05` varchar(64) DEFAULT NULL,
  `column06` varchar(64) DEFAULT NULL,
  `column07` varchar(64) DEFAULT NULL,
  `column08` varchar(64) DEFAULT NULL,
  `column09` varchar(64) DEFAULT NULL,
  `column10` varchar(64) DEFAULT NULL,
  `column11` varchar(64) DEFAULT NULL,
  `column12` varchar(64) DEFAULT NULL,
  `column13` varchar(64) DEFAULT NULL,
  `column14` varchar(64) DEFAULT NULL,
  `column15` varchar(64) DEFAULT NULL,
  `first_seen` timestamp NOT NULL DEFAULT current_timestamp(),
  `last_updated` timestamp NOT NULL DEFAULT '0000-00-00 00:00:00',
  `last_reported` timestamp NOT NULL DEFAULT '0000-00-00 00:00:00',
  `present` tinyint(3) unsigned NOT NULL DEFAULT 1,
  PRIMARY KEY (`id`),
  KEY `type` (`type`),
  KEY `cjis_idx` (`clusterid`,`jobid`,`indexid`,`submit_time`),
  KEY `queue` (`queue`),
  KEY `host` (`host`),
  KEY `feature_name` (`feature_name`),
  KEY `user` (`user`),
  KEY `last_updated` (`last_updated`),
  KEY `last_reported` (`last_reported`),
  KEY `alarm_id_present` (`alarm_id`,`present`)
) ENGINE=InnoDB COMMENT='Stores an Archive of Alert Tabular Details';
/*!40101 SET character_set_client = @saved_cs_client */;

--
-- Table structure for table `gridalarms_expression`
--

DROP TABLE IF EXISTS `gridalarms_expression`;
/*!40101 SET @saved_cs_client     = @@character_set_client */;
/*!40101 SET character_set_client = utf8 */;
CREATE TABLE `gridalarms_expression` (
  `id` int(10) unsigned NOT NULL AUTO_INCREMENT,
  `alarm_id` int(10) unsigned NOT NULL DEFAULT 0,
  `template_id` int(10) unsigned NOT NULL DEFAULT 0,
  `name` varchar(255) NOT NULL,
  `description` varchar(255) NOT NULL,
  `ds_type` int(10) unsigned DEFAULT 0,
  `type` int(1) NOT NULL,
  `db_table` varchar(50) NOT NULL,
  `sql_query` varchar(1024) DEFAULT NULL,
  `script_thold` varchar(255) DEFAULT NULL,
  `script_data` varchar(255) DEFAULT NULL,
  `script_data_type` int(10) unsigned DEFAULT 0,
  PRIMARY KEY (`id`)
) ENGINE=InnoDB COMMENT='Stores Alert Expression Details';
/*!40101 SET character_set_client = @saved_cs_client */;

--
-- Table structure for table `gridalarms_expression_input`
--

DROP TABLE IF EXISTS `gridalarms_expression_input`;
/*!40101 SET @saved_cs_client     = @@character_set_client */;
/*!40101 SET character_set_client = utf8 */;
CREATE TABLE `gridalarms_expression_input` (
  `id` mediumint(8) unsigned NOT NULL AUTO_INCREMENT,
  `alarm_id` int(10) unsigned NOT NULL DEFAULT 0,
  `template_id` int(10) unsigned NOT NULL DEFAULT 0,
  `expression_id` mediumint(8) unsigned NOT NULL DEFAULT 0,
  `name` varchar(20) DEFAULT NULL,
  `description` varchar(128) DEFAULT NULL,
  `value` varchar(128) DEFAULT NULL,
  PRIMARY KEY (`id`),
  KEY `exp_id_name` (`expression_id`,`name`)
) ENGINE=InnoDB COMMENT='Stores Custom Input Variables and Defaults for Expressions';
/*!40101 SET character_set_client = @saved_cs_client */;

--
-- Table structure for table `gridalarms_expression_item`
--

DROP TABLE IF EXISTS `gridalarms_expression_item`;
/*!40101 SET @saved_cs_client     = @@character_set_client */;
/*!40101 SET character_set_client = utf8 */;
CREATE TABLE `gridalarms_expression_item` (
  `id` mediumint(8) unsigned NOT NULL AUTO_INCREMENT,
  `alarm_id` int(10) unsigned NOT NULL DEFAULT 0,
  `template_id` int(10) unsigned NOT NULL DEFAULT 0,
  `expression_id` mediumint(8) unsigned NOT NULL DEFAULT 0,
  `sequence` mediumint(8) unsigned NOT NULL DEFAULT 0,
  `type` int(1) NOT NULL,
  `value` varchar(255) NOT NULL,
  PRIMARY KEY (`id`),
  KEY `expression_id` (`expression_id`)
) ENGINE=InnoDB;
/*!40101 SET character_set_client = @saved_cs_client */;

--
-- Table structure for table `gridalarms_metric`
--

DROP TABLE IF EXISTS `gridalarms_metric`;
/*!40101 SET @saved_cs_client     = @@character_set_client */;
/*!40101 SET character_set_client = utf8 */;
CREATE TABLE `gridalarms_metric` (
  `id` int(10) unsigned NOT NULL AUTO_INCREMENT,
  `name` varchar(255) NOT NULL,
  `description` varchar(255) NOT NULL,
  `type` int(1) NOT NULL,
  `db_table` varchar(50) NOT NULL,
  `db_column` varchar(50) NOT NULL,
  PRIMARY KEY (`name`),
  KEY `id` (`id`)
) ENGINE=InnoDB COMMENT='Stores Metrics to be watched for Legacy Expressions';
/*!40101 SET character_set_client = @saved_cs_client */;

--
-- Table structure for table `gridalarms_metric_expression`
--

DROP TABLE IF EXISTS `gridalarms_metric_expression`;
/*!40101 SET @saved_cs_client     = @@character_set_client */;
/*!40101 SET character_set_client = utf8 */;
CREATE TABLE `gridalarms_metric_expression` (
  `expression_id` mediumint(8) unsigned NOT NULL DEFAULT 0,
  `metric_id` mediumint(8) unsigned NOT NULL DEFAULT 0,
  PRIMARY KEY (`expression_id`,`metric_id`)
) ENGINE=InnoDB COMMENT='Table Linking Metrics to Expressions';
/*!40101 SET character_set_client = @saved_cs_client */;

--
-- Table structure for table `gridalarms_template`
--

DROP TABLE IF EXISTS `gridalarms_template`;
/*!40101 SET @saved_cs_client     = @@character_set_client */;
/*!40101 SET character_set_client = utf8 */;
CREATE TABLE `gridalarms_template` (
  `id` int(10) NOT NULL AUTO_INCREMENT,
  `hash` varchar(32) DEFAULT NULL,
  `name` varchar(100) NOT NULL,
  `clusterid` int(10) unsigned NOT NULL DEFAULT 0,
  `type` int(1) NOT NULL DEFAULT 0,
  `expression_id` int(10) NOT NULL DEFAULT 0,
  `aggregation` int(1) NOT NULL DEFAULT 0,
  `metric` varchar(100) NOT NULL,
  `base_time_display` varchar(20) NOT NULL DEFAULT '12:00am',
  `base_time` int(10) DEFAULT 0,
  `frequency` int(10) unsigned NOT NULL DEFAULT 1,
  `alarm_type` int(3) NOT NULL DEFAULT 0,
  `alarm_hi` varchar(100) DEFAULT NULL,
  `alarm_low` varchar(100) DEFAULT NULL,
  `alarm_fail_trigger` int(10) unsigned DEFAULT NULL,
  `time_hi` varchar(100) NOT NULL,
  `time_low` varchar(100) NOT NULL,
  `time_fail_trigger` int(10) NOT NULL DEFAULT 1,
  `time_fail_length` int(10) NOT NULL DEFAULT 1,
  `warning_pct` varchar(5) NOT NULL,
  `trigger_cmd_high` varchar(255) NOT NULL,
  `trigger_cmd_low` varchar(255) NOT NULL,
  `trigger_cmd_norm` varchar(255) NOT NULL,
  `cmd_retrigger_enabled` char(3) NOT NULL,
  `repeat_alert` int(10) unsigned DEFAULT NULL,
  `notify_extra` varchar(255) DEFAULT NULL,
  `notify_cluster_admin` int(1) NOT NULL DEFAULT 0,
  `notify_alert` int(10) unsigned DEFAULT NULL,
  `notify_users` char(3) NOT NULL,
  `syslog_priority` int(2) DEFAULT NULL,
  `syslog_facility` int(2) DEFAULT NULL,
  `syslog_enabled` char(3) NOT NULL,
  `tcheck` int(1) NOT NULL DEFAULT 0,
  `exempt` char(3) NOT NULL DEFAULT 'off',
  `acknowledgement` char(3) NOT NULL DEFAULT 'off',
  `restored_alert` char(3) NOT NULL DEFAULT 'off',
  `req_ack` char(3) NOT NULL DEFAULT 'off',
  `email_body` text NOT NULL,
  `email_subject` text NOT NULL,
  PRIMARY KEY (`id`),
  KEY `hash` (`hash`),
  KEY `notify_alert` (`notify_alert`),
  KEY `expression_id` (`expression_id`),
  KEY `tcheck` (`tcheck`)
) ENGINE=InnoDB COMMENT='Stores Alert Template definitions similar to Thold';
/*!40101 SET character_set_client = @saved_cs_client */;

--
-- Dumping data for table `gridalarms_template`
--

LOCK TABLES `gridalarms_template` WRITE;
/*!40000 ALTER TABLE `gridalarms_template` DISABLE KEYS */;
INSERT INTO `gridalarms_template` VALUES (1,'0f1a584487506ce1e41389c99f377ec8','Jobs with Invalid Dependencies in Cluster |alert_clustername|',0,0,1,0,'0','12:00am',0,12,0,'0','',12,'0','',0,1,'','','','','',288,'',1,0,'on',4,24,'',0,'off','off','off','off','The following list of jobs have invalid dependencies and will never run.  Take appropriate action.<br><DETAILS><br>','ALERT: <NAME>'),(2,'8101639df814222ff5d5a74319c4add6','Licenses Not Used in |input_days| Day(s)',0,0,2,0,'0','12:00am',0,72,0,'0','',72,'0','',0,1,'','','','','',0,'',0,0,'',4,24,'',0,'off','off','off','off','The following is the list of license features that have not been used in |input_days| Day(s).<br><br><DETAILS><br>','ALERT: <NAME>'),(3,'fce727eb3e8918ae4bfd8e07cc98c1bc','Jobs in Lost And Found Status in Cluster |alert_clustername|',0,0,3,0,'0','12:00am',0,12,0,'0','',12,'0','',0,1,'','','','','',288,'',1,0,'',4,24,'',0,'off','off','off','off','There are jobs in Lost and Found Queues or Hosts. This means either host or queue has been removed from a cluster. Remove these jobs using bkill, or switch these jobs to the proper queue using bswitch.<br><DETAILS><br><br>','ALERT: <NAME>'),(4,'b3480d5b7821978c98fd7cd4511f6a76','Jobs Pending for |input_resource| over |input_days| Day(s) in Cluster |alert_clustername|',0,0,4,0,'0','12:00am',0,72,0,'0','',72,'0','',0,1,'','','','','',0,'',1,0,'on',4,24,'',0,'off','off','off','off','A triggered alert requires your attention. <br><br><strong><NAME></strong>: has breached threshold limits HI:<HI>/LOW:<LOW> with current value:<VALUE><br><DETAILS><br><br>','ALERT: <NAME> Breached Threshold Limits'),(5,'48540c33b119e45d7ea394ec850cb28c','Jobs Pending for |input_reason| over |input_days| Day(s) in Cluster |alert_clustername|',0,0,5,0,'0','12:00am',0,72,0,'0','',72,'0','',0,1,'','','','','',0,'',1,0,'on',4,24,'',0,'off','off','off','off','There are jobs that are pending at least |input_days| days with the pending reason match string of \'|input_reason|\'. Address these issues immediately.<br><DETAILS><br><br>','ALERT: <NAME>'),(6,'0f2e746e897dd2a5808d2cad6dfdd7eb','Kill Pending Jobs over Effective Pending Time Limit in Cluster |alert_clustername|',0,0,6,0,'0','12:00am',1453266000,3,0,'0','',3,'0','',0,1,'','php <CACTI_ROOT>/plugins/grid/kill_jobs_over_pending_time_limit.php','','','on',3,'',1,0,'on',4,24,'',0,'off','off','off','off','There are jobs that are pending over their effective pending time limits. Those breached jobs will be forcely killed. <br><DETAILS><br><br>','ALERT: <NAME>'),(7,'33458a4367a4d4b7ed64987e2c2b4fb7','Kill Pending Jobs over Effective Eligible Pending Time Limit in Cluster |alert_clustername|',0,0,7,0,'0','12:00am',1453870800,3,0,'0','',3,'0','',0,1,'','php <CACTI_ROOT>/plugins/grid/kill_jobs_over_pending_time_limit.php','','','on',3,'',1,0,'on',4,24,'',0,'off','off','off','off','There are jobs that are pending over their effective eligible pending time limits. Those breached jobs will be forcely killed. <br><DETAILS><br><br>','ALERT: <NAME>'),(8,'0dc92cf4253b699a1cb05a0100641b92','Disk used over |input_percent| percent on host like |input_hostname|',0,0,8,0,'0','12:00am',1520956800,1,0,'0','',1,'0','',0,1,'','','','','',12,'',0,0,'',4,24,'',0,'off','off','off','off','An Alert has been issued that requires your attention. <br><br><strong><NAME></strong>: has breached threshold limits HI:<HI>/LOW:<LOW> with Current Value:<VALUE><br><DETAILS><br><br>','ALERT: <NAME> Breached Threshold Limits');
/*!40000 ALTER TABLE `gridalarms_template` ENABLE KEYS */;
UNLOCK TABLES;

--
-- Table structure for table `gridalarms_template_contacts`
--

DROP TABLE IF EXISTS `gridalarms_template_contacts`;
/*!40101 SET @saved_cs_client     = @@character_set_client */;
/*!40101 SET character_set_client = utf8 */;
CREATE TABLE `gridalarms_template_contacts` (
  `alarm_id` int(10) NOT NULL,
  `contact_id` int(10) NOT NULL,
  KEY `alarm_id` (`alarm_id`),
  KEY `contact_id` (`contact_id`)
) ENGINE=InnoDB COMMENT='Stores Alert Template Contacts similar to Thold';
/*!40101 SET character_set_client = @saved_cs_client */;

--
-- Table structure for table `gridalarms_template_expression`
--

DROP TABLE IF EXISTS `gridalarms_template_expression`;
/*!40101 SET @saved_cs_client     = @@character_set_client */;
/*!40101 SET character_set_client = utf8 */;
CREATE TABLE `gridalarms_template_expression` (
  `id` int(10) unsigned NOT NULL AUTO_INCREMENT,
  `hash` varchar(32) DEFAULT NULL,
  `name` varchar(255) NOT NULL,
  `description` varchar(255) NOT NULL,
  `ds_type` int(10) unsigned DEFAULT 0,
  `type` int(1) NOT NULL,
  `db_table` varchar(50) NOT NULL,
  `sql_query` varchar(1024) DEFAULT NULL,
  `script_thold` varchar(255) DEFAULT NULL,
  `script_data` varchar(255) DEFAULT NULL,
  `script_data_type` int(10) unsigned DEFAULT 0,
  PRIMARY KEY (`id`),
  KEY `hash` (`hash`)
) ENGINE=InnoDB COMMENT='Stores Alert Template Expressions';
/*!40101 SET character_set_client = @saved_cs_client */;

--
-- Dumping data for table `gridalarms_template_expression`
--

LOCK TABLES `gridalarms_template_expression` WRITE;
/*!40000 ALTER TABLE `gridalarms_template_expression` DISABLE KEYS */;
INSERT INTO `gridalarms_template_expression` VALUES (1,'96e658be6050f393dc2a4cf405602a67','Invalid Dependencies','Shows jobs with invalid dependencies',1,1,'','SELECT gc.clustername, gj.*\nFROM grid_clusters AS gc\nINNER JOIN grid_jobs AS gj\nON gc.clusterid=gj.clusterid\nWHERE gj.stat=\'PEND\'\nAND gj.pendReasons like \'%Dependency%invalid%\'','','',0),(2,'f905ea2357da200f750eb4515e44da45','License Not Used','This script returns a list of license features that are not used in a pre-defined number of days.',2,1,'','','/usr/bin/php |path_cacti|/scripts/ss_alert_lic_license_not_used.php query |input_days|','/usr/bin/php |path_cacti|/scripts/ss_alert_lic_license_not_used.php get |input_days|',0),(3,'fb1383f2ed658c9c105867f1911b1595','lost_and_found','A job is moved to the lost_and_found queue or lost_and_found host.',1,1,'','SELECT gc.clustername, gj.* \nFROM grid_jobs AS gj\nINNER JOIN grid_clusters AS gc\nON gc.clusterid=gj.clusterid\nWHERE queue=\'lost_and_found\'\nOR exec_host=\'lost_and_found\'','','',0),(4,'a310215f97833578eca09f2ca086c61b','Pend Reason like Resource','Job is pending for |input_days| days because a resource it needs is not available.',1,1,'','SELECT gc.clustername, gj.*, gjp.start_time AS pend_start_time, gjpm.reason AS reason\nFROM grid_clusters AS gc\nINNER JOIN grid_jobs AS gj\nON gj.clusterid=gc.clusterid\nINNER JOIN grid_jobs_pendreasons AS gjp\nON gj.clusterid=gjp.clusterid\nAND gj.jobid=gjp.jobid\nAND gj.indexid=gjp.indexid\nAND gj.submit_time=gjp.submit_time\nINNER JOIN grid_jobs_pendreason_maps AS gjpm \nON gjp.issusp=gjpm.issusp AND gjp.reason=gjpm.reason_code AND gjp.subreason=gjpm.sub_reason_code \nWHERE gjpm.reason LIKE \'%(|input_resource|)%\'\nAND gjp.end_time=\'0000-00-00\'\nAND gjp.start_time< SUBDATE(NOW(),INTERVAL |input_days| day)','','',0),(5,'ebde21b2a09028f86e8230b1a374ae66','Pending Reason','Jobs are pending on this |input_reason| reason for |input_days| days.',1,1,'','SELECT gc.clustername, gj.*, gjp.start_time AS pend_start_time\nFROM grid_clusters AS gc\nINNER JOIN grid_jobs AS gj\nON gj.clusterid=gc.clusterid\nINNER JOIN grid_jobs_pendreasons AS gjp\nON gj.clusterid=gjp.clusterid\nAND gj.jobid=gjp.jobid\nAND gj.indexid=gjp.indexid\nAND gj.submit_time=gjp.submit_time\nINNER JOIN grid_jobs_pendreason_maps AS gjpm \nON gjp.issusp=gjpm.issusp \nAND gjp.reason=gjpm.reason_code \nAND gjp.subreason=gjpm.sub_reason_code \nWHERE gjpm.reason LIKE \'%|input_reason|%\'\nAND gjp.end_time=\'0000-00-00\'\nAND gjp.start_time< SUBDATE(NOW(),INTERVAL |input_days| day)\nGROUP BY gjp.clusterid,gjp.jobid,gjp.indexid,gjp.submit_time','','',0),(6,'0e95ddff15f9242958a3c2c23eade417','pending_time_limit','Check jobs that are pending over their effective pending time limits',1,1,'','SELECT gj.clusterid, gc.clustername, jobid, indexid, submit_time, stat, user, \neffectivePendingTimeLimit, pend_time \nFROM grid_jobs AS gj, grid_clusters AS gc \nWHERE gj.clusterid = gc.clusterid \nAND stat in (\'PEND\',\'USUSP\', \'PSUSP\', \'SSUSP\') \nAND effectivePendingTimeLimit >0 \nAND pend_time > effectivePendingTimeLimit \n\n','','',0),(7,'f3414c9f13bd7d0110670d05c517b58a','eligible_pending_time_limit','Check jobs that are pending over their effective elgible pending time limits',1,1,'','SELECT gj.clusterid, gc.clustername, jobid, indexid, submit_time, stat, user, \neffectiveEligiblePendingTimeLimit, \n(pend_time - ineligiblePendingTime)  AS EligiblePendingTime\nFROM grid_jobs AS gj, grid_clusters AS gc \nWHERE gj.clusterid = gc.clusterid \nAND stat in (\'PEND\',\'USUSP\', \'PSUSP\', \'SSUSP\') \nAND effectiveEligiblePendingTimeLimit >0 \nAND (pend_time - ineligiblePendingTime)  > effectiveEligiblePendingTimeLimit \n\n','','',0),(8,'37339d4214e5d8282e8d03278a813d10','disk used on host','disk used over percent on host ',1,1,'','SELECT poller_id, hostname, mountPoint, percentUsed, present\nFROM disku_pollers_filesystems \nJOIN disku_pollers on disku_pollers.id=disku_pollers_filesystems.poller_id \nWHERE present=1 AND percentUsed > |input_percent| AND hostname LIKE \'|input_hostname|\'','','',0);
/*!40000 ALTER TABLE `gridalarms_template_expression` ENABLE KEYS */;
UNLOCK TABLES;

--
-- Table structure for table `gridalarms_template_expression_input`
--

DROP TABLE IF EXISTS `gridalarms_template_expression_input`;
/*!40101 SET @saved_cs_client     = @@character_set_client */;
/*!40101 SET character_set_client = utf8 */;
CREATE TABLE `gridalarms_template_expression_input` (
  `id` mediumint(8) unsigned NOT NULL AUTO_INCREMENT,
  `hash` varchar(32) DEFAULT NULL,
  `expression_id` mediumint(8) unsigned NOT NULL DEFAULT 0,
  `name` varchar(20) DEFAULT NULL,
  `description` varchar(128) DEFAULT NULL,
  `value` varchar(128) DEFAULT NULL,
  PRIMARY KEY (`id`),
  KEY `exp_id_name` (`expression_id`,`name`),
  KEY `hash` (`hash`)
) ENGINE=InnoDB COMMENT='Stores Alert Template Custom Data Inputs and Defaults';
/*!40101 SET character_set_client = @saved_cs_client */;

--
-- Dumping data for table `gridalarms_template_expression_input`
--

LOCK TABLES `gridalarms_template_expression_input` WRITE;
/*!40000 ALTER TABLE `gridalarms_template_expression_input` DISABLE KEYS */;
INSERT INTO `gridalarms_template_expression_input` VALUES (1,'9c6fff4c22d8a0ec935e7d6af1b0d345',2,'days','Enter the number of days the license hasn\'t been used','2'),(2,'2079c5c0e4a894e8d045dcf4d4ff642e',4,'days','Enter the number of pending days for the job','1'),(3,'338125c6a380ad6531f5cd3c6ba43767',4,'resource','Please input the resource name which jobs pending for','mem'),(4,'7757e01cad81e116e82cec06cf77c91d',5,'days','Enter the number of pending days for the job','2'),(5,'657c245bd79d7309883bc0cbbdedcd24',5,'reason','Please input the pending reason of the jobs ','never satisfied'),(6,'28d3e8833566cee265924b78ab523e1a',8,'hostname','disk used over percent on the host, % is any host','%'),(7,'aab99b9eadff17fb875327fb9f4b9eeb',8,'percent','disku used over percent','80');
/*!40000 ALTER TABLE `gridalarms_template_expression_input` ENABLE KEYS */;
UNLOCK TABLES;

--
-- Table structure for table `gridalarms_template_expression_item`
--

DROP TABLE IF EXISTS `gridalarms_template_expression_item`;
/*!40101 SET @saved_cs_client     = @@character_set_client */;
/*!40101 SET character_set_client = utf8 */;
CREATE TABLE `gridalarms_template_expression_item` (
  `id` mediumint(8) unsigned NOT NULL AUTO_INCREMENT,
  `hash` varchar(32) DEFAULT NULL,
  `expression_id` mediumint(8) unsigned NOT NULL DEFAULT 0,
  `sequence` mediumint(8) unsigned NOT NULL DEFAULT 0,
  `type` int(1) NOT NULL,
  `value` varchar(255) NOT NULL,
  PRIMARY KEY (`id`),
  KEY `hash` (`hash`),
  KEY `expression_id` (`expression_id`)
) ENGINE=InnoDB;
/*!40101 SET character_set_client = @saved_cs_client */;

--
-- Table structure for table `gridalarms_template_layout`
--

DROP TABLE IF EXISTS `gridalarms_template_layout`;
/*!40101 SET @saved_cs_client     = @@character_set_client */;
/*!40101 SET character_set_client = utf8 */;
CREATE TABLE `gridalarms_template_layout` (
  `id` int(10) unsigned NOT NULL AUTO_INCREMENT,
  `hash` varchar(32) DEFAULT NULL,
  `alarm_id` int(10) unsigned NOT NULL DEFAULT 0,
  `display_name` varchar(20) NOT NULL,
  `column_name` varchar(40) NOT NULL,
  `sequence` int(10) unsigned NOT NULL DEFAULT 1,
  `sortposition` int(10) unsigned DEFAULT NULL,
  `sortdirection` int(1) unsigned DEFAULT NULL,
  PRIMARY KEY (`id`),
  KEY `hash` (`hash`)
) ENGINE=InnoDB;
/*!40101 SET character_set_client = @saved_cs_client */;

--
-- Dumping data for table `gridalarms_template_layout`
--

LOCK TABLES `gridalarms_template_layout` WRITE;
/*!40000 ALTER TABLE `gridalarms_template_layout` DISABLE KEYS */;
INSERT INTO `gridalarms_template_layout` VALUES (1,'274c489940fdb0ccee58eefc0c1f8cbe',1,'Jobid','jobid',9,2,0),(2,'f773dba9853f2261d7968b796adc4708',1,'Indexid','indexid',10,3,0),(3,'11cfc14634527035c27387cca8c2b6ce',1,'Clusterid','clusterid',8,0,0),(4,'12e8a623c675260ed32559ced968631c',1,'Submit Time','submit_time',11,0,0),(5,'689291c3e8023312c429e903e956764b',1,'User Name','user',7,0,0),(6,'18badc81016e1b71b7fb711d1f34c2f7',1,'Status','stat',12,0,0),(7,'0f7d696fd2e03a8740dca8e514c56163',1,'Cluster Name','clustername',1,1,0),(8,'27ad099f993c0bef8836a6b88e340751',1,'Dependencies','dependCond',13,0,0),(9,'c1f9be51cedf5d50e5360995fca67fc1',1,'Job Name','jobname',2,0,0),(10,'a0d354ab10de1a55e1e8fe489a4b390c',1,'Queue Name','queue',3,0,0),(11,'7df05c8209ebaf8b9503ab51fb3877ce',3,'Jobid','jobid',9,1,0),(12,'490224260d79d1fddb1e27b63a873c05',3,'Indexid','indexid',10,2,0),(13,'f1947eb01df382ff771adbd217503a0f',3,'Clusterid','clusterid',8,0,0),(14,'427af2f8b91707d917cb4d750c95a71f',3,'Queue Name','queue',3,0,0),(15,'990c04aabb41dd4a152a3838e931f573',3,'Submit Time','submit_time',11,0,0),(16,'de36eb059bbe34c09697ceb7cb899e53',3,'User Name','user',7,0,0),(17,'5f497752b86ad3cb0115845e35641edc',3,'Status','stat',12,0,0),(18,'9625399f44d9f89ad2d7cffdfa16b63f',3,'Exec Host','exec_host',13,0,0),(19,'241a1415c518c36e8ab73c8a0f3f6c29',3,'Cluster Name','clustername',1,0,0),(20,'53dc43ca42719fdc1680996141c38f25',3,'Job Name','jobname',2,3,0),(21,'4889d4545e798a74a905a55f20e642dd',4,'Jobid','jobid',9,0,0),(22,'db8784bf9f75ff8c9b74967800afbfb0',4,'Indexid','indexid',10,0,0),(23,'bce51e87e1e74e897bef0fbe6ee1c3bf',4,'Clusterid','clusterid',11,0,0),(24,'ad3d8cc7af34b06c22ab6da1f1843bef',4,'Submit Time','submit_time',12,0,0),(25,'a2cd6796c3da61306a4919584e0fdcb8',4,'Reason Start Time','pend_start_time',13,0,0),(26,'7792f078e1d3da3892bbfcc875868a62',4,'Cluster Name','clustername',1,1,0),(27,'5130a76b45f71c92fad0c4168250e8d8',4,'Job Name','jobname',2,2,0),(28,'e90bd843aa9e3261984b9d147dc7b478',4,'Queue Name','queue',3,3,0),(29,'c57993fb270fa3cb11bb5216c061fe63',4,'User Name','user',8,4,0),(30,'e97af9171ad72c39f8c67bb6f265c877',4,'Reason Name','reason',14,0,0),(31,'ab614005ef061bbf9ac383d732c4c350',5,'Jobid','jobid',8,0,0),(32,'8c580a7c8363ea2aecbbd2564b7abc35',5,'Indexid','indexid',9,0,0),(33,'d99725c8ae806ea3aa1bc4ef0aef10e9',5,'Clusterid','clusterid',10,0,0),(34,'9868e506ee6445548b857f9cbbbf8464',5,'Submit Time','submit_time',11,0,0),(35,'58669a510e99500d2124f891bdc0bc04',5,'Reason Start Time','pend_start_time',12,0,0),(36,'c465d0592e9619abcea5d857e706310d',5,'Cluster Name','clustername',1,1,0),(37,'05755c7c528d4bdf0fb1ca595f8626e2',5,'Job Name','jobname',2,2,0),(38,'3caf078ac382b552f9ccef232a50f652',5,'Queue','queue',3,3,0),(39,'271e14c296e5ab3d0c9449c7c18fa82c',5,'User Name','user',7,4,0),(40,'b3edf7f8e494714281a71dec87ff9908',6,'Clusterid','clusterid',1,1,0),(41,'31a475088ae645a75d75fbf8f4d090c2',6,'Cluster Name','clustername',2,2,0),(42,'7b23d32aaa4a97f481c4a301bd71a105',6,'Jobid','jobid',3,4,0),(43,'b998415801cc97d7cf8ce3cbb06dc749',6,'Indexid','indexid',4,0,0),(44,'deba63e682f0e405f6c4cdac0661e603',6,'Submit Time','submit_time',5,0,0),(45,'28402bd856bd04695970f8e9fd8e2ad5',6,'Stat','stat',6,0,0),(46,'37b9cb583d1c57ebbef02ae0a062e416',6,'Pend Time Limit','effectivePendingTimeLimit',8,0,0),(47,'70d981ed78e932d3b87a3ab6f00aa731',6,'Pend Time','pend_time',9,0,0),(48,'0af34708d0c7d98a06aaec049d3159a2',6,'User','user',7,0,0),(49,'f3636ebebb00453b23e691b0d6780993',7,'Clusterid','clusterid',1,1,0),(50,'f0d51dc695243a7a87142cf41f50e0ec',7,'Cluster Name','clustername',2,2,0),(51,'e9bb04030be40a6e39503ca5fdcd6867',7,'Jobid','jobid',3,4,0),(52,'e94c478d0470a72915da52619641bb83',7,'Indexid','indexid',4,0,0),(53,'b3280473b48cafd2df3e190340925e98',7,'Submit Time','submit_time',5,0,0),(54,'c8ccf5b79259490ea23099ae791f2caa',7,'Stat','stat',6,0,0),(55,'6f2f0fe861b7feb8e03a67a39f365286',7,'Eligible Pend Limit','effectiveEligiblePendingTimeLimit',8,0,0),(56,'8a03b7fe014d9eb650cb2c550d54ad41',7,'Eligible Pend Time','EligiblePendingTime',9,0,0),(57,'8926fcc7933dccfa16b340215ba89bca',7,'User','user',7,0,0),(58,'3c93ff156d1e2336719ecdbb66601c2b',8,'Poller_id','poller_id',1,1,0),(59,'a6bed2f00a490e53bbdb22f6144f2e04',8,'Hostname','hostname',2,2,0),(60,'1386f94944724ecfff762ba2c96f00cc',8,'MountPoint','mountPoint',3,3,0),(61,'bf9f815fe9b139cd16ca6924fd9955ba',8,'PercentUsed','percentUsed',4,0,0);
/*!40000 ALTER TABLE `gridalarms_template_layout` ENABLE KEYS */;
UNLOCK TABLES;

--
-- Table structure for table `gridalarms_template_metric`
--

DROP TABLE IF EXISTS `gridalarms_template_metric`;
/*!40101 SET @saved_cs_client     = @@character_set_client */;
/*!40101 SET character_set_client = utf8 */;
CREATE TABLE `gridalarms_template_metric` (
  `id` int(10) unsigned NOT NULL AUTO_INCREMENT,
  `hash` varchar(32) DEFAULT NULL,
  `name` varchar(255) NOT NULL,
  `description` varchar(255) NOT NULL,
  `type` int(1) NOT NULL,
  `db_table` varchar(50) NOT NULL,
  `db_column` varchar(50) NOT NULL,
  PRIMARY KEY (`name`),
  KEY `hash` (`hash`),
  KEY `id` (`id`)
) ENGINE=InnoDB;
/*!40101 SET character_set_client = @saved_cs_client */;

--
-- Table structure for table `gridalarms_template_metric_expression`
--

DROP TABLE IF EXISTS `gridalarms_template_metric_expression`;
/*!40101 SET @saved_cs_client     = @@character_set_client */;
/*!40101 SET character_set_client = utf8 */;
CREATE TABLE `gridalarms_template_metric_expression` (
  `expression_id` mediumint(8) unsigned NOT NULL DEFAULT 0,
  `metric_id` mediumint(8) unsigned NOT NULL DEFAULT 0,
  PRIMARY KEY (`expression_id`,`metric_id`)
) ENGINE=InnoDB;
/*!40101 SET character_set_client = @saved_cs_client */;

--
-- Table structure for table `host`
--

DROP TABLE IF EXISTS `host`;
/*!40101 SET @saved_cs_client     = @@character_set_client */;
/*!40101 SET character_set_client = utf8 */;
CREATE TABLE `host` (
  `id` mediumint(8) unsigned NOT NULL AUTO_INCREMENT,
  `poller_id` int(10) unsigned NOT NULL DEFAULT 1,
  `site_id` int(10) unsigned NOT NULL DEFAULT 1,
  `host_template_id` mediumint(8) unsigned NOT NULL DEFAULT 0,
  `lic_server_id` int(10) unsigned NOT NULL DEFAULT 0,
  `clusterid` int(10) unsigned NOT NULL DEFAULT 0,
  `description` varchar(150) NOT NULL DEFAULT '',
  `hostname` varchar(100) DEFAULT NULL,
  `location` varchar(40) DEFAULT NULL,
  `notes` text DEFAULT NULL,
  `external_id` varchar(40) DEFAULT NULL,
  `snmp_community` varchar(100) DEFAULT NULL,
  `snmp_version` tinyint(1) unsigned NOT NULL DEFAULT 1,
  `snmp_username` varchar(50) DEFAULT NULL,
  `snmp_password` varchar(50) DEFAULT NULL,
  `snmp_auth_protocol` char(6) DEFAULT '',
  `snmp_priv_passphrase` varchar(200) DEFAULT '',
  `snmp_priv_protocol` char(7) DEFAULT '',
  `snmp_context` varchar(64) DEFAULT '',
  `snmp_engine_id` varchar(64) DEFAULT '',
  `snmp_port` mediumint(5) unsigned NOT NULL DEFAULT 161,
  `snmp_timeout` mediumint(8) unsigned NOT NULL DEFAULT 500,
  `snmp_sysDescr` varchar(300) NOT NULL DEFAULT '',
  `snmp_sysObjectID` varchar(128) NOT NULL DEFAULT '',
  `snmp_sysUpTimeInstance` bigint(20) unsigned NOT NULL DEFAULT 0,
  `snmp_sysContact` varchar(300) NOT NULL DEFAULT '',
  `snmp_sysName` varchar(300) NOT NULL DEFAULT '',
  `snmp_sysLocation` varchar(300) NOT NULL DEFAULT '',
  `availability_method` smallint(5) unsigned NOT NULL DEFAULT 1,
  `ping_method` smallint(5) unsigned DEFAULT 0,
  `ping_port` int(10) unsigned DEFAULT 0,
  `ping_timeout` int(10) unsigned DEFAULT 500,
  `ping_retries` int(10) unsigned DEFAULT 2,
  `max_oids` int(10) unsigned DEFAULT 10,
  `bulk_walk_size` int(10) DEFAULT -1,
  `device_threads` tinyint(2) unsigned NOT NULL DEFAULT 1,
  `deleted` char(2) NOT NULL DEFAULT '',
  `disabled` char(2) NOT NULL DEFAULT '',
  `monitor` char(3) NOT NULL DEFAULT 'on',
  `thold_send_email` int(10) NOT NULL DEFAULT 1,
  `thold_host_email` int(10) DEFAULT NULL,
  `thold_failure_count` int(10) NOT NULL DEFAULT 0,
  `status` tinyint(3) unsigned NOT NULL DEFAULT 0,
  `status_event_count` mediumint(8) unsigned NOT NULL DEFAULT 0,
  `status_fail_date` timestamp NOT NULL DEFAULT '0000-00-00 00:00:00',
  `status_rec_date` timestamp NOT NULL DEFAULT '0000-00-00 00:00:00',
  `status_last_error` varchar(255) DEFAULT '',
  `min_time` decimal(10,5) DEFAULT 9.99999,
  `max_time` decimal(10,5) DEFAULT 0.00000,
  `cur_time` decimal(10,5) DEFAULT 0.00000,
  `avg_time` decimal(10,5) DEFAULT 0.00000,
  `polling_time` double DEFAULT 0,
  `total_polls` int(10) unsigned DEFAULT 0,
  `failed_polls` int(10) unsigned DEFAULT 0,
  `availability` decimal(8,5) NOT NULL DEFAULT 100.00000,
  `last_updated` timestamp NOT NULL DEFAULT current_timestamp() ON UPDATE current_timestamp(),
  PRIMARY KEY (`id`),
  KEY `poller_id_disabled` (`poller_id`,`disabled`),
  KEY `external_id` (`external_id`),
  KEY `disabled` (`disabled`),
  KEY `status` (`status`),
  KEY `site_id_location` (`site_id`,`location`),
  KEY `hostname` (`hostname`),
  KEY `poller_id_last_updated` (`poller_id`,`last_updated`),
  KEY `clusterid_host` (`clusterid`,`hostname`)
) ENGINE=InnoDB;
/*!40101 SET character_set_client = @saved_cs_client */;

--
-- Dumping data for table `host`
--

LOCK TABLES `host` WRITE;
/*!40000 ALTER TABLE `host` DISABLE KEYS */;
INSERT INTO `host` VALUES (1,1,0,1,0,0,'Local Linux Machine','localhost',NULL,'',NULL,'',0,'','','','','','','',161,500,'','',0,'','','',0,2,0,400,1,10,-1,1,'','','on',1,NULL,0,3,0,'0000-00-00 00:00:00','0000-00-00 00:00:00','',0.00000,0.00000,0.00000,0.00000,0.10951995849609,589,0,100.00000,'0000-00-00 00:00:00:00');
/*!40000 ALTER TABLE `host` ENABLE KEYS */;
UNLOCK TABLES;

--
-- Table structure for table `host_graph`
--

DROP TABLE IF EXISTS `host_graph`;
/*!40101 SET @saved_cs_client     = @@character_set_client */;
/*!40101 SET character_set_client = utf8 */;
CREATE TABLE `host_graph` (
  `host_id` mediumint(8) unsigned NOT NULL DEFAULT 0,
  `graph_template_id` mediumint(8) unsigned NOT NULL DEFAULT 0,
  PRIMARY KEY (`host_id`,`graph_template_id`)
) ENGINE=InnoDB;
/*!40101 SET character_set_client = @saved_cs_client */;

--
-- Dumping data for table `host_graph`
--

LOCK TABLES `host_graph` WRITE;
/*!40000 ALTER TABLE `host_graph` DISABLE KEYS */;
INSERT INTO `host_graph` VALUES (1,1),(1,2),(1,3),(1,4);
/*!40000 ALTER TABLE `host_graph` ENABLE KEYS */;
UNLOCK TABLES;

--
-- Table structure for table `host_snmp_cache`
--

DROP TABLE IF EXISTS `host_snmp_cache`;
/*!40101 SET @saved_cs_client     = @@character_set_client */;
/*!40101 SET character_set_client = utf8 */;
CREATE TABLE `host_snmp_cache` (
  `host_id` mediumint(8) unsigned NOT NULL DEFAULT 0,
  `snmp_query_id` mediumint(8) unsigned NOT NULL DEFAULT 0,
  `field_name` varchar(50) NOT NULL DEFAULT '',
  `field_value` varchar(512) DEFAULT NULL,
  `snmp_index` varchar(255) NOT NULL DEFAULT '',
  `oid` text NOT NULL,
  `present` tinyint(3) unsigned NOT NULL DEFAULT 1,
  `last_updated` timestamp NOT NULL DEFAULT current_timestamp() ON UPDATE current_timestamp(),
  PRIMARY KEY (`host_id`,`snmp_query_id`,`field_name`,`snmp_index`),
  KEY `host_id` (`host_id`,`field_name`),
  KEY `field_name` (`field_name`),
  KEY `last_updated` (`last_updated`),
  KEY `present` (`present`),
  KEY `snmp_index` (`snmp_index`),
  KEY `field_value` (`field_value`),
  KEY `snmp_query_id` (`snmp_query_id`)
) ENGINE=InnoDB ROW_FORMAT=DYNAMIC;
/*!40101 SET character_set_client = @saved_cs_client */;

--
-- Table structure for table `host_snmp_query`
--

DROP TABLE IF EXISTS `host_snmp_query`;
/*!40101 SET @saved_cs_client     = @@character_set_client */;
/*!40101 SET character_set_client = utf8 */;
CREATE TABLE `host_snmp_query` (
  `host_id` mediumint(8) unsigned NOT NULL DEFAULT 0,
  `snmp_query_id` mediumint(8) unsigned NOT NULL DEFAULT 0,
  `sort_field` varchar(50) NOT NULL DEFAULT '',
  `title_format` varchar(50) NOT NULL DEFAULT '',
  `reindex_method` tinyint(3) unsigned NOT NULL DEFAULT 0,
  PRIMARY KEY (`host_id`,`snmp_query_id`)
) ENGINE=InnoDB;
/*!40101 SET character_set_client = @saved_cs_client */;

--
-- Dumping data for table `host_snmp_query`
--

LOCK TABLES `host_snmp_query` WRITE;
/*!40000 ALTER TABLE `host_snmp_query` DISABLE KEYS */;
INSERT INTO `host_snmp_query` VALUES (1,1,'dskDevice','|query_dskDevice|',1);
/*!40000 ALTER TABLE `host_snmp_query` ENABLE KEYS */;
UNLOCK TABLES;

--
-- Table structure for table `host_template`
--

DROP TABLE IF EXISTS `host_template`;
/*!40101 SET @saved_cs_client     = @@character_set_client */;
/*!40101 SET character_set_client = utf8 */;
CREATE TABLE `host_template` (
  `id` mediumint(8) unsigned NOT NULL AUTO_INCREMENT,
  `hash` varchar(32) NOT NULL DEFAULT '',
  `name` varchar(100) NOT NULL DEFAULT '',
  `class` varchar(40) NOT NULL DEFAULT '',
  PRIMARY KEY (`id`),
  KEY `name` (`name`)
) ENGINE=InnoDB;
/*!40101 SET character_set_client = @saved_cs_client */;

--
-- Dumping data for table `host_template`
--

LOCK TABLES `host_template` WRITE;
/*!40000 ALTER TABLE `host_template` DISABLE KEYS */;
INSERT INTO `host_template` VALUES (1,'2d3e47f416738c2d22c87c40218cc55e','Local Linux Machine',''),(2,'bd1c482a581a40e96348657977e33b75','Cacti Polling Host',''),(3,'cae6a879f86edacb2471055783bec6d0','Cisco Router',''),(4,'305007178521f03fde7e0a66c37784c8','LM Server',''),(5,'4e7ef5bb8c546d214d565bb24763ab08','LM Summary',''),(6,'4855b0e3e553085ed57219690285f91f','Generic SNMP-enabled Host',''),(7,'7972b0b7c4b67da7ba7ebd020cf54f87','Grid Host (w/net-snmp)',''),(8,'284bbabef4bb6e161af7e123c7c90969','Grid Host',''),(9,'d8ff1374e732012338d9cd47b9da18d4','Grid Summary',''),(10,'4e5dc8dd115264c2e9f3adb725c29413','Karlnet Wireless Bridge',''),(11,'07d3fe6a52915f99e642d22e27d967a4','Net-SNMP Host',''),(12,'9ef418b4251751e09c3c416704b01b01','Netware 4/5 Server',''),(13,'c5cc0bf1e96873c899eab03a5d2f5942','teMySQL Host',''),(14,'5b8300be607dce4f030b026a381b91cd','Windows 2000/XP Host',''),(15,'b1528fb95b04821b0e5b6a5aedd8e659','License Scheduler Summary',''),(16,'8cb14a5b4c4623801ffbe011191ff9d8','Disk Monitoring Host',''),(17,'0d2005384e7a4fa6c63dd3d78d82abed','Disk Filesystem Host','');
/*!40000 ALTER TABLE `host_template` ENABLE KEYS */;
UNLOCK TABLES;

--
-- Table structure for table `host_template_graph`
--

DROP TABLE IF EXISTS `host_template_graph`;
/*!40101 SET @saved_cs_client     = @@character_set_client */;
/*!40101 SET character_set_client = utf8 */;
CREATE TABLE `host_template_graph` (
  `host_template_id` mediumint(8) unsigned NOT NULL DEFAULT 0,
  `graph_template_id` mediumint(8) unsigned NOT NULL DEFAULT 0,
  PRIMARY KEY (`host_template_id`,`graph_template_id`)
) ENGINE=InnoDB;
/*!40101 SET character_set_client = @saved_cs_client */;

--
-- Dumping data for table `host_template_graph`
--

LOCK TABLES `host_template_graph` WRITE;
/*!40000 ALTER TABLE `host_template_graph` DISABLE KEYS */;
INSERT INTO `host_template_graph` VALUES (1,1),(1,2),(1,3),(1,4),(2,6),(2,7),(2,8),(2,9),(2,10),(2,11),(2,12),(3,13),(4,22),(7,30),(7,31),(7,32),(7,33),(7,34),(7,35),(7,36),(7,37),(7,38),(8,33),(8,34),(8,35),(8,36),(8,37),(9,33),(9,34),(9,35),(9,36),(9,37),(9,40),(9,41),(9,42),(9,43),(9,44),(9,45),(9,46),(9,47),(9,48),(9,49),(9,50),(9,51),(9,52),(9,53),(11,30),(11,31),(11,32),(11,119),(11,120),(11,121),(11,122),(11,123),(12,126),(12,127),(12,128),(12,129),(13,133),(13,134),(13,135),(13,136),(13,137),(13,138),(13,139),(13,140),(13,141),(13,142),(13,143),(13,144),(13,145),(13,146),(13,147),(13,148),(13,149),(13,150),(13,151),(13,152),(14,119),(14,120);
/*!40000 ALTER TABLE `host_template_graph` ENABLE KEYS */;
UNLOCK TABLES;

--
-- Table structure for table `host_template_snmp_query`
--

DROP TABLE IF EXISTS `host_template_snmp_query`;
/*!40101 SET @saved_cs_client     = @@character_set_client */;
/*!40101 SET character_set_client = utf8 */;
CREATE TABLE `host_template_snmp_query` (
  `host_template_id` mediumint(8) unsigned NOT NULL DEFAULT 0,
  `snmp_query_id` mediumint(8) unsigned NOT NULL DEFAULT 0,
  PRIMARY KEY (`host_template_id`,`snmp_query_id`)
) ENGINE=InnoDB;
/*!40101 SET character_set_client = @saved_cs_client */;

--
-- Dumping data for table `host_template_snmp_query`
--

LOCK TABLES `host_template_snmp_query` WRITE;
/*!40000 ALTER TABLE `host_template_snmp_query` DISABLE KEYS */;
INSERT INTO `host_template_snmp_query` VALUES (1,1),(3,2),(4,3),(4,4),(4,5),(4,6),(4,7),(5,8),(5,9),(6,2),(7,2),(7,10),(9,11),(9,12),(9,13),(9,14),(9,15),(9,16),(9,17),(9,18),(9,19),(9,20),(9,21),(9,22),(9,23),(10,2),(10,24),(11,2),(11,10),(11,25),(11,26),(12,2),(12,27),(12,28),(14,2),(14,25),(14,26),(15,30),(15,31),(15,32),(15,33),(15,34),(16,35),(16,36),(16,37),(16,38),(16,39),(16,40),(17,41);
/*!40000 ALTER TABLE `host_template_snmp_query` ENABLE KEYS */;
UNLOCK TABLES;

--
-- Table structure for table `lic_application_accounting`
--

DROP TABLE IF EXISTS `lic_application_accounting`;
/*!40101 SET @saved_cs_client     = @@character_set_client */;
/*!40101 SET character_set_client = utf8 */;
CREATE TABLE `lic_application_accounting` (
  `id` int(10) unsigned NOT NULL AUTO_INCREMENT,
  `application` varchar(40) DEFAULT '',
  `monthly_cost` double DEFAULT 0,
  `user_id` int(10) unsigned NOT NULL DEFAULT 0,
  `last_updated` timestamp NOT NULL DEFAULT '0000-00-00 00:00:00',
  PRIMARY KEY (`id`),
  UNIQUE KEY `application` (`application`)
) ENGINE=InnoDB DEFAULT CHARSET=latin1;
/*!40101 SET character_set_client = @saved_cs_client */;

--
-- Table structure for table `lic_application_feature_map`
--

DROP TABLE IF EXISTS `lic_application_feature_map`;
/*!40101 SET @saved_cs_client     = @@character_set_client */;
/*!40101 SET character_set_client = utf8 */;
CREATE TABLE `lic_application_feature_map` (
  `service_id` int(10) unsigned NOT NULL DEFAULT 0,
  `feature_name` varchar(50) NOT NULL DEFAULT '',
  `user_feature_name` varchar(80) DEFAULT '',
  `application` varchar(40) DEFAULT '',
  `manager_hint` varchar(255) DEFAULT '',
  `critical` tinyint(3) unsigned DEFAULT 0,
  `user_id` int(10) unsigned NOT NULL DEFAULT 0,
  `last_updated` timestamp NOT NULL DEFAULT '0000-00-00 00:00:00',
  PRIMARY KEY (`service_id`,`feature_name`),
  KEY `feature_name` (`feature_name`)
) ENGINE=InnoDB DEFAULT CHARSET=latin1;
/*!40101 SET character_set_client = @saved_cs_client */;

--
-- Table structure for table `lic_daily_stats`
--

DROP TABLE IF EXISTS `lic_daily_stats`;
/*!40101 SET @saved_cs_client     = @@character_set_client */;
/*!40101 SET character_set_client = utf8 */;
CREATE TABLE `lic_daily_stats` (
  `service_id` int(10) unsigned NOT NULL DEFAULT 0,
  `feature` varchar(50) NOT NULL DEFAULT '',
  `user` varchar(60) NOT NULL DEFAULT '',
  `host` varchar(64) NOT NULL DEFAULT '',
  `action` varchar(20) NOT NULL DEFAULT '',
  `count` int(10) unsigned NOT NULL DEFAULT 0,
  `total_license_count` int(10) unsigned NOT NULL DEFAULT 0,
  `utilization` float NOT NULL DEFAULT 0,
  `peak_ut` float NOT NULL DEFAULT 0,
  `vendor` varchar(40) NOT NULL DEFAULT '0',
  `duration` int(10) unsigned NOT NULL DEFAULT 0,
  `transaction_count` int(10) unsigned NOT NULL DEFAULT 0,
  `type` enum('0','1','2','3','4','5','6','7','8') NOT NULL DEFAULT '0',
  `interval_end` timestamp NOT NULL DEFAULT '0000-00-00 00:00:00',
  `date_recorded` timestamp NOT NULL DEFAULT '0000-00-00 00:00:00',
  PRIMARY KEY (`service_id`,`feature`,`user`,`host`,`action`,`vendor`,`date_recorded`),
  KEY `feature` (`feature`),
  KEY `user` (`user`),
  KEY `host` (`host`),
  KEY `interval_end` (`interval_end`),
  KEY `date_recorded` (`date_recorded`),
  KEY `vendor` (`vendor`)
) ENGINE=InnoDB DEFAULT CHARSET=latin1;
/*!40101 SET character_set_client = @saved_cs_client */;

--
-- Table structure for table `lic_daily_stats_today`
--

DROP TABLE IF EXISTS `lic_daily_stats_today`;
/*!40101 SET @saved_cs_client     = @@character_set_client */;
/*!40101 SET character_set_client = utf8 */;
CREATE TABLE `lic_daily_stats_today` (
  `service_id` int(10) unsigned NOT NULL DEFAULT 0,
  `feature` varchar(50) NOT NULL DEFAULT '',
  `user` varchar(60) NOT NULL DEFAULT '',
  `host` varchar(64) NOT NULL DEFAULT '',
  `action` varchar(20) NOT NULL DEFAULT '',
  `count` int(10) unsigned NOT NULL DEFAULT 0,
  `total_license_count` int(10) unsigned NOT NULL DEFAULT 0,
  `utilization` float NOT NULL DEFAULT 0,
  `peak_ut` float NOT NULL DEFAULT 0,
  `vendor` varchar(40) NOT NULL DEFAULT '0',
  `duration` int(10) unsigned NOT NULL DEFAULT 0,
  `transaction_count` int(10) unsigned NOT NULL DEFAULT 0,
  `type` enum('0','1','2','3','4','5','6','7','8') NOT NULL DEFAULT '0',
  `interval_end` timestamp NOT NULL DEFAULT '0000-00-00 00:00:00',
  `date_recorded` timestamp NOT NULL DEFAULT '0000-00-00 00:00:00',
  PRIMARY KEY (`service_id`,`feature`,`user`,`host`,`action`,`vendor`),
  KEY `feature` (`feature`),
  KEY `user` (`user`),
  KEY `host` (`host`),
  KEY `interval_end` (`interval_end`),
  KEY `date_recorded` (`date_recorded`),
  KEY `vendor` (`vendor`)
) ENGINE=InnoDB DEFAULT CHARSET=latin1;
/*!40101 SET character_set_client = @saved_cs_client */;

--
-- Table structure for table `lic_daily_stats_traffic`
--

DROP TABLE IF EXISTS `lic_daily_stats_traffic`;
/*!40101 SET @saved_cs_client     = @@character_set_client */;
/*!40101 SET character_set_client = utf8 */;
CREATE TABLE `lic_daily_stats_traffic` (
  `service_id` int(10) unsigned NOT NULL,
  `feature` varchar(50) NOT NULL,
  `user` varchar(60) NOT NULL,
  `host` varchar(64) NOT NULL,
  `last_updated` timestamp NOT NULL DEFAULT current_timestamp() ON UPDATE current_timestamp(),
  PRIMARY KEY (`service_id`,`feature`,`user`,`host`),
  KEY `feature` (`feature`),
  KEY `user` (`user`),
  KEY `host` (`host`),
  KEY `last_updated` (`last_updated`)
) ENGINE=InnoDB DEFAULT CHARSET=latin1;
/*!40101 SET character_set_client = @saved_cs_client */;

--
-- Table structure for table `lic_errorcode_maps`
--

DROP TABLE IF EXISTS `lic_errorcode_maps`;
/*!40101 SET @saved_cs_client     = @@character_set_client */;
/*!40101 SET character_set_client = utf8 */;
CREATE TABLE `lic_errorcode_maps` (
  `type` int(10) unsigned NOT NULL DEFAULT 0,
  `errorno` int(10) NOT NULL DEFAULT 0,
  `sub_errorno` int(10) NOT NULL DEFAULT 0,
  `error_text` varchar(512) DEFAULT '',
  PRIMARY KEY (`type`,`errorno`,`sub_errorno`)
) ENGINE=InnoDB DEFAULT CHARSET=latin1;
/*!40101 SET character_set_client = @saved_cs_client */;

--
-- Dumping data for table `lic_errorcode_maps`
--

LOCK TABLES `lic_errorcode_maps` WRITE;
/*!40000 ALTER TABLE `lic_errorcode_maps` DISABLE KEYS */;
INSERT INTO `lic_errorcode_maps` VALUES (0,-232,0,'TPM attributes could not be obtained.'),(0,-231,0,'TPM is not supported on this platform.'),(0,-230,0,'TPM hostid is not available.'),(0,-229,0,'TPM properties are not available.'),(0,-228,0,'TPM is disabled.'),(0,-227,0,'TPM version is not supported.'),(0,-226,0,'FlexNet Licensing Service failed to return TPM attributes.'),(0,-225,0,'Error in communication with the FlexNet Licensing Service.'),(0,-224,0,'FlexNet Licensing Service is not available.'),(0,-223,0,'FlexNet Licensing Service requires new install.'),(0,-222,0,'An unsupported hostid.'),(0,-221,0,'A transfer from a license server on the same machine is not allowed.'),(0,-220,0,'Failed to get licenses from trusted storage.'),(0,-219,0,'The checkout-avail (COAVAIL) checkout is not supported.'),(0,-218,0,'The checkout-avail flag is not supported with PACKAGE licenses.'),(0,-217,0,'The supplied checkout option flag is not supported.'),(0,-216,0,'Failed to get all requested license(s) in reconnection.'),(0,-215,0,'The VM Host ID is not available.'),(0,-214,0,'FlexNet Licensing Service version is not as expected.'),(0,-213,0,'FlexNet Licensing Service is not installed.'),(0,-212,0,'FlexNet Licensing Service was found to be disabled.'),(0,-211,0,'VM attributes not available on physical machine.'),(0,-210,0,'License service failed to return VM attributes.'),(0,-209,0,'Maximum number of servers reached.'),(0,-208,0,'Trusted storage could not be saved. Used in vendor daemon for debug log purposes. In FlexNet utilities, the usage of this error code is limited to activation borrow reclaim and in that case, \'Trusted storage could not be saved by the license server\' is seen as a failure reason. This error code is not used in a FlexNet client or an activation client.'),(0,-207,0,'The license server does not support trusted storage.'),(0,-206,0,'No deduction record found for the requested client host.'),(0,-205,0,'Failed to perform activation borrow reclaim operation.'),(0,-204,0,'Activation borrow reclaim operation is not allowed.'),(0,-203,0,'Failed to get the total feature count.'),(0,-202,0,'Returning borrowed feature failed as same feature borrowed from different Vendor daemons.'),(0,-201,0,'Invalid IP address used while overriding. The IP address specified for the LM_A_INTERNET_OVERRIDE attribute, used to override the existing IP address, is invalid.'),(0,-200,0,'Failed to generate ServerQuery response.'),(0,-199,0,'Failed to load ServerQuery request.'),(0,-198,0,'Unsupported hostid provided in feature line.'),(0,-194,0,'Checkout request denied as it exceeds the MAX limit specified in the options file.'),(0,-193,0,'FNP vendor keys do not support Virtualization feature.'),(0,-192,0,'VM platform not authorized by license. Returned at run time when the feature definition line specifies a virtual environment but the client is running in another virtual environment. For example, VM_PLATFORMS=VMW but the client is checking out from a HYPER-V virtual environment.'),(0,-191,0,'Feature can be checked out from Virtual machine only. The license specifies that it cannot be used on a physical machine. The FlexEnabled application is installed on a physical machine so checkout has been denied. Install the FlexEnabled application on a virtual machine.'),(0,-190,0,'Feature can be checked out from Physical machine only. The license specifies that it cannot be used on a virtual machine: The FlexEnabled application is installed on a virtual machine so checkout has been denied. Install the FlexEnabled application on a physical machine.'),(0,-189,0,'Invalid syntax for VM_PLATFORMS keyword. Returned at license encryption time if an invalid keyword is specified for use with VM_PLATFORMS.'),(0,-188,0,'License client time zone not authorized for license rights. A license that is time zone limited could not be checked out because the time zone of the machine on which the license is required does not match the time zone specified in the license.'),(0,-187,0,'The time zone information could not be obtained. A license that is time zone limited could not be checked out because time zone information could not be obtained for the machine on which the license is required. Contact your publisher for further information.'),(0,-186,0,'Invalid time zone override specification in the client.'),(0,-185,0,'Invalid TZ keyword syntax. Returned at license encryption time if the TZ keyword syntax is not valid.  Ensure that, if specifying multiple time zones, the space delimiter is used and the values are enclosed in quotation marks. If using the SERVERTZ value, it must be used by itself.'),(0,-184,0,'The number of characters in the license file paths exceeds the permissible limit. There is a limit on the number of license files that can be used by a license server manager. This limit is on the number of characters in the combined license file paths to the license files: UNIX - 40,960 characters. Windows - 20,400 characters Reduce the number of license files, or relocate them so that the paths are shorter.'),(0,-183,0,'More than one ethernet hostid not supported in composite hostid definition. Contact your publisher for further information.'),(0,-182,0,'Internal error. Report issue to Flexera.'),(0,-181,0,'Internal error. Report issue to Flexera.'),(0,-180,0,'Internal error. Report issue to Flexera.'),(0,-179,0,'Only one terminal server remote client checkout is allowed for this feature.'),(0,-178,0,'Internal error. Report issue to Flexera. When more than one remote desktop checkout is performed expect -178: Internal error if more than one terminal server remote client checkout occurred. If it is not more than one remote desktop checkout, then report the issue to Flexera.'),(0,-177,0,'ONE_TS_OK is not supported in this Windows Platform.'),(0,-176,0,'SUPERSEDE_SIGN does not contain a feature name and license signature. Contact your publisher for further information.'),(0,-175,0,'Invalid SUPERSEDE_SIGN syntax. Contact your publisher for further information.'),(0,-174,0,'SUPERSEDE feature conflict. Contact your publisher for further information.'),(0,-173,0,'Bad filter context. Internal error. Report issue to Flexera.'),(0,-172,0,'Message decryption failed. Internal error. Report issue to Flexera.'),(0,-171,0,'Message encryption failed. Internal error. Report issue to Flexera.'),(0,-170,0,'Invalid date format in trusted storage. Can be caused by setting your system clock to an earlier date.  Check that your system clock is set to the current date and time.'),(0,-169,0,'Activation error. Contact your publisher for further information.'),(0,-168,0,'The options file contains include specifications for the entitlement, and this user or host is not included in these specifications.'),(0,-167,0,'The requested activation has been denied because the user or host is excluded from activating this entitlement by a specification in the options file.'),(0,-166,0,'Specified operation not allowed. Contact your publisher for further information.'),(0,-165,0,'No repair count left. Contact your publisher for further repair authorization.'),(0,-164,0,'Return count(s) would exceed the maximum for the fulfillment. Contact your publisher for further information.'),(0,-163,0,'Cannot return the specified activation. Contact your publisher for further information.'),(0,-162,0,'Invalid activation response received. Contact your publisher for further information.'),(0,-161,0,'No fulfillment exists in trusted storage which matches the request. Contact your publisher for further information.'),(0,-160,0,'Invalid activation request received. Contact your publisher for further information.'),(0,-159,0,'Invalid fulfillment record. Contact your publisher for further information.'),(0,-158,0,'Trusted storage open failure. Contact your publisher for further information.'),(0,-157,0,'Trusted storage has been compromised; repair needed. Contact your publisher for repair instructions.'),(0,-156,0,'Invalid signature specified with the AUTH= keyword.'),(0,-155,0,'License key required but missing from the license certificate. The application requires a license key in the license certificate. You need to obtain a license key version of this certificate from your publisher.'),(0,-154,0,'Bad V84_SIGN2 signature.'),(0,-153,0,'Bad V84_SIGN signature.'),(0,-152,0,'Bad V84_LK signature.'),(0,-151,0,'Bad V81_SIGN2 signature.'),(0,-150,0,'Bad V81_SIGN signature.'),(0,-149,0,'Bad V81_LK signature.'),(0,-148,0,'Bad V80_SIGN signature.'),(0,-147,0,'Bad V80_LK signature.'),(0,-146,0,'Bad V71_SIGN signature.'),(0,-145,0,'Bad V71_LK signature.'),(0,-144,0,'License template contains redundant signature specifiers.'),(0,-143,0,'Version-specific signatures are not supported for uncounted licenses.'),(0,-142,0,'Error, cannot generate version specific license tied to a single hostid, which is composite.'),(0,-141,0,'Error writing to socket. Peer has closed socket.'),(0,-140,0,'Bad message command.'),(0,-139,0,'Communications timeout.'),(0,-137,0,'Error writing to the event log.'),(0,-136,0,'Event logging is disabled.'),(0,-135,0,'Error enabling the event log.'),(0,-128,0,'Error, borrowed license doesn\'t match any known server license.'),(0,-127,0,'A item needed for the composite hostid is missing or invalid.'),(0,-126,0,'Composite hostid not initialized.'),(0,-125,0,'A PACKAGE component must be specified.'),(0,-124,0,'Error returning borrowed license.'),(0,-123,0,'Returning a borrowed license early is not supported.  Contact the publisher for further details.'),(0,-122,0,'Unable to delete local borrow info.'),(0,-121,0,'FLOAT_OK requires exactly one FLEXID hostid.'),(0,-120,0,'Cannot lmdown the server when licenses are borrowed.'),(0,-119,0,'lmdown and lmreread must be run on license server.'),(0,-118,0,'BORROW period expired.'),(0,-117,0,'BORROW failed.'),(0,-116,0,'TRL not supported for this platform.'),(0,-115,0,'Error in Public Key package.'),(0,-114,0,'SIGN= keyword required, but missing from license certificate. You need to obtain a SIGN= version of this license from your publisher.'),(0,-112,0,'Missing dongle driver.  In order to read the FLEXID hostid, the correct driver must be installed. These drivers are available from your software publisher.'),(0,-110,0,'Cannot read dongle: check dongle or driver.  Either the dongle is unattached, or the necessary software driver for this dongle type is not installed.'),(0,-107,0,'Cannot borrow a PACKAGE component.'),(0,-106,0,'License server system out of network connections.  The vendor daemon can\'t handle any more users. See the debug log for further information.'),(0,-105,0,'Feature already returned to license server.'),(0,-104,0,'Cannot borrow that long.'),(0,-103,0,'Terminal Server remote client not allowed.'),(0,-102,0,'A FLEXID borrow error occurred.'),(0,-101,0,'All licenses are reserved for others.  The system administrator has reserved all the licenses for others. Reservations are made in the options file. The server must be restarted for options file changes to take effect.'),(0,-100,0,'Cannot remove a linger license.'),(0,-99,0,'The decimal format license is typed incorrectly.'),(0,-98,0,'This FEATURE line cannot be converted to decimal format.'),(0,-97,0,'The desired vendor daemon is down. 1) Check the lmadmin or lmgrd log file, or 2) Try lmreread.'),(0,-96,0,'License server machine is down or not responding. See the system administrator about starting the server, or make sure that you are referring to the right host (see LM_LICENSE_FILE environment variable).'),(0,-95,0,'Network connect to THIS_HOST failed. Change this_host on the SERVER line in the license file to the actual host name.'),(0,-94,0,'Attempt to generate license with incompatible attributes.'),(0,-93,0,'This feature is available in a different license pool. This is a warning condition. The server has pooled one or more INCREMENT lines into a single pool, and the request was made on an INCREMENT line that has been pooled.'),(0,-92,0,'Feature removed during lmreread, or wrong SERVER line hostid.'),(0,-91,0,'Encryption seeds are non-unique.'),(0,-90,0,'Future license file format or misspelling in license file. The file was issued for a later version of FlexNet Licensing than this program understands.'),(0,-89,0,'This platform not authorized by license.'),(0,-88,0,'System clock has been set back.'),(0,-87,0,'Checkout exceeds MAX specified in options file.'),(0,-85,0,'License server system doesnot support this request.'),(0,-84,0,'USER_BASED license has no specified users; see license server system log.'),(0,-83,0,'FlexNet Licensing version of client newer than server.'),(0,-82,0,'Invalid PACKAGE line in license file.'),(0,-78,0,'FLEXadmin API functions not available.'),(0,-77,0,'Bad version number must be floating-point number with no letters.'),(0,-76,0,'Internal FlexNet Licensing error. Please report error to Flexera.'),(0,-75,0,'SYS$SETIMR call failed (VMS). Indicates and error due to an operating system failure.'),(0,-74,0,'Attempt to read beyond end of license file path.'),(0,-73,0,'Local checkout filter rejected request.'),(0,-72,0,'Old VENDORCODE(3-word) struct type passed to lc_new_job() or lc_init().'),(0,-71,0,'Invalid TZ environment variable.'),(0,-69,0,'FLOAT_OK cannot run standalone on license server system.'),(0,-68,0,'License BORROW support not enabled.'),(0,-67,0,'No licenses available to borrow.'),(0,-66,0,'Include file/library mismatch.'),(0,-65,0,'Unknown VENDORCODE struct type passed to lc_new_job or lc_init.'),(0,-64,0,'lmremove request before the minimum lmremove interval.'),(0,-63,0,'You are not a license administrator.'),(0,-62,0,'Network software (TCP/IP) not available.'),(0,-61,0,'Cannot read license file data from license server system.'),(0,-60,0,'License server system message checksum failure.'),(0,-59,0,'Message checksum failure.'),(0,-58,0,'setsockopt() failed.'),(0,-57,0,'socket call failed.'),(0,-56,0,'Cannot compute FEATURESET data from license file.'),(0,-55,0,'Incorrect FEATURESET line in license file.'),(0,-54,0,'No FEATURESET line in license file.'),(0,-53,0,'Checkout request rejected by vendor-defined checkout filter.'),(0,-52,0,'Vendor daemon did not respond within timeout interval.'),(0,-51,0,'Not initialized.'),(0,-50,0,'Key data has expired.'),(0,-49,0,'Date invalid for binary format.'),(0,-48,0,'Platform not enabled.'),(0,-47,0,'Clock setting check not available in vendor daemon.'),(0,-45,0,'Function not available in this version.'),(0,-44,0,'Invalid key data supplied.'),(0,-43,0,'No key data supplied in call to lc_new_job or lc_init.'),(0,-42,0,'Invalid parameter.'),(0,-41,0,'Feature was never checked out.'),(0,-40,0,'Cannot allocate dynamic memory.'),(0,-39,0,'User/host not on INCLUDE list for feature.'),(0,-38,0,'User/host on EXCLUDE list for feature.'),(0,-37,0,'Duplicate selection mismatch for this feature. Obsolete with version 8.0 or later vendor daemon.'),(0,-36,0,'Feature database corrupted in vendor daemon.'),(0,-35,0,'In the queue for this feature.'),(0,-34,0,'Clock difference too large between client and license server system.'),(0,-33,0,'Bad encryption handshake with vendor daemon.'),(0,-32,0,'No such attribute.'),(0,-31,0,'Feature start date is in the future.'),(0,-30,0,'Cannot read license file.'),(0,-29,0,'Cannot find ethernet device.'),(0,-26,0,'Request for more licenses than this feature supports.'),(0,-25,0,'License server system does not support this version of this feature.'),(0,-24,0,'Users are queued for this feature.'),(0,-23,0,'License server system temporarily busy (new server connecting).'),(0,-22,0,'Feature checkin failure detected at license server system.'),(0,-21,0,'License file does not support this version.'),(0,-20,0,'License server system busy (no majority).'),(0,-19,0,'Error in select system call.'),(0,-18,0,'License server system does not support this feature.'),(0,-17,0,'Cannot write data to license server system.'),(0,-16,0,'Cannot read data from license server system.'),(0,-15,0,'Cannot connect to license server system. The server (lmadmin or lmgrd) has not been started yet, or the wrong port@host or license file is being used, or the TCP/IP port or host name in the license file has been changed. Windows XP SP2 platforms have a limit on the number of TCP/IP connection attempts per second that can be made, which your application may have exceeded. Refer to the manufacturer\'s documentation on how to change this limit.'),(0,-14,0,'Cannot find SERVER host name in network database. The lookup for the host name on the SERVER line in the license file failed. This often happens when NIS or DNS or the hosts file is incorrect. Work around: Use IP address (for example, 123.456.789.123) instead of host name.'),(0,-13,0,'No SERVER lines in license file.'),(0,-12,0,'Invalid returned data from license server system.'),(0,-11,0,'Invalid date format in license file.'),(0,-10,0,'Feature has expired.'),(0,-9,0,'Invalid host.  The hostid of this system does not match the hostid specified in the license file.'),(0,-8,0,'Invalid (inconsistent) license key or signature.  The license key/signature and data for the feature do not match. This usually happens when a license file has been altered.'),(0,-7,0,'No socket connection to license server manager service.'),(0,-6,0,'No TCP/IP port number in license file, and FlexNet Licensing Service does not exist. (pre-v6 only)'),(0,-5,0,'No such feature exists.'),(0,-4,0,'Licensed number of users already reached.'),(0,-3,0,'No license server system for this feature.'),(0,-2,0,'Invalid license file syntax.'),(0,-1,0,'Cannot find license file.'),(0,1,0,'Unable to find activation library.'),(0,2,0,'Unable to load activation library.'),(0,3,0,'Unsupported version of the operating system.'),(0,4,0,'Initialization failed.'),(0,5,0,'Unable to allocate resources.'),(0,6,0,'Activation utility has not been processed using the preptool, or the activation library for the activation utility cannot be found.'),(0,7,0,'A call to lc_flexinit is not allowed after a call to lc_flexinit_cleanup.'),(0,8,0,'Path string not specified in UTF-8 format.'),(0,9,0,'Error creating URL.'),(0,10,0,'Error creating path from URL.'),(0,11,0,'Framework specified by bundle ID was not loaded.'),(0,12,0,'Invalid bundle ID on OS X operating system.'),(0,13,0,'Computed path to required file is too long for OS X operating system.'),(0,20,0,'FlexNet Licensing Service is not installed.'),(0,21,0,'lc_flexinit failed because there were insufficient rights to start the FlexNet Licensing Service. Resolve this by setting the service to start automatically.'),(0,22,0,'Service configuration or dependency issue. See event log for Windows error code.'),(0,23,0,'Attempt to access server trusted storage from client app, or vice-versa.'),(0,24,0,'Insufficient privilege to complete initialization.'),(9,1,0,'The lmstat is not found, check the exist of the file under the Collector File Path.'),(9,2,0,'The lmstat is not executable, check the permission of the file under the Collector File Path.');
/*!40000 ALTER TABLE `lic_errorcode_maps` ENABLE KEYS */;
UNLOCK TABLES;

--
-- Table structure for table `lic_flexlm_log`
--

DROP TABLE IF EXISTS `lic_flexlm_log`;
/*!40101 SET @saved_cs_client     = @@character_set_client */;
/*!40101 SET character_set_client = utf8 */;
CREATE TABLE `lic_flexlm_log` (
  `id` int(10) unsigned NOT NULL AUTO_INCREMENT,
  `portatserver` int(10) NOT NULL,
  `vendor_daemon` varchar(100) NOT NULL,
  `feature` varchar(50) NOT NULL,
  `action` varchar(50) NOT NULL,
  `no_of_license_out_in` int(10) NOT NULL DEFAULT 1,
  `user` varchar(200) NOT NULL,
  `host` varchar(200) NOT NULL,
  `reasons` text NOT NULL,
  `datetime` timestamp NOT NULL DEFAULT '0000-00-00 00:00:00',
  PRIMARY KEY (`id`)
) ENGINE=InnoDB DEFAULT CHARSET=latin1;
/*!40101 SET character_set_client = @saved_cs_client */;

--
-- Table structure for table `lic_interval_stats`
--

DROP TABLE IF EXISTS `lic_interval_stats`;
/*!40101 SET @saved_cs_client     = @@character_set_client */;
/*!40101 SET character_set_client = utf8 */;
CREATE TABLE `lic_interval_stats` (
  `seq` bigint(20) unsigned NOT NULL AUTO_INCREMENT,
  `service_id` int(10) unsigned NOT NULL DEFAULT 0,
  `feature` varchar(50) NOT NULL DEFAULT '',
  `user` varchar(60) NOT NULL DEFAULT '',
  `host` varchar(64) NOT NULL DEFAULT '',
  `action` varchar(20) NOT NULL DEFAULT '',
  `count` int(10) unsigned NOT NULL DEFAULT 0,
  `total_license_count` int(10) unsigned NOT NULL DEFAULT 0,
  `utilization` float NOT NULL DEFAULT 0,
  `vendor` varchar(20) NOT NULL DEFAULT '0',
  `duration` int(10) unsigned NOT NULL DEFAULT 0,
  `interval_end` timestamp NOT NULL DEFAULT '0000-00-00 00:00:00',
  `date_recorded` timestamp NOT NULL DEFAULT '0000-00-00 00:00:00',
  `event_id` int(10) unsigned NOT NULL DEFAULT 0,
  PRIMARY KEY (`seq`),
  KEY `feature` (`feature`),
  KEY `interval_end` (`interval_end`),
  KEY `user` (`user`),
  KEY `host` (`host`),
  KEY `vendor` (`vendor`),
  KEY `event_id` (`event_id`),
  KEY `action_ut` (`action`,`utilization`)
) ENGINE=InnoDB DEFAULT CHARSET=latin1;
/*!40101 SET character_set_client = @saved_cs_client */;

--
-- Table structure for table `lic_ip_ranges`
--

DROP TABLE IF EXISTS `lic_ip_ranges`;
/*!40101 SET @saved_cs_client     = @@character_set_client */;
/*!40101 SET character_set_client = utf8 */;
CREATE TABLE `lic_ip_ranges` (
  `ip_range` varchar(16) NOT NULL,
  `hostname` varchar(64) NOT NULL,
  `ip_address` varchar(16) NOT NULL,
  `present` tinyint(3) unsigned NOT NULL DEFAULT 1,
  PRIMARY KEY (`ip_range`,`hostname`)
) ENGINE=MyISAM DEFAULT CHARSET=latin1 COMMENT='Stores IP range and host membership from DNS';
/*!40101 SET character_set_client = @saved_cs_client */;

--
-- Table structure for table `lic_ldap_groups`
--

DROP TABLE IF EXISTS `lic_ldap_groups`;
/*!40101 SET @saved_cs_client     = @@character_set_client */;
/*!40101 SET character_set_client = utf8 */;
CREATE TABLE `lic_ldap_groups` (
  `group` varchar(60) NOT NULL,
  `user` varchar(60) NOT NULL,
  `present` tinyint(3) unsigned NOT NULL DEFAULT 1,
  PRIMARY KEY (`group`,`user`)
) ENGINE=MyISAM DEFAULT CHARSET=latin1 COMMENT='Stores LDAP Group Information';
/*!40101 SET character_set_client = @saved_cs_client */;

--
-- Table structure for table `lic_ldap_to_flex_groups`
--

DROP TABLE IF EXISTS `lic_ldap_to_flex_groups`;
/*!40101 SET @saved_cs_client     = @@character_set_client */;
/*!40101 SET character_set_client = utf8 */;
CREATE TABLE `lic_ldap_to_flex_groups` (
  `ldap_group` varchar(40) NOT NULL,
  `flex_group` varchar(40) NOT NULL,
  `present` tinyint(3) unsigned NOT NULL DEFAULT 1,
  PRIMARY KEY (`ldap_group`,`flex_group`)
) ENGINE=MyISAM DEFAULT CHARSET=latin1 COMMENT='A Mapping Table of LDAP Groups to FLEXlm Group';
/*!40101 SET character_set_client = @saved_cs_client */;

--
-- Table structure for table `lic_managers`
--

DROP TABLE IF EXISTS `lic_managers`;
/*!40101 SET @saved_cs_client     = @@character_set_client */;
/*!40101 SET character_set_client = utf8 */;
CREATE TABLE `lic_managers` (
  `id` smallint(10) unsigned NOT NULL AUTO_INCREMENT,
  `hash` char(32) NOT NULL,
  `name` varchar(20) NOT NULL,
  `description` varchar(127) NOT NULL,
  `type` tinyint(3) NOT NULL DEFAULT 0 COMMENT '0: default, 1: json',
  `logparser_binary` varchar(127) NOT NULL,
  `collector_binary` varchar(127) NOT NULL,
  `lm_client` varchar(127) NOT NULL,
  `lm_client_arg1` varchar(127) NOT NULL,
  `failover_hosts` tinyint(3) unsigned DEFAULT 1,
  `disabled` tinyint(3) NOT NULL DEFAULT 0,
  PRIMARY KEY (`id`)
) ENGINE=InnoDB DEFAULT CHARSET=latin1;
/*!40101 SET character_set_client = @saved_cs_client */;

--
-- Dumping data for table `lic_managers`
--

LOCK TABLES `lic_managers` WRITE;
/*!40000 ALTER TABLE `lic_managers` DISABLE KEYS */;
INSERT INTO `lic_managers` VALUES (1,'9190583ab345af80da86efd5d683eb72','FLEXlm','Flexera License Manager',0,'','licflexpoller','lmstat','',3,0),(2,'db3168fc7be049ea84efe3cebd189cf0','LUM','LUM License Manager',0,'','liclumpoller','i4blt','',3,1),(3,'33fb6598074464bc113893507c623ee0','RLM','Reprise License Manager',0,'','liclmpoller','rlmstat','',2,0);
/*!40000 ALTER TABLE `lic_managers` ENABLE KEYS */;
UNLOCK TABLES;

--
-- Table structure for table `lic_pollers`
--

DROP TABLE IF EXISTS `lic_pollers`;
/*!40101 SET @saved_cs_client     = @@character_set_client */;
/*!40101 SET character_set_client = utf8 */;
CREATE TABLE `lic_pollers` (
  `id` int(10) unsigned NOT NULL AUTO_INCREMENT,
  `poller_path` varchar(100) NOT NULL,
  `client_path` varchar(100) NOT NULL,
  `poller_description` varchar(100) NOT NULL,
  `poller_hostname` varchar(64) NOT NULL,
  `poller_exechost` varchar(64) NOT NULL DEFAULT '',
  `poller_type` smallint(3) NOT NULL DEFAULT 0,
  PRIMARY KEY (`id`)
) ENGINE=InnoDB DEFAULT CHARSET=latin1;
/*!40101 SET character_set_client = @saved_cs_client */;

--
-- Dumping data for table `lic_pollers`
--

LOCK TABLES `lic_pollers` WRITE;
/*!40000 ALTER TABLE `lic_pollers` DISABLE KEYS */;
INSERT INTO `lic_pollers` VALUES (1,'/var/www/html/rtm/lic/bin','/var/www/html/flexlm/bin/','FLEXlm poller','local','',1),(2,'/var/www/html/rtm/lic/bin','/var/www/html/rlm/bin/','RLM poller','local','',3);
/*!40000 ALTER TABLE `lic_pollers` ENABLE KEYS */;
UNLOCK TABLES;

--
-- Table structure for table `lic_servers`
--

DROP TABLE IF EXISTS `lic_servers`;
/*!40101 SET @saved_cs_client     = @@character_set_client */;
/*!40101 SET character_set_client = utf8 */;
CREATE TABLE `lic_servers` (
  `service_id` int(10) unsigned NOT NULL DEFAULT 0,
  `name` varchar(64) NOT NULL DEFAULT '',
  `status` varchar(20) NOT NULL DEFAULT '',
  `type` varchar(50) NOT NULL DEFAULT '',
  `version` varchar(20) NOT NULL DEFAULT '',
  `errorno` int(10) NOT NULL DEFAULT 0,
  `present` tinyint(3) unsigned NOT NULL DEFAULT 0,
  PRIMARY KEY (`service_id`,`name`),
  KEY `name` (`name`)
) ENGINE=MEMORY DEFAULT CHARSET=latin1;
/*!40101 SET character_set_client = @saved_cs_client */;

--
-- Table structure for table `lic_services`
--

DROP TABLE IF EXISTS `lic_services`;
/*!40101 SET @saved_cs_client     = @@character_set_client */;
/*!40101 SET character_set_client = utf8 */;
CREATE TABLE `lic_services` (
  `service_id` int(10) unsigned NOT NULL AUTO_INCREMENT,
  `poller_interval` int(10) unsigned NOT NULL DEFAULT 300,
  `poller_date` timestamp NOT NULL DEFAULT '0000-00-00 00:00:00',
  `poller_id` int(10) unsigned NOT NULL,
  `poller_trigger` int(10) NOT NULL DEFAULT 0,
  `server_portatserver` varchar(512) NOT NULL DEFAULT '',
  `server_timezone` varchar(64) NOT NULL,
  `server_name` varchar(256) NOT NULL DEFAULT '',
  `server_vendor` varchar(60) NOT NULL DEFAULT '',
  `server_licensetype` varchar(20) DEFAULT NULL,
  `server_licensefile` varchar(255) NOT NULL DEFAULT '',
  `server_department` varchar(45) DEFAULT NULL,
  `server_location` varchar(100) NOT NULL DEFAULT '',
  `server_region` varchar(100) NOT NULL DEFAULT '',
  `server_support_info` varchar(255) NOT NULL DEFAULT '',
  `enable_checkouts` varchar(20) NOT NULL DEFAULT '',
  `timeout` int(10) unsigned NOT NULL DEFAULT 1,
  `errorno` int(10) NOT NULL DEFAULT 0,
  `disabled` varchar(2) NOT NULL DEFAULT '',
  `options_path` varchar(2048) NOT NULL DEFAULT '',
  `retries` int(10) unsigned NOT NULL DEFAULT 3,
  `status` int(10) unsigned NOT NULL DEFAULT 0,
  `status_event_count` int(10) unsigned NOT NULL DEFAULT 0,
  `cur_time` decimal(10,5) NOT NULL DEFAULT 0.00000,
  `min_time` decimal(10,5) NOT NULL DEFAULT 0.00000,
  `max_time` decimal(10,5) NOT NULL DEFAULT 0.00000,
  `avg_time` decimal(10,5) NOT NULL DEFAULT 0.00000,
  `total_polls` int(10) unsigned NOT NULL DEFAULT 0,
  `failed_polls` int(10) unsigned NOT NULL DEFAULT 0,
  `status_fail_date` timestamp NOT NULL DEFAULT '0000-00-00 00:00:00',
  `status_rec_date` timestamp NOT NULL DEFAULT '0000-00-00 00:00:00',
  `availability` decimal(8,5) NOT NULL DEFAULT 0.00000,
  `server_subisv` varchar(40) NOT NULL DEFAULT '',
  `file_path` varchar(255) NOT NULL DEFAULT '',
  `prefix` varchar(255) NOT NULL DEFAULT '',
  PRIMARY KEY (`service_id`),
  KEY `server_location` (`server_location`),
  KEY `server_region` (`server_region`)
) ENGINE=InnoDB DEFAULT CHARSET=latin1;
/*!40101 SET character_set_client = @saved_cs_client */;

--
-- Table structure for table `lic_services_feature`
--

DROP TABLE IF EXISTS `lic_services_feature`;
/*!40101 SET @saved_cs_client     = @@character_set_client */;
/*!40101 SET character_set_client = utf8 */;
CREATE TABLE `lic_services_feature` (
  `service_id` int(10) unsigned NOT NULL DEFAULT 0,
  `feature_name` varchar(50) NOT NULL DEFAULT '',
  `feature_version` varchar(20) NOT NULL DEFAULT '',
  `feature_number_to_expire` int(10) unsigned NOT NULL DEFAULT 0,
  `total_reserved_token` int(10) unsigned NOT NULL DEFAULT 0,
  `feature_expiration_date` timestamp NOT NULL DEFAULT '0000-00-00 00:00:00',
  `vendor_daemon` varchar(45) NOT NULL DEFAULT '',
  `present` tinyint(3) unsigned NOT NULL DEFAULT 0,
  PRIMARY KEY (`service_id`,`feature_name`,`feature_version`,`vendor_daemon`,`feature_expiration_date`) USING HASH,
  KEY `feature_name` (`feature_name`),
  KEY `feature_version` (`feature_version`),
  KEY `vendor_daemon` (`vendor_daemon`)
) ENGINE=InnoDB DEFAULT CHARSET=latin1;
/*!40101 SET character_set_client = @saved_cs_client */;

--
-- Table structure for table `lic_services_feature_details`
--

DROP TABLE IF EXISTS `lic_services_feature_details`;
/*!40101 SET @saved_cs_client     = @@character_set_client */;
/*!40101 SET character_set_client = utf8 */;
CREATE TABLE `lic_services_feature_details` (
  `service_id` int(10) unsigned NOT NULL DEFAULT 0,
  `vendor_daemon` varchar(40) NOT NULL DEFAULT '',
  `feature_name` varchar(50) NOT NULL DEFAULT '0',
  `subfeature` varchar(50) NOT NULL DEFAULT '',
  `feature_version` varchar(50) NOT NULL DEFAULT '',
  `username` varchar(60) NOT NULL DEFAULT '',
  `groupname` varchar(60) NOT NULL DEFAULT '',
  `hostname` varchar(64) NOT NULL DEFAULT '',
  `chkoutid` varchar(20) NOT NULL DEFAULT '',
  `restype` int(10) unsigned NOT NULL DEFAULT 0,
  `status` varchar(20) NOT NULL DEFAULT '',
  `tokens_acquired` int(10) unsigned NOT NULL DEFAULT 0,
  `tokens_acquired_date` timestamp NOT NULL DEFAULT '0000-00-00 00:00:00',
  `last_updated` timestamp NOT NULL DEFAULT current_timestamp() ON UPDATE current_timestamp(),
  `present` tinyint(1) NOT NULL DEFAULT 1,
  PRIMARY KEY (`service_id`,`vendor_daemon`,`feature_name`,`username`,`groupname`,`hostname`,`chkoutid`,`restype`,`status`,`tokens_acquired_date`),
  KEY `idx_vendor_daemon` (`vendor_daemon`),
  KEY `idx_feature_name` (`feature_name`),
  KEY `idx_username` (`username`),
  KEY `idx_hostname` (`hostname`),
  KEY `idx_status` (`status`)
) ENGINE=InnoDB DEFAULT CHARSET=latin1;
/*!40101 SET character_set_client = @saved_cs_client */;

--
-- Table structure for table `lic_services_feature_history`
--

DROP TABLE IF EXISTS `lic_services_feature_history`;
/*!40101 SET @saved_cs_client     = @@character_set_client */;
/*!40101 SET character_set_client = utf8 */;
CREATE TABLE `lic_services_feature_history` (
  `id` bigint(20) NOT NULL AUTO_INCREMENT,
  `service_id` int(10) unsigned NOT NULL DEFAULT 0,
  `vendor_daemon` varchar(40) NOT NULL DEFAULT '',
  `feature_name` varchar(50) NOT NULL DEFAULT '0',
  `subfeature` varchar(50) NOT NULL DEFAULT '',
  `feature_version` varchar(50) NOT NULL DEFAULT '',
  `username` varchar(60) NOT NULL DEFAULT '',
  `groupname` varchar(50) NOT NULL DEFAULT '',
  `hostname` varchar(64) NOT NULL DEFAULT '',
  `chkoutid` varchar(20) NOT NULL DEFAULT '',
  `restype` int(10) unsigned NOT NULL DEFAULT 0,
  `status` varchar(20) NOT NULL DEFAULT '',
  `tokens_acquired` int(10) unsigned NOT NULL DEFAULT 0,
  `tokens_acquired_date` timestamp NOT NULL DEFAULT '0000-00-00 00:00:00',
  `last_poll_time` timestamp NOT NULL DEFAULT '0000-00-00 00:00:00',
  `tokens_released_date` timestamp NOT NULL DEFAULT current_timestamp(),
  PRIMARY KEY (`id`),
  KEY `idx_vendor_daemon` (`vendor_daemon`),
  KEY `idx_feature_name` (`feature_name`),
  KEY `idx_username` (`username`),
  KEY `idx_hostname` (`hostname`),
  KEY `idx_status` (`status`)
) ENGINE=InnoDB;
/*!40101 SET character_set_client = @saved_cs_client */;

--
-- Table structure for table `lic_services_feature_history_mapping`
--

DROP TABLE IF EXISTS `lic_services_feature_history_mapping`;
/*!40101 SET @saved_cs_client     = @@character_set_client */;
/*!40101 SET character_set_client = utf8 */;
CREATE TABLE `lic_services_feature_history_mapping` (
  `id` bigint(20) unsigned NOT NULL AUTO_INCREMENT,
  `jobid` bigint(20) unsigned NOT NULL,
  `indexid` int(10) NOT NULL,
  `clusterid` int(10) NOT NULL,
  `submit_time` timestamp NOT NULL DEFAULT '0000-00-00 00:00:00',
  `exec_host` varchar(64) DEFAULT NULL,
  `history_event_id` int(15) DEFAULT NULL,
  `tokens_released_date` timestamp NOT NULL DEFAULT '0000-00-00 00:00:00',
  PRIMARY KEY (`id`),
  UNIQUE KEY `idx_jobid` (`jobid`,`indexid`,`clusterid`,`submit_time`,`history_event_id`),
  KEY `idx_event_id` (`history_event_id`)
) ENGINE=InnoDB;
/*!40101 SET character_set_client = @saved_cs_client */;

--
-- Table structure for table `lic_services_feature_use`
--

DROP TABLE IF EXISTS `lic_services_feature_use`;
/*!40101 SET @saved_cs_client     = @@character_set_client */;
/*!40101 SET character_set_client = utf8 */;
CREATE TABLE `lic_services_feature_use` (
  `service_id` int(10) unsigned NOT NULL DEFAULT 0,
  `feature_name` varchar(50) NOT NULL DEFAULT '',
  `feature_max_licenses` int(10) unsigned NOT NULL DEFAULT 0,
  `feature_inuse_licenses` int(10) unsigned NOT NULL DEFAULT 0,
  `feature_queued` int(10) unsigned NOT NULL DEFAULT 0,
  `feature_reserved` int(10) unsigned NOT NULL DEFAULT 0,
  `vendor_daemon` varchar(45) NOT NULL DEFAULT 'TBD',
  `present` tinyint(1) NOT NULL DEFAULT 1,
  `vendor_status` varchar(10) NOT NULL DEFAULT '',
  `vendor_version` varchar(30) NOT NULL DEFAULT '',
  `status` varchar(29) NOT NULL DEFAULT '',
  PRIMARY KEY (`feature_name`,`service_id`),
  KEY `service_id` (`service_id`),
  KEY `vendor_daemon` (`vendor_daemon`),
  KEY `feature_queued` (`feature_queued`),
  KEY `feature_reserved` (`feature_reserved`)
) ENGINE=InnoDB DEFAULT CHARSET=latin1;
/*!40101 SET character_set_client = @saved_cs_client */;

--
-- Table structure for table `lic_services_options_feature`
--

DROP TABLE IF EXISTS `lic_services_options_feature`;
/*!40101 SET @saved_cs_client     = @@character_set_client */;
/*!40101 SET character_set_client = utf8 */;
CREATE TABLE `lic_services_options_feature` (
  `service_id` int(10) unsigned NOT NULL DEFAULT 0,
  `feature` varchar(50) NOT NULL DEFAULT '',
  `keyword` varchar(60) NOT NULL,
  `borrow_lowwater` int(10) unsigned DEFAULT NULL,
  `linger` int(10) unsigned DEFAULT NULL,
  `max_borrow_hours` int(10) unsigned DEFAULT NULL,
  `max_overdraft` int(10) unsigned DEFAULT NULL,
  `timeout` int(10) unsigned DEFAULT NULL,
  `present` tinyint(3) unsigned NOT NULL DEFAULT 0,
  PRIMARY KEY (`service_id`,`feature`,`keyword`)
) ENGINE=MyISAM DEFAULT CHARSET=latin1 COMMENT='Includes Feature Options';
/*!40101 SET character_set_client = @saved_cs_client */;

--
-- Table structure for table `lic_services_options_feature_type`
--

DROP TABLE IF EXISTS `lic_services_options_feature_type`;
/*!40101 SET @saved_cs_client     = @@character_set_client */;
/*!40101 SET character_set_client = utf8 */;
CREATE TABLE `lic_services_options_feature_type` (
  `service_id` int(10) unsigned NOT NULL DEFAULT 0,
  `feature` varchar(50) NOT NULL DEFAULT '',
  `keyword` varchar(60) NOT NULL,
  `variable` varchar(20) NOT NULL DEFAULT '',
  `otype` varchar(20) NOT NULL DEFAULT '',
  `name` varchar(40) NOT NULL DEFAULT '',
  `notes` varchar(255) DEFAULT NULL,
  `present` tinyint(3) unsigned NOT NULL DEFAULT 0,
  PRIMARY KEY (`service_id`,`feature`,`variable`,`otype`,`name`,`keyword`)
) ENGINE=MyISAM DEFAULT CHARSET=latin1 COMMENT='Per Feature/Type Options';
/*!40101 SET character_set_client = @saved_cs_client */;

--
-- Table structure for table `lic_services_options_global`
--

DROP TABLE IF EXISTS `lic_services_options_global`;
/*!40101 SET @saved_cs_client     = @@character_set_client */;
/*!40101 SET character_set_client = utf8 */;
CREATE TABLE `lic_services_options_global` (
  `service_id` int(10) unsigned NOT NULL DEFAULT 0,
  `options_path` varchar(255) NOT NULL DEFAULT '',
  `debug_path` varchar(255) DEFAULT NULL,
  `report_path` varchar(255) DEFAULT NULL,
  `nolog_in` int(10) unsigned DEFAULT NULL,
  `nolog_out` int(10) unsigned DEFAULT NULL,
  `nolog_denied` int(10) unsigned DEFAULT NULL,
  `nolog_queued` int(10) unsigned DEFAULT NULL,
  `timeoutall` int(10) unsigned DEFAULT NULL,
  `groupcaseinsens` int(10) unsigned DEFAULT NULL,
  `present` tinyint(4) DEFAULT 1,
  PRIMARY KEY (`service_id`,`options_path`(191))
) ENGINE=MyISAM DEFAULT CHARSET=latin1 COMMENT='Contains Per Options File Global Settings';
/*!40101 SET character_set_client = @saved_cs_client */;

--
-- Table structure for table `lic_services_options_host_groups`
--

DROP TABLE IF EXISTS `lic_services_options_host_groups`;
/*!40101 SET @saved_cs_client     = @@character_set_client */;
/*!40101 SET character_set_client = utf8 */;
CREATE TABLE `lic_services_options_host_groups` (
  `service_id` int(10) unsigned NOT NULL DEFAULT 0,
  `group` varchar(64) NOT NULL DEFAULT '',
  `host` varchar(64) NOT NULL DEFAULT '',
  `present` tinyint(3) unsigned NOT NULL DEFAULT 0,
  PRIMARY KEY (`service_id`,`group`,`host`),
  KEY `group` (`group`),
  KEY `host` (`host`)
) ENGINE=MyISAM DEFAULT CHARSET=latin1 COMMENT='Shows Host Group in FLEXlm';
/*!40101 SET character_set_client = @saved_cs_client */;

--
-- Table structure for table `lic_services_options_incexcl_all`
--

DROP TABLE IF EXISTS `lic_services_options_incexcl_all`;
/*!40101 SET @saved_cs_client     = @@character_set_client */;
/*!40101 SET character_set_client = utf8 */;
CREATE TABLE `lic_services_options_incexcl_all` (
  `service_id` int(10) unsigned NOT NULL DEFAULT 0,
  `incexcl` varchar(12) NOT NULL DEFAULT '',
  `otype` varchar(20) NOT NULL DEFAULT '',
  `name` varchar(40) NOT NULL DEFAULT '',
  `notes` varchar(255) DEFAULT NULL,
  `present` tinyint(3) unsigned NOT NULL DEFAULT 0,
  PRIMARY KEY (`service_id`,`incexcl`,`otype`,`name`),
  KEY `incexcl` (`incexcl`),
  KEY `otype` (`otype`),
  KEY `name` (`name`)
) ENGINE=MyISAM DEFAULT CHARSET=latin1;
/*!40101 SET character_set_client = @saved_cs_client */;

--
-- Table structure for table `lic_services_options_max`
--

DROP TABLE IF EXISTS `lic_services_options_max`;
/*!40101 SET @saved_cs_client     = @@character_set_client */;
/*!40101 SET character_set_client = utf8 */;
CREATE TABLE `lic_services_options_max` (
  `service_id` int(10) unsigned NOT NULL DEFAULT 0,
  `num_lic` int(10) unsigned NOT NULL DEFAULT 0,
  `feature` varchar(50) NOT NULL DEFAULT '',
  `keyword` varchar(60) NOT NULL,
  `otype` varchar(10) NOT NULL DEFAULT '',
  `name` varchar(40) NOT NULL DEFAULT '',
  `notes` varchar(255) DEFAULT NULL,
  `present` tinyint(3) unsigned NOT NULL DEFAULT 0,
  PRIMARY KEY (`service_id`,`feature`,`otype`,`name`,`keyword`),
  KEY `feature` (`feature`),
  KEY `name` (`name`),
  KEY `otype_name` (`otype`,`name`)
) ENGINE=MyISAM DEFAULT CHARSET=latin1;
/*!40101 SET character_set_client = @saved_cs_client */;

--
-- Table structure for table `lic_services_options_reserve`
--

DROP TABLE IF EXISTS `lic_services_options_reserve`;
/*!40101 SET @saved_cs_client     = @@character_set_client */;
/*!40101 SET character_set_client = utf8 */;
CREATE TABLE `lic_services_options_reserve` (
  `service_id` int(10) unsigned NOT NULL DEFAULT 0,
  `num_lic` int(10) unsigned NOT NULL DEFAULT 0,
  `feature` varchar(50) NOT NULL DEFAULT '',
  `keyword` varchar(60) NOT NULL,
  `otype` varchar(10) NOT NULL DEFAULT '',
  `name` varchar(40) NOT NULL DEFAULT '',
  `notes` varchar(255) DEFAULT NULL,
  `present` tinyint(3) unsigned NOT NULL DEFAULT 0,
  PRIMARY KEY (`service_id`,`feature`,`otype`,`name`,`keyword`),
  KEY `feature` (`feature`),
  KEY `name` (`name`),
  KEY `otype` (`otype`)
) ENGINE=MyISAM DEFAULT CHARSET=latin1;
/*!40101 SET character_set_client = @saved_cs_client */;

--
-- Table structure for table `lic_services_options_user_groups`
--

DROP TABLE IF EXISTS `lic_services_options_user_groups`;
/*!40101 SET @saved_cs_client     = @@character_set_client */;
/*!40101 SET character_set_client = utf8 */;
CREATE TABLE `lic_services_options_user_groups` (
  `service_id` int(10) unsigned NOT NULL DEFAULT 0,
  `group` varchar(64) NOT NULL DEFAULT '',
  `user` varchar(60) NOT NULL DEFAULT '',
  `present` tinyint(3) unsigned NOT NULL DEFAULT 0,
  PRIMARY KEY (`service_id`,`group`,`user`),
  KEY `group` (`group`),
  KEY `user` (`user`)
) ENGINE=MyISAM DEFAULT CHARSET=latin1;
/*!40101 SET character_set_client = @saved_cs_client */;

--
-- Table structure for table `lic_settings`
--

DROP TABLE IF EXISTS `lic_settings`;
/*!40101 SET @saved_cs_client     = @@character_set_client */;
/*!40101 SET character_set_client = utf8 */;
CREATE TABLE `lic_settings` (
  `user_id` smallint(8) unsigned NOT NULL DEFAULT 0,
  `name` varchar(50) NOT NULL DEFAULT '',
  `value` varchar(1024) NOT NULL DEFAULT '',
  PRIMARY KEY (`user_id`,`name`)
) ENGINE=MyISAM;
/*!40101 SET character_set_client = @saved_cs_client */;

--
-- Table structure for table `lic_users_winsp`
--

DROP TABLE IF EXISTS `lic_users_winsp`;
/*!40101 SET @saved_cs_client     = @@character_set_client */;
/*!40101 SET character_set_client = utf8 */;
CREATE TABLE `lic_users_winsp` (
  `user` varchar(60) NOT NULL DEFAULT '',
  PRIMARY KEY (`user`)
) ENGINE=InnoDB DEFAULT CHARSET=latin1;
/*!40101 SET character_set_client = @saved_cs_client */;

--
-- Table structure for table `notification_queue`
--

DROP TABLE IF EXISTS `notification_queue`;
/*!40101 SET @saved_cs_client     = @@character_set_client */;
/*!40101 SET character_set_client = utf8 */;
CREATE TABLE `notification_queue` (
  `id` bigint(20) unsigned NOT NULL AUTO_INCREMENT,
  `notification_list_id` int(10) unsigned NOT NULL DEFAULT 0,
  `topic` varchar(20) NOT NULL DEFAULT '',
  `object_id` int(10) unsigned NOT NULL DEFAULT 0,
  `object_name` varchar(128) NOT NULL DEFAULT '',
  `host_id` int(10) unsigned NOT NULL DEFAULT 0,
  `site_id` int(10) unsigned NOT NULL DEFAULT 0,
  `hostname` varchar(64) NOT NULL DEFAULT '',
  `delay_notify` tinyint(3) unsigned NOT NULL DEFAULT 0,
  `delay_type` varchar(10) NOT NULL DEFAULT '',
  `delay_start` timestamp NOT NULL DEFAULT '0000-00-00 00:00:00',
  `delay_end` timestamp NOT NULL DEFAULT '0000-00-00 00:00:00',
  `delay_clear` tinyint(3) unsigned NOT NULL DEFAULT 0,
  `event_time` timestamp NOT NULL DEFAULT current_timestamp(),
  `event_data` longblob NOT NULL DEFAULT '',
  `error_code` int(10) NOT NULL DEFAULT 0,
  `error_message` varchar(128) NOT NULL DEFAULT '',
  `process_id` int(10) unsigned NOT NULL DEFAULT 0,
  `event_processed` tinyint(3) unsigned NOT NULL DEFAULT 0,
  `event_processed_time` timestamp NOT NULL DEFAULT '0000-00-00 00:00:00',
  `event_processed_runtime` double unsigned NOT NULL DEFAULT 0,
  PRIMARY KEY (`id`),
  KEY `topic_processed` (`topic`,`event_processed`),
  KEY `process_id` (`process_id`),
  KEY `object_id` (`object_id`),
  KEY `host_id` (`host_id`),
  KEY `hostname` (`hostname`)
) ENGINE=InnoDB COMMENT='Holds Transactions to be processed by Thold';
/*!40101 SET character_set_client = @saved_cs_client */;

--
-- Table structure for table `plugin_config`
--

DROP TABLE IF EXISTS `plugin_config`;
/*!40101 SET @saved_cs_client     = @@character_set_client */;
/*!40101 SET character_set_client = utf8 */;
CREATE TABLE `plugin_config` (
  `id` mediumint(8) unsigned NOT NULL AUTO_INCREMENT,
  `directory` varchar(32) NOT NULL DEFAULT '',
  `name` varchar(64) NOT NULL DEFAULT '',
  `status` tinyint(3) unsigned NOT NULL DEFAULT 0,
  `author` varchar(64) NOT NULL DEFAULT '',
  `webpage` varchar(255) NOT NULL DEFAULT '',
  `version` varchar(10) NOT NULL DEFAULT '',
  PRIMARY KEY (`id`),
  KEY `status` (`status`),
  KEY `directory` (`directory`)
) ENGINE=InnoDB;
/*!40101 SET character_set_client = @saved_cs_client */;

--
-- Dumping data for table `plugin_config`
--

LOCK TABLES `plugin_config` WRITE;
/*!40000 ALTER TABLE `plugin_config` DISABLE KEYS */;
INSERT INTO `plugin_config` VALUES
(1,'thold','Thresholds',1,'The Cacti Group','http://www.cacti.net','1.8'),(2,'syslog','Syslog Monitoring',1,'The Cacti Group','http://www.cacti.net','4.1'),(3,'RTM','IBM Spectrum LSF RTM Console',1,'IBM Corporation','http://www.ibm.com','10.2.0.15'),(4,'grid','IBM Spectrum LSF RTM Grid Plugin',1,'IBM Corporation','http://www.ibm.com','10.2.0.15'),(5,'heuristics','IBM Spectrum LSF RTM User Heuristics Dashboard',1,'IBM Corporation','http://www.ibm.com','10.2.0.15'),(6,'gridcstat','IBM Spectrum LSF RTM Cluster Statistics Plugin',1,'IBM Corporation','http://www.ibm.com','10.2.0.14'),(7,'meta','IBM Spectrum LSF RTM MetaData',1,'IBM Corporation','http://www.ibm.com','10.2.0.15'),(8,'gridalarms','IBM Spectrum LSF RTM Alerting Plugin',1,'IBM Corporation','http://www.ibm.com','10.2.0.15'),(9,'license','IBM Spectrum LSF RTM License Monitor',1,'IBM Corporation','http://www.ibm.com','10.2.0.15'),(10,'gridpend','IBM Spectrum LSF RTM Pending Reasons Statistics Plugin',1,'IBM Corporation','http://www.ibm.com','10.2.0.14'),(11,'gridblstat','IBM Spectrum LSF RTM License Scheduler Plugin',1,'IBM Corporation','http://www.ibm.com','10.2.0.15'),(12,'benchmark','IBM Spectrum LSF RTM Benchmark Utilities',1,'IBM Corporation','http://www.ibm.com','10.2.0.15'),(13,'disku','IBM Spectrum LSF RTM Disk Monitoring Plugin',1,'IBM Corporation','http://www.ibm.com','10.2.0.15'),(14,'lichist','IBM Spectrum LSF RTM License Checkout History Viewer',1,'IBM Corporation','http://www.ibm.com','10.2.0.15');
/*!40000 ALTER TABLE `plugin_config` ENABLE KEYS */;
UNLOCK TABLES;

--
-- Table structure for table `plugin_db_changes`
--

DROP TABLE IF EXISTS `plugin_db_changes`;
/*!40101 SET @saved_cs_client     = @@character_set_client */;
/*!40101 SET character_set_client = utf8 */;
CREATE TABLE `plugin_db_changes` (
  `id` mediumint(8) unsigned NOT NULL AUTO_INCREMENT,
  `plugin` varchar(16) NOT NULL DEFAULT '',
  `table` varchar(64) NOT NULL DEFAULT '',
  `column` varchar(64) NOT NULL,
  `method` varchar(16) NOT NULL DEFAULT '',
  PRIMARY KEY (`id`),
  KEY `plugin` (`plugin`),
  KEY `method` (`method`)
) ENGINE=InnoDB;
/*!40101 SET character_set_client = @saved_cs_client */;

--
-- Dumping data for table `plugin_db_changes`
--

LOCK TABLES `plugin_db_changes` WRITE;
/*!40000 ALTER TABLE `plugin_db_changes` DISABLE KEYS */;
INSERT INTO `plugin_db_changes` VALUES (1,'thold','thold_data','','create'),(2,'thold','thold_template','','create'),(3,'thold','plugin_thold_contacts','','create'),(4,'thold','plugin_thold_template_contact','','create'),(5,'thold','plugin_thold_threshold_contact','','create'),(6,'thold','plugin_thold_log','','create'),(7,'thold','plugin_notification_lists','','create'),(8,'thold','host','thold_send_email','addcolumn'),(9,'thold','host','thold_host_email','addcolumn'),(10,'thold','plugin_thold_host_failed','','create'),(11,'thold','plugin_thold_daemon_data','','create'),(12,'thold','plugin_thold_daemon_processes','','create'),(13,'thold','plugin_thold_host_template','','create'),(14,'grid','host','clusterid','addcolumn'),(15,'grid','host','monitor','addcolumn'),(16,'grid','grid_clusters_queue_reportdata','','create'),(17,'grid','grid_clusters_reportdata','','create'),(18,'grid','grid_heuristics','','create'),(19,'grid','grid_heuristics_percentiles','','create'),(20,'heuristics','grid_heuristics_user_history_today','','create'),(21,'heuristics','grid_heuristics_user_history_yesterday','','create'),(22,'heuristics','grid_heuristics_user_stats','','create'),(23,'gridalarms','gridalarms_alarm','','create'),(24,'gridalarms','gridalarms_alarm_contacts','','create'),(25,'gridalarms','gridalarms_alarm_layout','','create'),(26,'gridalarms','gridalarms_alarm_log','','create'),(27,'gridalarms','gridalarms_alarm_log_items','','create'),(28,'gridalarms','gridalarms_expression','','create'),(29,'gridalarms','gridalarms_expression_input','','create'),(30,'gridalarms','gridalarms_expression_item','','create'),(31,'gridalarms','gridalarms_metric','','create'),(32,'gridalarms','gridalarms_metric_expression','','create'),(33,'gridalarms','gridalarms_template','','create'),(34,'gridalarms','gridalarms_template_contacts','','create'),(35,'gridalarms','gridalarms_template_expression','','create'),(36,'gridalarms','gridalarms_template_expression_input','','create'),(37,'gridalarms','gridalarms_template_expression_item','','create'),(38,'gridalarms','gridalarms_template_layout','','create'),(39,'gridalarms','gridalarms_template_metric','','create'),(40,'gridalarms','gridalarms_template_metric_expression','','create'),(41,'gridalarms','thold_data','gridadmin_action_level','addcolumn'),(42,'gridalarms','thold_data','host_action_high','addcolumn'),(43,'gridalarms','thold_data','host_action_low','addcolumn'),(44,'gridalarms','thold_data','job_action_high','addcolumn'),(45,'gridalarms','thold_data','job_target_high','addcolumn'),(46,'gridalarms','thold_data','job_signal_high','addcolumn'),(47,'gridalarms','thold_data','job_action_low','addcolumn'),(48,'gridalarms','thold_data','job_target_low','addcolumn'),(49,'gridalarms','thold_data','job_signal_low','addcolumn'),(50,'gridalarms','thold_template','gridadmin_action_level','addcolumn'),(51,'gridalarms','thold_template','host_action_high','addcolumn'),(52,'gridalarms','thold_template','host_action_low','addcolumn'),(53,'gridalarms','thold_template','job_action_high','addcolumn'),(54,'gridalarms','thold_template','job_target_high','addcolumn'),(55,'gridalarms','thold_template','job_signal_high','addcolumn'),(56,'gridalarms','thold_template','job_action_low','addcolumn'),(57,'gridalarms','thold_template','job_target_low','addcolumn'),(58,'gridalarms','thold_template','job_signal_low','addcolumn'),(59,'license','host','lic_server_id','addcolumn'),(60,'gridalarms','thold_data','host_action_high_lockid','addcolumn'),(61,'gridalarms','thold_data','host_action_low_lockid','addcolumn'),(62,'grid','user_auth','grid_settings','addcolumn'),(63,'thold','host','thold_failure_count','addcolumn'),(64,'thold','plugin_thold_host','','create'),(65,'thold','notification_queue','','create');
/*!40000 ALTER TABLE `plugin_db_changes` ENABLE KEYS */;
UNLOCK TABLES;

--
-- Table structure for table `plugin_hooks`
--

DROP TABLE IF EXISTS `plugin_hooks`;
/*!40101 SET @saved_cs_client     = @@character_set_client */;
/*!40101 SET character_set_client = utf8 */;
CREATE TABLE `plugin_hooks` (
  `id` mediumint(8) unsigned NOT NULL AUTO_INCREMENT,
  `name` varchar(32) NOT NULL DEFAULT '',
  `hook` varchar(64) NOT NULL DEFAULT '',
  `file` varchar(255) NOT NULL DEFAULT '',
  `function` varchar(128) NOT NULL DEFAULT '',
  `status` int(10) unsigned NOT NULL DEFAULT 0,
  PRIMARY KEY (`id`),
  KEY `hook` (`hook`),
  KEY `status` (`status`)
) ENGINE=InnoDB;
/*!40101 SET character_set_client = @saved_cs_client */;

--
-- Dumping data for table `plugin_hooks`
--

LOCK TABLES `plugin_hooks` WRITE;
/*!40000 ALTER TABLE `plugin_hooks` DISABLE KEYS */;
INSERT INTO `plugin_hooks` VALUES (1,'internal','config_arrays','','plugin_config_arrays',1),(2,'internal','draw_navigation_text','','plugin_draw_navigation_text',1),(3,'syslog','config_arrays','setup.php','syslog_config_arrays',1),(4,'syslog','draw_navigation_text','setup.php','syslog_draw_navigation_text',1),(5,'syslog','config_settings','setup.php','syslog_config_settings',1),(6,'syslog','top_header_tabs','setup.php','syslog_show_tab',1),(7,'syslog','top_graph_header_tabs','setup.php','syslog_show_tab',1),(8,'syslog','top_graph_refresh','setup.php','syslog_top_graph_refresh',1),(9,'syslog','poller_bottom','setup.php','syslog_poller_bottom',1),(10,'syslog','graph_buttons','setup.php','syslog_graph_buttons',1),(11,'syslog','config_insert','setup.php','syslog_config_insert',1),(12,'syslog','utilities_list','setup.php','syslog_utilities_list',1),(13,'syslog','utilities_action','setup.php','syslog_utilities_action',1),(14,'thold','page_head','setup.php','thold_page_head',1),(15,'thold','top_header_tabs','includes/tab.php','thold_show_tab',1),(16,'thold','top_graph_header_tabs','includes/tab.php','thold_show_tab',1),(19,'thold','config_form','includes/settings.php','thold_config_form',1),(20,'thold','config_settings','includes/settings.php','thold_config_settings',1),(21,'thold','draw_navigation_text','includes/settings.php','thold_draw_navigation_text',1),(22,'thold','poller_output','includes/polling.php','thold_poller_output',1),(23,'thold','device_action_array','setup.php','thold_device_action_array',1),(24,'thold','device_action_execute','setup.php','thold_device_action_execute',1),(25,'thold','device_action_prepare','setup.php','thold_device_action_prepare',1),(26,'thold','api_device_save','setup.php','thold_api_device_save',1),(27,'thold','host_edit_bottom','setup.php','thold_host_edit_bottom',1),(28,'thold','device_threshold_autocreate','setup.php','thold_device_autocreate',1),(29,'thold','create_complete_graph_from_template','setup.php','thold_create_graph_thold',1),(30,'thold','poller_bottom','includes/polling.php','thold_poller_bottom',1),(31,'thold','graph_buttons','setup.php','thold_graph_button',1),(32,'thold','graph_buttons_thumbnails','setup.php','thold_graph_button',1),(33,'thold','data_source_action_array','setup.php','thold_data_source_action_array',1),(34,'thold','data_source_action_prepare','setup.php','thold_data_source_action_prepare',1),(35,'thold','data_source_action_execute','setup.php','thold_data_source_action_execute',1),(36,'thold','data_source_remove','setup.php','thold_data_source_remove',1),(37,'thold','data_sources_table','setup.php','thold_data_sources_table',1),(38,'thold','graphs_action_array','setup.php','thold_graphs_action_array',1),(39,'thold','graphs_action_prepare','setup.php','thold_graphs_action_prepare',1),(40,'thold','graphs_action_execute','setup.php','thold_graphs_action_execute',1),(41,'thold','device_template_edit','setup.php','thold_device_template_edit',1),(42,'thold','device_template_top','setup.php','thold_device_template_top',1),(43,'thold','device_edit_pre_bottom','setup.php','thold_device_edit_pre_bottom',1),(44,'thold','api_device_new','setup.php','thold_api_device_new',1),(45,'thold','graphs_new_top_links','setup.php','thold_graphs_new',1),(46,'thold','update_host_status','includes/polling.php','thold_update_host_status',1),(47,'thold','user_admin_setup_sql_save','setup.php','thold_user_admin_setup_sql_save',1),(48,'thold','rrd_graph_graph_options','setup.php','thold_rrd_graph_graph_options',1),(49,'thold','snmpagent_cache_install','setup.php','thold_snmpagent_cache_install',1),(50,'thold','clog_regex_array','setup.php','thold_clog_regex_array',1),(51,'RTM','custom_login','include/auth_login.php','rtm_custom_login',1),(52,'RTM','custom_denied','include/permission_denied.php','rtm_custom_denied',1),(53,'RTM','custom_logout','include/logout.php','rtm_custom_logout',1),(54,'RTM','custom_logout_message','include/logout.php','rtm_custom_logout',1),(55,'RTM','custom_password','include/auth_changepassword.php','rtm_custom_password',1),(56,'RTM','console_before','setup.php','rtm_console_before',1),(57,'RTM','page_head','setup.php','rtm_page_head',1),(58,'grid','top_header_tabs','setup.php','grid_show_tab',1),(59,'grid','rtm_landing_page','setup.php','grid_rtm_landing_page',1),(60,'grid','console_after','setup.php','grid_console_after',1),(61,'grid','top_graph_header_tabs','setup.php','grid_show_tab',1),(62,'grid','page_head','setup.php','grid_page_head',1),(63,'grid','config_form','setup.php','grid_config_form',1),(64,'grid','api_device_save','setup.php','grid_api_device_save',1),(65,'grid','copy_user','setup.php','grid_copy_user',1),(66,'grid','user_remove','setup.php','grid_user_remove',1),(67,'grid','config_arrays','setup.php','grid_config_arrays',1),(68,'grid','draw_navigation_text','setup.php','grid_draw_navigation_text',1),(69,'grid','config_settings','setup.php','grid_config_settings',1),(70,'grid','login_options_navigate','setup.php','grid_login_navigate',1),(71,'grid','valid_host_fields','setup.php','grid_valid_host_fields',1),(72,'grid','substitute_host_data','setup.php','grid_substitute_host_data',1),(73,'grid','user_admin_run_action','setup.php','grid_user_settings_edit',1),(74,'grid','user_admin_action','setup.php','grid_user_edit',1),(75,'grid','user_admin_tab','setup.php','grid_user_edit_show_tab',1),(76,'grid','user_admin_user_save','setup.php','grid_user_save',1),(77,'grid','user_admin_setup_sql_save','setup.php','grid_user_setup_sql_save',1),(78,'grid','graph_buttons','setup.php','grid_graph_buttons',1),(79,'grid','graph_buttons_thumbnails','setup.php','grid_graph_buttons',1),(80,'grid','poller_top','setup.php','grid_poller_top',1),(81,'grid','poller_bottom','setup.php','grid_poller_bottom',1),(82,'grid','config_insert','setup.php','grid_config',1),(83,'grid','device_action_array','setup.php','grid_device_action_array',1),(84,'grid','device_action_prepare','setup.php','grid_device_action_prepare',1),(85,'grid','device_action_execute','setup.php','grid_device_action_execute',1),(86,'grid','thold_update_hostsalarm','setup.php','grid_thold_update_hostsalarm',1),(87,'grid','thold_reset_hostsalarm','setup.php','grid_thold_reset_hostsalarm',1),(88,'grid','thold_delete_hostsalarm','setup.php','grid_thold_delete_hostsalarm',1),(89,'grid','gridalarms_update_hostsalarm','setup.php','grid_gridalarms_update_hostsalarm',1),(90,'grid','gridalarms_reset_hostsalarm','setup.php','grid_gridalarms_reset_hostsalarm',1),(91,'grid','gridalarms_delete_hostsalarm','setup.php','grid_gridalarms_delete_hostsalarm',1),(92,'grid','syslog_update_hostsalarm','setup.php','grid_syslog_update_hostsalarm',1),(93,'grid','syslog_delete_hostsalarm','setup.php','grid_syslog_delete_hostsalarm',1),(94,'grid','custom_version_info','setup.php','grid_custom_version_info',1),(95,'grid','graphs_remove','setup.php','grid_graphs_remove',1),(96,'grid','graphs_item_array','setup.php','grid_graphs_item_array',1),(97,'grid','graph_edit_after','setup.php','grid_graph_edit_after',1),(98,'grid','resolve_dependencies','setup.php','grid_elim_resolve_dependencies',1),(99,'grid','export_action','setup.php','grid_elim_template_to_xml',1),(100,'grid','import_action','setup.php','grid_elim_xml_to_template',1),(101,'grid','filter_views','setup.php','grid_filter_views',1),(102,'grid','filter_graphs','setup.php','grid_filter_graphs',1),(103,'grid','view_cluster_summary','setup.php','grid_view_cluster_summary',1),(104,'grid','view_cluster_status','setup.php','grid_view_cluster_status',1),(105,'grid','view_cluster_master','setup.php','grid_view_cluster_master',1),(106,'grid','view_cluster_tput','setup.php','grid_view_cluster_tput',1),(107,'grid','view_cluster_perfmon','setup.php','grid_view_cluster_perfmon',1),(108,'grid','view_cluster_benchmark_exceptional_jobs','setup.php','grid_view_cluster_benchmark_exceptional_jobs',1),(109,'grid','graph_cluster_limstat','setup.php','grid_graph_cluster_limstat',1),(110,'grid','graph_cluster_batchstat','setup.php','grid_graph_cluster_batchstat',1),(111,'grid','graph_cluster_gridstat','setup.php','grid_graph_cluster_gridstat',1),(112,'grid','graph_cluster_memavastat','setup.php','grid_graph_cluster_memavastat',1),(113,'grid','auth_profile_tabs','setup.php','grid_auth_profile_tabs',1),(114,'grid','auth_profile_update_data','setup.php','grid_auth_profile_update_data',1),(115,'grid','auth_profile_run_action','setup.php','grid_auth_profile_run_action',1),(116,'grid','auth_profile_save','setup.php','grid_auth_profile_save',1),(117,'heuristics','config_arrays','setup.php','heuristics_config_arrays',1),(118,'heuristics','config_form','setup.php','heuristics_config_form',1),(119,'heuristics','draw_navigation_text','setup.php','heuristics_draw_navigation_text',1),(120,'heuristics','config_settings','setup.php','heuristics_config_settings',1),(121,'heuristics','top_header_tabs','setup.php','heuristics_show_tab',1),(122,'heuristics','top_graph_header_tabs','setup.php','heuristics_show_tab',1),(123,'heuristics','poller_bottom','setup.php','heuristics_poller_bottom',1),(124,'heuristics','page_head','setup.php','heuristics_page_head',1),(125,'heuristics','login_options_navigate','setup.php','heuristics_login_navigate',1),(126,'heuristics','grid_busers_icon','setup.php','heuristics_busers_icon',1),(127,'heuristics','grid_jobs_sql_where','setup.php','heuristics_jobs_sql_where',1),(128,'heuristics','grid_menu','setup.php','heuristics_grid_menu',1),(129,'gridcstat','config_arrays','setup.php','gridcstat_config_arrays',1),(130,'gridcstat','draw_navigation_text','setup.php','gridcstat_draw_navigation_text',1),(131,'gridcstat','poller_bottom','setup.php','gridcstat_poller_bottom',1),(132,'gridcstat','grid_tab_down','setup.php','cstat_grid_tab_down',1),(133,'gridcstat','grid_menu','setup.php','cstat_grid_menu',1),(134,'meta','config_arrays','setup.php','meta_config_arrays',1),(135,'meta','draw_navigation_text','setup.php','meta_draw_navigation_text',1),(136,'meta','page_head','lib/metadata_api.php','meta_page_head',1),(137,'meta','grid_page_bottom','lib/metadata_api.php','meta_page_bottom',1),(138,'meta','lic_page_bottom','lib/metadata_api.php','meta_page_bottom',1),(139,'meta','grid_user_details','lib/metadata_api.php','meta_user_details',1),(140,'meta','grid_object_details','lib/metadata_api.php','meta_object_details',1),(141,'meta','grid_meta_settings_tab','lib/metadata_api.php','meta_settings_tab',1),(142,'meta','grid_meta_column_header','lib/metadata_api.php','meta_column_header',1),(143,'meta','grid_meta_column_content','lib/metadata_api.php','meta_column_content',1),(144,'meta','grid_meta_param','lib/metadata_api.php','meta_param',1),(145,'meta','grid_meta_param_where','lib/metadata_api.php','meta_param_where',1),(146,'meta','grid_meta_column_filter','lib/metadata_api.php','meta_column_filter',1),(147,'gridalarms','config_arrays','includes/settings.php','gridalarms_config_arrays',1),(148,'gridalarms','draw_navigation_text','setup.php','gridalarms_draw_navigation_text',1),(149,'gridalarms','poller_bottom','setup.php','gridalarms_poller_bottom',1),(150,'gridalarms','page_bottom','setup.php','gridalarms_bottom_footer',1),(151,'gridalarms','config_settings','includes/settings.php','gridalarms_config_settings',1),(152,'gridalarms','grid_tab_down','setup.php','gridalarms_grid_tab_down',1),(153,'gridalarms','grid_menu','setup.php','gridalarms_grid_menu',1),(154,'gridalarms','rtm_landing_page','setup.php','gridalarms_rtm_landing_page',1),(155,'gridalarms','notify_list_tabs','includes/notify.php','gridalarms_notify_list_tabs',1),(156,'gridalarms','notify_list_save','includes/notify.php','gridalarms_notify_list_save',1),(157,'gridalarms','notify_list_form_confirm','includes/notify.php','gridalarms_notify_list_form_confirm',1),(158,'gridalarms','notify_list_display','includes/notify.php','gridalarms_notify_list_display',1),(159,'gridalarms','thold_edit_save_thold','includes/thold.php','gridalarms_th_edit_save_thold',1),(160,'gridalarms','thold_edit_form_array','includes/thold.php','gridalarms_th_edit_form_array',1),(161,'gridalarms','thold_edit_javascript','includes/thold.php','gridalarms_th_edit_javascript',1),(162,'gridalarms','thold_template_edit_save_thold','includes/thold.php','gridalarms_tht_edit_save_thold',1),(163,'gridalarms','thold_template_edit_form_array','includes/thold.php','gridalarms_th_edit_form_array',1),(164,'gridalarms','thold_template_edit_javascript','includes/thold.php','gridalarms_th_edit_javascript',1),(165,'gridalarms','thold_action','includes/thold.php','gridalarms_thold_action',1),(166,'gridalarms','thold_replacement_text','includes/thold.php','gridalarms_thold_replacement_text',1),(167,'gridalarms','thold_graph_tabs','includes/thold.php','gridalarms_thold_graph_tabs',1),(168,'gridalarms','thold_graph_view','includes/thold.php','gridalarms_thold_graph_view',1),(169,'gridalarms','thold_graph_actions_url','includes/thold.php','gridalarms_thold_graph_actions_url',1),(170,'gridalarms','expand_title','includes/thold.php','gridalarms_expand_title',1),(171,'gridalarms','page_head','setup.php','gridalarms_page_head',1),(172,'license','top_header_tabs','setup.php','license_show_tab',1),(173,'license','top_graph_header_tabs','setup.php','license_show_tab',1),(174,'license','config_arrays','setup.php','license_config_arrays',1),(175,'license','config_settings','setup.php','license_config_settings',1),(176,'license','config_form','setup.php','license_config_form',1),(177,'license','api_device_save','setup.php','license_api_device_save',1),(178,'license','login_options_navigate','setup.php','license_login_navigate',1),(179,'license','draw_navigation_text','setup.php','license_draw_navigation_text',1),(180,'license','poller_bottom','setup.php','license_poller_bottom',1),(181,'license','substitute_host_data','setup.php','license_substitute_host_data',1),(182,'license','valid_host_fields','setup.php','license_valid_host_fields',1),(183,'license','rtm_landing_page','setup.php','license_rtm_landing_page',1),(184,'gridpend','config_arrays','setup.php','gridpend_config_arrays',1),(185,'gridpend','config_settings','setup.php','gridpend_config_settings',1),(186,'gridpend','draw_navigation_text','setup.php','gridpend_draw_navigation_text',1),(187,'gridpend','poller_bottom','setup.php','gridpend_poller_bottom',1),(188,'gridpend','grid_tab_down','setup.php','gridpend_grid_tab_down',1),(189,'gridpend','grid_menu','setup.php','gridpend_grid_menu',1),(190,'gridpend','poller_command_args','setup.php','gridpend_poller_command_args',1),(191,'gridblstat','config_settings','setup.php','gridblstat_config_settings',1),(192,'gridblstat','config_arrays','setup.php','gridblstat_config_arrays',1),(193,'gridblstat','poller_bottom','setup.php','gridblstat_poller_bottom',1),(194,'gridblstat','draw_navigation_text','setup.php','gridblstat_navigation',1),(195,'gridblstat','grid_menu','setup.php','gridblstat_grid_menu',1),(196,'gridblstat','grid_tab_down','setup.php','gridblstat_grid_tab_down',1),(197,'benchmark','config_arrays','setup.php','benchmark_config_arrays',1),(198,'benchmark','poller_bottom','setup.php','benchmark_poller_bottom',1),(199,'benchmark','draw_navigation_text','setup.php','benchmark_draw_navigation_text',1),(200,'benchmark','config_settings','setup.php','benchmark_config_settings',1),(201,'benchmark','grid_tab_down','setup.php','benchmark_grid_tab_down',1),(202,'benchmark','grid_menu','setup.php','benchmark_grid_menu',1),(203,'disku','top_header_tabs','setup.php','disku_show_tab',1),(204,'disku','top_graph_header_tabs','setup.php','disku_show_tab',1),(205,'disku','config_arrays','setup.php','disku_config_arrays',1),(206,'disku','config_settings','setup.php','disku_config_settings',1),(207,'disku','config_form','setup.php','disku_config_form',1),(208,'disku','api_device_save','setup.php','disku_api_device_save',1),(209,'disku','draw_navigation_text','setup.php','disku_draw_navigation_text',1),(210,'disku','poller_bottom','setup.php','disku_poller_bottom',1),(211,'disku','substitute_host_data','setup.php','disku_substitute_host_data',1),(212,'disku','valid_host_fields','setup.php','disku_valid_host_fields',1),(213,'disku','grid_tab_down','setup.php','disku_grid_tab_down',1),(214,'disku','grid_menu','setup.php','disku_grid_menu',1),(215,'lichist','grid_jobs_tabs','setup.php','lichist_jobs_tabs',1),(216,'lichist','grid_jobs_show_tab','setup.php','lichist_jobs_show_tab',1),(217,'lichist','poller_bottom','setup.php','lichist_poller_bottom',1),(218,'lichist','draw_navigation_text','setup.php','lichist_draw_navigation_text',1),(219,'grid','customize_graph','setup.php','grid_elim_customize_graph',1),(220,'grid','customize_template_details','setup.php','grid_elim_customize_template_details',1),(221,'grid','device_filter_start','setup.php','grid_device_filter_start',1),(222,'grid','device_sql_where','setup.php','grid_device_sql_where',1),(223,'grid','device_display_text','setup.php','grid_device_display_text',1),(224,'grid','device_table_replace','setup.php','grid_device_table_replace',1),(225,'thold','config_insert','includes/settings.php','thold_config_insert',1),(226,'thold','config_arrays','includes/settings.php','thold_config_arrays',1),(227,'thold','device_template_change','setup.php','thold_device_template_change',1),(228,'thold','settings_bottom','setup.php','thold_settings_bottom',1);
/*!40000 ALTER TABLE `plugin_hooks` ENABLE KEYS */;
UNLOCK TABLES;

--
-- Table structure for table `plugin_notification_lists`
--

DROP TABLE IF EXISTS `plugin_notification_lists`;
/*!40101 SET @saved_cs_client     = @@character_set_client */;
/*!40101 SET character_set_client = utf8 */;
CREATE TABLE `plugin_notification_lists` (
  `id` int(10) NOT NULL AUTO_INCREMENT,
  `name` varchar(128) NOT NULL,
  `enabled` char(3) NOT NULL DEFAULT '',
  `description` varchar(512) NOT NULL,
  `emails` varchar(512) NOT NULL,
  `bcc_emails` varchar(512) NOT NULL DEFAULT '',
  `format_file` varchar(255) NOT NULL DEFAULT '',
  PRIMARY KEY (`id`)
) ENGINE=InnoDB COMMENT='Table of Notification Lists';
/*!40101 SET character_set_client = @saved_cs_client */;

--
-- Table structure for table `plugin_realms`
--

DROP TABLE IF EXISTS `plugin_realms`;
/*!40101 SET @saved_cs_client     = @@character_set_client */;
/*!40101 SET character_set_client = utf8 */;
CREATE TABLE `plugin_realms` (
  `id` mediumint(8) unsigned NOT NULL AUTO_INCREMENT,
  `plugin` varchar(32) NOT NULL DEFAULT '',
  `file` text NOT NULL,
  `display` varchar(64) NOT NULL DEFAULT '',
  PRIMARY KEY (`id`),
  KEY `plugin` (`plugin`)
) ENGINE=InnoDB;
/*!40101 SET character_set_client = @saved_cs_client */;

--
-- Dumping data for table `plugin_realms`
--

LOCK TABLES `plugin_realms` WRITE;
/*!40000 ALTER TABLE `plugin_realms` DISABLE KEYS */;
INSERT INTO `plugin_realms` VALUES (1,'internal','plugins.php','Plugin Management'),(2,'syslog','syslog.php','Plugin -> Syslog User'),(3,'syslog','syslog_alerts.php,syslog_removal.php,syslog_reports.php','Plugin -> Syslog Administration'),(4,'thold','thold.php','Configure Thresholds'),(5,'thold','thold_templates.php','Configure Threshold Templates'),(6,'thold','notify_lists.php,notify_queue.php','Manage Notification Lists'),(7,'thold','thold_graph.php,graph_thold.php,thold_view_failures.php,thold_view_normal.php,thold_view_recover.php,thold_view_recent.php,thold_view_host.php','View Thresholds'),(8,'grid','grid_shared.php,grid_bjobs.php,grid_bzen.php,grid_bhosts.php,grid_bhosts_closed.php,grid_bqueues.php,grid_lsload.php,grid_lshosts.php,grid_bhpart.php,grid_busers.php,grid_jobgraph.php,grid_jobgraphzoom.php,grid_ajax.php','General LSF Data'),(9,'grid','grid_dailystats.php,grid_clients.php,grid_params.php,grid_elim_graph_templates_items.php,grid_download.php','LSF Admin Data'),(10,'grid','grid_bhgroups.php,grid_bjgroup.php,grid_lsgload.php,grid_bmgroup.php','LSF Host Group Data'),(11,'grid','grid_clusterdb.php,grid_summary.php,grid_bresourcespool.php,grid_lsf_config.php','LSF Advanced Options'),(12,'grid','grid_barrays.php','LSF Job Array Data'),(13,'grid','grid_bugroup.php','LSF User Group Data'),(14,'grid','grid_projects.php','LSF Project Data'),(15,'grid','grid_license_projects.php','LSF License Project Data'),(16,'grid','grid_bapps.php','LSF Application Data'),(17,'grid','grid_bjgroups.php','LSF Job Group Data'),(18,'grid','grid_queue_distrib.php','LSF Queue Distribution'),(19,'grid','grid_manage_hosts.php,grid_utilities.php,grid_elim_graphs.php,grid_elim_templates.php,grid_clusters.php,grid_settings_system.php,grid_pollers.php','LSF Administration'),(20,'grid','LSF_Extended_History','LSF Extended History'),(21,'grid','LSF_Host_Alert_Stop','LSF Host Alert Stop/Resume'),(22,'grid','LSF_Cluster_Control','LSF Cluster Control'),(23,'heuristics','heuristics.php,heuristics_jobs.php,grid_heuristics.php','View JobIQ'),(24,'gridcstat','gridcstat.php','View Statistical Dashboard'),(25,'meta','metadata.php','View Metadata'),(26,'meta','Edit_Metadata','Edit Metadata'),(27,'gridalarms','grid_alarmdb.php','View Grid Alerts'),(28,'gridalarms','notify_lists.php,gridalarms_alarm.php,gridalarms_templates.php,gridalarms_alarm_edit.php,gridalarms_template_edit.php','Configure Grid Alerts'),(29,'license','lic_pollers.php,lic_servers.php,lic_managers.php,lic_feature_maps.php,lic_applications.php','License Administration'),(30,'license','lic_servicedb.php,lic_options.php,lic_details.php,lic_usage.php,lic_checkouts.php,lic_dailystats.php,lic_service_summary.php','View License Usage Data'),(31,'license','lic_lm_fusion.php','View License Admin Data'),(32,'gridpend','grid_pend.php','Pending Reason History'),(33,'benchmark','grid_benchmark_jobs.php,grid_benchmark_summary.php','View Benchmark Job'),(34,'benchmark','benchmark.php','Edit Benchmark Job Configuration'),(35,'disku','disku_orgview.php,disku_users.php,disku_groups.php,disku_managers.php,disku_extensions.php,disku_appview.php,disku_tagview.php','View Disk Admin Data'),(36,'disku','disku_dashboard.php','View Disk Usage Data'),(37,'disku','disku_pollers.php,disku_paths.php,disku_extenreg.php,disku_applications.php','Disk Usage Administration'),(38,'lichist','grid_lichist.php','Plugin -> LSF Job License History Viewer');
/*!40000 ALTER TABLE `plugin_realms` ENABLE KEYS */;
UNLOCK TABLES;

--
-- Table structure for table `plugin_thold_contacts`
--

DROP TABLE IF EXISTS `plugin_thold_contacts`;
/*!40101 SET @saved_cs_client     = @@character_set_client */;
/*!40101 SET character_set_client = utf8 */;
CREATE TABLE `plugin_thold_contacts` (
  `id` int(10) NOT NULL AUTO_INCREMENT,
  `user_id` int(10) NOT NULL,
  `type` varchar(32) NOT NULL DEFAULT '',
  `data` text NOT NULL,
  PRIMARY KEY (`id`),
  UNIQUE KEY `user_id_type` (`user_id`,`type`),
  KEY `type` (`type`),
  KEY `user_id` (`user_id`)
) ENGINE=InnoDB COMMENT='Table of Threshold contacts';
/*!40101 SET character_set_client = @saved_cs_client */;

--
-- Table structure for table `plugin_thold_daemon_data`
--

DROP TABLE IF EXISTS `plugin_thold_daemon_data`;
/*!40101 SET @saved_cs_client     = @@character_set_client */;
/*!40101 SET character_set_client = utf8 */;
CREATE TABLE `plugin_thold_daemon_data` (
  `id` int(10) NOT NULL,
  `poller_id` int(10) unsigned NOT NULL DEFAULT 1,
  `thread_id` int(10) unsigned NOT NULL DEFAULT 0,
  `rrd_reindexed` varchar(600) NOT NULL DEFAULT '',
  `rrd_time_reindexed` int(10) unsigned NOT NULL,
  `time` timestamp NOT NULL DEFAULT current_timestamp(),
  KEY `id` (`id`,`thread_id`)
) ENGINE=InnoDB COMMENT='Table of Poller Outdata needed for queued daemon processes';
/*!40101 SET character_set_client = @saved_cs_client */;

--
-- Table structure for table `plugin_thold_host`
--

DROP TABLE IF EXISTS `plugin_thold_host`;
/*!40101 SET @saved_cs_client     = @@character_set_client */;
/*!40101 SET character_set_client = utf8 */;
CREATE TABLE `plugin_thold_host` (
  `id` int(10) unsigned NOT NULL AUTO_INCREMENT,
  `host_id` int(10) unsigned NOT NULL DEFAULT 0,
  `thold_template_id` int(10) unsigned NOT NULL DEFAULT 0,
  PRIMARY KEY (`id`)
) ENGINE=InnoDB COMMENT='Table of Device to Supported Threshold Templates';
/*!40101 SET character_set_client = @saved_cs_client */;

--
-- Table structure for table `plugin_thold_host_failed`
--

DROP TABLE IF EXISTS `plugin_thold_host_failed`;
/*!40101 SET @saved_cs_client     = @@character_set_client */;
/*!40101 SET character_set_client = utf8 */;
CREATE TABLE `plugin_thold_host_failed` (
  `id` int(10) unsigned NOT NULL AUTO_INCREMENT,
  `poller_id` int(10) unsigned NOT NULL DEFAULT 1,
  `host_id` int(10) unsigned NOT NULL,
  PRIMARY KEY (`id`)
) ENGINE=InnoDB COMMENT='Table of Devices in a Down State';
/*!40101 SET character_set_client = @saved_cs_client */;

--
-- Table structure for table `plugin_thold_host_template`
--

DROP TABLE IF EXISTS `plugin_thold_host_template`;
/*!40101 SET @saved_cs_client     = @@character_set_client */;
/*!40101 SET character_set_client = utf8 */;
CREATE TABLE `plugin_thold_host_template` (
  `id` int(10) unsigned NOT NULL AUTO_INCREMENT,
  `host_template_id` int(10) unsigned NOT NULL DEFAULT 0,
  `thold_template_id` int(10) unsigned NOT NULL DEFAULT 0,
  PRIMARY KEY (`id`)
) ENGINE=InnoDB COMMENT='Table of Device Template Threshold Templates';
/*!40101 SET character_set_client = @saved_cs_client */;

--
-- Table structure for table `plugin_thold_log`
--

DROP TABLE IF EXISTS `plugin_thold_log`;
/*!40101 SET @saved_cs_client     = @@character_set_client */;
/*!40101 SET character_set_client = utf8 */;
CREATE TABLE `plugin_thold_log` (
  `id` int(10) NOT NULL AUTO_INCREMENT,
  `time` int(24) NOT NULL,
  `host_id` int(10) NOT NULL,
  `local_graph_id` int(10) unsigned NOT NULL,
  `threshold_id` int(10) NOT NULL,
  `threshold_value` varchar(64) NOT NULL DEFAULT '',
  `current` varchar(64) NOT NULL DEFAULT '',
  `status` int(5) NOT NULL,
  `type` int(5) NOT NULL,
  `description` varchar(255) NOT NULL DEFAULT '',
  PRIMARY KEY (`id`),
  KEY `time` (`time`),
  KEY `host_id` (`host_id`),
  KEY `local_graph_id` (`local_graph_id`),
  KEY `threshold_id` (`threshold_id`),
  KEY `status` (`status`),
  KEY `type` (`type`)
) ENGINE=InnoDB COMMENT='Table of All Threshold Breaches';
/*!40101 SET character_set_client = @saved_cs_client */;

--
-- Table structure for table `plugin_thold_template_contact`
--

DROP TABLE IF EXISTS `plugin_thold_template_contact`;
/*!40101 SET @saved_cs_client     = @@character_set_client */;
/*!40101 SET character_set_client = utf8 */;
CREATE TABLE `plugin_thold_template_contact` (
  `template_id` int(10) NOT NULL,
  `contact_id` int(10) NOT NULL,
  KEY `template_id` (`template_id`),
  KEY `contact_id` (`contact_id`)
) ENGINE=InnoDB COMMENT='Table of Tholds Template Contacts';
/*!40101 SET character_set_client = @saved_cs_client */;

--
-- Table structure for table `plugin_thold_threshold_contact`
--

DROP TABLE IF EXISTS `plugin_thold_threshold_contact`;
/*!40101 SET @saved_cs_client     = @@character_set_client */;
/*!40101 SET character_set_client = utf8 */;
CREATE TABLE `plugin_thold_threshold_contact` (
  `thold_id` int(10) NOT NULL,
  `contact_id` int(10) NOT NULL,
  KEY `thold_id` (`thold_id`),
  KEY `contact_id` (`contact_id`)
) ENGINE=InnoDB COMMENT='Table of Tholds Threshold Contacts';
/*!40101 SET character_set_client = @saved_cs_client */;

--
-- Table structure for table `poller`
--

DROP TABLE IF EXISTS `poller`;
/*!40101 SET @saved_cs_client     = @@character_set_client */;
/*!40101 SET character_set_client = utf8 */;
CREATE TABLE `poller` (
  `id` smallint(5) unsigned NOT NULL AUTO_INCREMENT,
  `disabled` char(2) DEFAULT '',
  `name` varchar(30) DEFAULT NULL,
  `notes` varchar(1024) DEFAULT '',
  `status` int(10) unsigned NOT NULL DEFAULT 0,
  `timezone` varchar(40) DEFAULT '',
  `hostname` varchar(100) NOT NULL DEFAULT '',
  `dbdefault` varchar(20) NOT NULL DEFAULT '',
  `dbhost` varchar(64) NOT NULL DEFAULT '',
  `dbuser` varchar(20) NOT NULL DEFAULT '',
  `dbpass` varchar(64) NOT NULL DEFAULT '',
  `dbport` int(10) unsigned DEFAULT 3306,
  `dbretries` int(10) unsigned DEFAULT 2,
  `dbssl` char(3) DEFAULT '',
  `dbsslkey` varchar(255) DEFAULT NULL,
  `dbsslcert` varchar(255) DEFAULT NULL,
  `dbsslca` varchar(255) DEFAULT NULL,
  `total_time` double DEFAULT 0,
  `max_time` double DEFAULT NULL,
  `min_time` double DEFAULT NULL,
  `avg_time` double DEFAULT NULL,
  `total_polls` int(10) unsigned DEFAULT 0,
  `processes` int(10) unsigned DEFAULT 1,
  `threads` int(10) unsigned DEFAULT 1,
  `sync_interval` int(10) unsigned DEFAULT 7200,
  `snmp` mediumint(8) unsigned DEFAULT 0,
  `script` mediumint(8) unsigned DEFAULT 0,
  `server` mediumint(8) unsigned DEFAULT 0,
  `last_update` timestamp NOT NULL DEFAULT '0000-00-00 00:00:00',
  `last_status` timestamp NOT NULL DEFAULT '0000-00-00 00:00:00',
  `last_sync` timestamp NOT NULL DEFAULT '0000-00-00 00:00:00',
  `requires_sync` char(2) DEFAULT '',
  PRIMARY KEY (`id`),
  KEY `name` (`name`),
  KEY `disabled` (`disabled`)
) ENGINE=InnoDB COMMENT='Pollers for Cacti';
/*!40101 SET character_set_client = @saved_cs_client */;

--
-- Dumping data for table `poller`
--

LOCK TABLES `poller` WRITE;
/*!40000 ALTER TABLE `poller` DISABLE KEYS */;
INSERT INTO `poller` VALUES (1,'','Main Poller','',2,'',@@hostname,'',@@hostname,'','',3306,2,'',NULL,NULL,NULL,1.3958,1.3958218097687,1.3958218097687,1.3958218097687,1,1,1,7200,0,5,0,'0000-00-00 00:00:00:00','0000-00-00 00:00:00:00','0000-00-00 00:00:00','');
/*!40000 ALTER TABLE `poller` ENABLE KEYS */;
UNLOCK TABLES;

--
-- Table structure for table `poller_command`
--

DROP TABLE IF EXISTS `poller_command`;
/*!40101 SET @saved_cs_client     = @@character_set_client */;
/*!40101 SET character_set_client = utf8 */;
CREATE TABLE `poller_command` (
  `poller_id` smallint(5) unsigned NOT NULL DEFAULT 1,
  `time` timestamp NOT NULL DEFAULT '0000-00-00 00:00:00',
  `action` tinyint(3) unsigned NOT NULL DEFAULT 0,
  `command` varchar(191) NOT NULL DEFAULT '',
  `last_updated` timestamp NOT NULL DEFAULT current_timestamp() ON UPDATE current_timestamp(),
  PRIMARY KEY (`poller_id`,`action`,`command`),
  KEY `poller_id_last_updated` (`poller_id`,`last_updated`)
) ENGINE=InnoDB;
/*!40101 SET character_set_client = @saved_cs_client */;

--
-- Table structure for table `poller_data_template_field_mappings`
--

DROP TABLE IF EXISTS `poller_data_template_field_mappings`;
/*!40101 SET @saved_cs_client     = @@character_set_client */;
/*!40101 SET character_set_client = utf8 */;
CREATE TABLE `poller_data_template_field_mappings` (
  `data_template_id` int(10) unsigned NOT NULL DEFAULT 0,
  `data_name` varchar(40) NOT NULL DEFAULT '',
  `data_source_names` varchar(125) NOT NULL DEFAULT '',
  `last_updated` timestamp NOT NULL DEFAULT current_timestamp() ON UPDATE current_timestamp(),
  PRIMARY KEY (`data_template_id`,`data_name`,`data_source_names`)
) ENGINE=InnoDB COMMENT='Tracks mapping of Data Templates to their Data Source Names';
/*!40101 SET character_set_client = @saved_cs_client */;

--
-- Dumping data for table `poller_data_template_field_mappings`
--

LOCK TABLES `poller_data_template_field_mappings` WRITE;
/*!40000 ALTER TABLE `poller_data_template_field_mappings` DISABLE KEYS */;
INSERT INTO `poller_data_template_field_mappings` VALUES (1,'proc','proc','0000-00-00 00:00:00:00'),(2,'10min','load_15min','0000-00-00 00:00:00:00'),(2,'1min','load_1min','0000-00-00 00:00:00:00'),(2,'5min','load_5min','0000-00-00 00:00:00:00'),(3,'users','users','0000-00-00 00:00:00:00'),(4,'kilobytes','mem_buffers','0000-00-00 00:00:00:00'),(5,'kilobytes','mem_swap','0000-00-00 00:00:00:00'),(7,'DataSources','DataSources','0000-00-00 00:00:00:00'),(7,'Hosts','Hosts','0000-00-00 00:00:00:00'),(7,'HostsPerProcess','HostsPerProcess','0000-00-00 00:00:00:00'),(7,'Processes','Processes','0000-00-00 00:00:00:00'),(7,'RRDsProcessed','RRDsProcessed','0000-00-00 00:00:00:00'),(7,'Threads','Threads','0000-00-00 00:00:00:00'),(7,'Time','Time','0000-00-00 00:00:00:00'),(8,'RRDUpdates','rrdupdates','0000-00-00 00:00:00:00'),(8,'Time','time','0000-00-00 00:00:00:00'),(9,'script','script','0000-00-00 00:00:00:00'),(9,'script_server','script_server','0000-00-00 00:00:00:00'),(9,'snmp','snmp','0000-00-00 00:00:00:00'),(10,'HostsRecached','hosts','0000-00-00 00:00:00:00'),(10,'RecacheTime','time','0000-00-00 00:00:00:00'),(11,'boost_peak_memory','boost_peak_memory','0000-00-00 00:00:00:00'),(17,'avail','avail','0000-00-00 00:00:00:00'),(17,'runtime','runtime','0000-00-00 00:00:00:00'),(33,'max_jobs','max_jobs','0000-00-00 00:00:00:00'),(33,'num_jobs','num_jobs','0000-00-00 00:00:00:00'),(33,'res_jobs','res_jobs','0000-00-00 00:00:00:00'),(33,'run_jobs','run_jobs','0000-00-00 00:00:00:00'),(33,'sys_susp_jobs','sys_susp_jobs','0000-00-00 00:00:00:00'),(33,'usr_susp_jobs','usr_susp_jobs','0000-00-00 00:00:00:00'),(34,'r15m','r15m','0000-00-00 00:00:00:00'),(34,'r15s','r15s','0000-00-00 00:00:00:00'),(34,'r1m','r1m','0000-00-00 00:00:00:00'),(35,'io','io','0000-00-00 00:00:00:00'),(35,'pg','pg','0000-00-00 00:00:00:00'),(36,'mem','mem','0000-00-00 00:00:00:00'),(36,'swp','swp','0000-00-00 00:00:00:00'),(37,'ut','ut','0000-00-00 00:00:00:00'),(38,'mem','mem','0000-00-00 00:00:00:00'),(38,'res','res','0000-00-00 00:00:00:00'),(38,'swp','swp','0000-00-00 00:00:00:00'),(40,'done','done','0000-00-00 00:00:00:00'),(40,'exited','exited','0000-00-00 00:00:00:00'),(40,'started','started','0000-00-00 00:00:00:00'),(41,'pending','pending','0000-00-00 00:00:00:00'),(42,'efficiency','efficiency','0000-00-00 00:00:00:00'),(43,'capacity','capacity','0000-00-00 00:00:00:00'),(43,'load','load','0000-00-00 00:00:00:00'),(44,'Done','Done','0000-00-00 00:00:00:00'),(44,'MBDppMax','MBDppMax','0000-00-00 00:00:00:00'),(44,'MBDtime','MBDtime','0000-00-00 00:00:00:00'),(44,'Pending','Pending','0000-00-00 00:00:00:00'),(44,'Running','Running','0000-00-00 00:00:00:00'),(44,'Runtime','Runtime','0000-00-00 00:00:00:00'),(45,'lim','lim','0000-00-00 00:00:00:00'),(45,'lsb','lsb','0000-00-00 00:00:00:00'),(46,'numFloatClients','numFloatClients','0000-00-00 00:00:00:00'),(46,'numStaticClients','numStaticClients','0000-00-00 00:00:00:00'),(47,'barray_Runtime','barray_runtime','0000-00-00 00:00:00:00'),(47,'bhostgroups_Runtime','bhostgroups_runtime','0000-00-00 00:00:00:00'),(47,'bhosts_Runtime','bhosts_runtime','0000-00-00 00:00:00:00'),(47,'bparams_Runtime','bparams_runtime','0000-00-00 00:00:00:00'),(47,'bqueues_Runtime','bqueues_runtime','0000-00-00 00:00:00:00'),(47,'busergroups_Runtime','busergroups_runtime','0000-00-00 00:00:00:00'),(47,'busers_Runtime','busers_runtime','0000-00-00 00:00:00:00'),(47,'lshosts_Runtime','lshosts_runtime','0000-00-00 00:00:00:00'),(47,'lsload_Runtime','lsload_runtime','0000-00-00 00:00:00:00'),(132,'Com_delete','Com_delete','0000-00-00 00:00:00:00'),(132,'Com_insert','Com_insert','0000-00-00 00:00:00:00'),(132,'Com_insert_select','Com_insert_select','0000-00-00 00:00:00:00'),(132,'Com_truncate','Com_truncate','0000-00-00 00:00:00:00'),(132,'Com_update','Com_update','0000-00-00 00:00:00:00'),(132,'Com_update_multi','Com_update_multi','0000-00-00 00:00:00:00'),(133,'Handler_commit','Handler_commit','0000-00-00 00:00:00:00'),(133,'Handler_delete','Handler_delete','0000-00-00 00:00:00:00'),(133,'Handler_discover','Handler_discover','0000-00-00 00:00:00:00'),(133,'Handler_rollback','Handler_rollback','0000-00-00 00:00:00:00'),(133,'Handler_update','Handler_update','0000-00-00 00:00:00:00'),(133,'Handler_write','Handler_write','0000-00-00 00:00:00:00'),(134,'Com_select','Com_select','0000-00-00 00:00:00:00'),(134,'Select_full_join','Select_full_join','0000-00-00 00:00:00:00'),(134,'Select_full_range_join','Selectfullrangejoin','0000-00-00 00:00:00:00'),(134,'Select_range','Select_range','0000-00-00 00:00:00:00'),(134,'Select_range_check','Select_range_check','0000-00-00 00:00:00:00'),(134,'Select_scan','Select_scan','0000-00-00 00:00:00:00'),(135,'Handler_read_first','Handler_read_first','0000-00-00 00:00:00:00'),(135,'Handler_read_key','Handler_read_key','0000-00-00 00:00:00:00'),(135,'Handler_read_next','Handler_read_next','0000-00-00 00:00:00:00'),(135,'Handler_read_prev','Handler_read_prev','0000-00-00 00:00:00:00'),(135,'Handler_read_rnd','Handler_read_rnd','0000-00-00 00:00:00:00'),(135,'Handler_read_rnd_next','Handlerreadrndnext','0000-00-00 00:00:00:00'),(136,'Key_read_requests','Key_read_requests','0000-00-00 00:00:00:00'),(136,'Key_reads','Key_reads','0000-00-00 00:00:00:00'),(136,'Key_write_requests','Key_write_requests','0000-00-00 00:00:00:00'),(136,'Key_writes','Key_writes','0000-00-00 00:00:00:00'),(137,'Qcache_free_blocks','Qcache_free_blocks','0000-00-00 00:00:00:00'),(137,'Qcache_free_memory','Qcache_free_memory','0000-00-00 00:00:00:00'),(137,'Qcache_hits','Qcache_hits','0000-00-00 00:00:00:00'),(137,'Qcache_inserts','Qcache_inserts','0000-00-00 00:00:00:00'),(137,'Qcache_lowmem_prunes','Qcachelowmemprunes','0000-00-00 00:00:00:00'),(137,'Qcache_not_cached','Qcache_not_cached','0000-00-00 00:00:00:00'),(137,'Qcache_queries_in_cache','Qcachequeriesincach','0000-00-00 00:00:00:00'),(137,'Qcache_total_blocks','Qcache_total_blocks','0000-00-00 00:00:00:00'),(138,'Bytes_received','Bytes_received','0000-00-00 00:00:00:00'),(138,'Bytes_sent','Bytes_sent','0000-00-00 00:00:00:00'),(138,'Connections','Connections','0000-00-00 00:00:00:00'),(138,'Max_used_connections','Max_used_connection','0000-00-00 00:00:00:00'),(138,'Questions','Questions','0000-00-00 00:00:00:00'),(139,'Sort_merge_passes','Sort_merge_passes','0000-00-00 00:00:00:00'),(139,'Sort_range','Sort_range','0000-00-00 00:00:00:00'),(139,'Sort_rows','Sort_rows','0000-00-00 00:00:00:00'),(139,'Sort_scan','Sort_scan','0000-00-00 00:00:00:00'),(140,'Slow_launch_threads','Slow_launch_threads','0000-00-00 00:00:00:00'),(140,'Slow_queries','Slow_queries','0000-00-00 00:00:00:00'),(140,'Table_locks_immediate','Table_locks_immedia','0000-00-00 00:00:00:00'),(140,'Table_locks_waited','Table_locks_waited','0000-00-00 00:00:00:00'),(141,'Created_tmp_disk_tables','Createdtmpdisktable','0000-00-00 00:00:00:00'),(141,'Created_tmp_files','Created_tmp_files','0000-00-00 00:00:00:00'),(141,'Created_tmp_tables','Created_tmp_tables','0000-00-00 00:00:00:00'),(142,'Aborted_clients','Aborted_clients','0000-00-00 00:00:00:00'),(142,'Aborted_connects','Aborted_connects','0000-00-00 00:00:00:00'),(142,'Threads_cached','Threads_cached','0000-00-00 00:00:00:00'),(142,'Threads_connected','Threads_connected','0000-00-00 00:00:00:00'),(142,'Threads_created','Threads_created','0000-00-00 00:00:00:00'),(142,'Threads_running','Threads_running','0000-00-00 00:00:00:00'),(143,'change_db','change_db','0000-00-00 00:00:00:00'),(143,'delete','delete','0000-00-00 00:00:00:00'),(143,'insert','insert','0000-00-00 00:00:00:00'),(143,'select','select','0000-00-00 00:00:00:00'),(143,'update','update','0000-00-00 00:00:00:00'),(144,'delete','delete','0000-00-00 00:00:00:00'),(144,'read_first','read_first','0000-00-00 00:00:00:00'),(144,'read_key','read_key','0000-00-00 00:00:00:00'),(144,'read_next','read_next','0000-00-00 00:00:00:00'),(144,'read_prev','read_prev','0000-00-00 00:00:00:00'),(144,'read_rnd','read_rnd','0000-00-00 00:00:00:00'),(144,'read_rnd_next','read_rnd_next','0000-00-00 00:00:00:00'),(144,'update','update','0000-00-00 00:00:00:00'),(144,'write','write','0000-00-00 00:00:00:00'),(148,'rows_deleted','rows_deleted','0000-00-00 00:00:00:00'),(148,'rows_inserted','rows_inserted','0000-00-00 00:00:00:00'),(148,'rows_read','rows_read','0000-00-00 00:00:00:00'),(148,'rows_updated','rows_updated','0000-00-00 00:00:00:00'),(149,'buffer_database_pages','database_pages','0000-00-00 00:00:00:00'),(149,'buffer_free_pages','free_pages','0000-00-00 00:00:00:00'),(149,'buffer_hit_rate','hit_rate','0000-00-00 00:00:00:00'),(149,'buffer_modified_pages','modified_pages','0000-00-00 00:00:00:00'),(149,'buffer_pool_size','pool_size','0000-00-00 00:00:00:00'),(150,'os_waits','os_waits','0000-00-00 00:00:00:00'),(150,'spin_rounds','spin_rounds','0000-00-00 00:00:00:00'),(150,'spin_waits','spin_waits','0000-00-00 00:00:00:00'),(151,'insert_buffer_inserts','insbuffer_inserts','0000-00-00 00:00:00:00'),(151,'insert_buffer_merged','insbuffer_merged','0000-00-00 00:00:00:00'),(151,'insert_buffer_merges','insbuffer_merges','0000-00-00 00:00:00:00'),(152,'file_fsyncs','fsyncs','0000-00-00 00:00:00:00'),(152,'file_reads','reads','0000-00-00 00:00:00:00'),(152,'file_writes','file_writes','0000-00-00 00:00:00:00'),(152,'log_writes','log_writes','0000-00-00 00:00:00:00'),(153,'pendJobs','pendJobs','0000-00-00 00:00:00:00'),(155,'out_ms','ping','0000-00-00 00:00:00:00'),(157,'Binlog_cache_disk_use','BinlogCacheDiskUse','0000-00-00 00:00:00:00'),(157,'Binlog_cache_use','BinlogCacheUse','0000-00-00 00:00:00:00'),(157,'Read_Exec_Log_Pos_Diff','ReadExecLogPosDiff','0000-00-00 00:00:00:00'),(157,'Seconds_Behind_Master','SecondsBehindMaster','0000-00-00 00:00:00:00'),(186,'avg','avg','0000-00-00 00:00:00:00'),(186,'current','current','0000-00-00 00:00:00:00'),(187,'avg','avg','0000-00-00 00:00:00:00'),(187,'current','current','0000-00-00 00:00:00:00'),(188,'avg','avg','0000-00-00 00:00:00:00'),(188,'current','current','0000-00-00 00:00:00:00'),(189,'avg','avg','0000-00-00 00:00:00:00'),(189,'current','current','0000-00-00 00:00:00:00'),(190,'avg','avg','0000-00-00 00:00:00:00'),(190,'current','current','0000-00-00 00:00:00:00'),(191,'avg','avg','0000-00-00 00:00:00:00'),(191,'current','current','0000-00-00 00:00:00:00'),(192,'avg','avg','0000-00-00 00:00:00:00'),(192,'current','current','0000-00-00 00:00:00:00'),(193,'avg','avg','0000-00-00 00:00:00:00'),(193,'current','current','0000-00-00 00:00:00:00'),(194,'avg','avg','0000-00-00 00:00:00:00'),(194,'current','current','0000-00-00 00:00:00:00'),(195,'avg','avg','0000-00-00 00:00:00:00'),(195,'current','current','0000-00-00 00:00:00:00'),(196,'free','free','0000-00-00 00:00:00:00'),(196,'total','total','0000-00-00 00:00:00:00'),(196,'used','used','0000-00-00 00:00:00:00'),(197,'avg','avg','0000-00-00 00:00:00:00'),(197,'current','current','0000-00-00 00:00:00:00'),(199,'cpuUtil','cpuUtil','0000-00-00 00:00:00:00'),(199,'memSlotUtil','memSlotUtil','0000-00-00 00:00:00:00'),(199,'slotUtil','slotUtil','0000-00-00 00:00:00:00'),(201,'usage','usage','0000-00-00 00:00:00:00'),(202,'numHost','host_tmp_pct','0000-00-00 00:00:00:00'),(203,'numHost','host_vartmp_pct','0000-00-00 00:00:00:00'),(204,'numHost','host_status','0000-00-00 00:00:00:00'),(205,'numHostGroup','queue_free_slots','0000-00-00 00:00:00:00'),(206,'numHost','host_eff_r15m','0000-00-00 00:00:00:00'),(207,'numHost','host_mem_pct','0000-00-00 00:00:00:00'),(208,'numHost','host_swp_pct','0000-00-00 00:00:00:00'),(209,'numJobs','host_idle_jobs','0000-00-00 00:00:00:00'),(210,'pend_jobs','pend_jobs','0000-00-00 00:00:00:00');
/*!40000 ALTER TABLE `poller_data_template_field_mappings` ENABLE KEYS */;
UNLOCK TABLES;

--
-- Table structure for table `poller_item`
--

DROP TABLE IF EXISTS `poller_item`;
/*!40101 SET @saved_cs_client     = @@character_set_client */;
/*!40101 SET character_set_client = utf8 */;
CREATE TABLE `poller_item` (
  `local_data_id` int(10) unsigned NOT NULL DEFAULT 0,
  `poller_id` int(10) unsigned NOT NULL DEFAULT 1,
  `host_id` mediumint(8) unsigned NOT NULL DEFAULT 0,
  `action` tinyint(2) unsigned NOT NULL DEFAULT 1,
  `present` tinyint(3) unsigned NOT NULL DEFAULT 1,
  `last_updated` timestamp NOT NULL DEFAULT current_timestamp() ON UPDATE current_timestamp(),
  `hostname` varchar(100) NOT NULL DEFAULT '',
  `snmp_community` varchar(100) NOT NULL DEFAULT '',
  `snmp_version` tinyint(1) unsigned NOT NULL DEFAULT 0,
  `snmp_username` varchar(50) NOT NULL DEFAULT '',
  `snmp_password` varchar(50) NOT NULL DEFAULT '',
  `snmp_auth_protocol` char(6) NOT NULL DEFAULT '',
  `snmp_priv_passphrase` varchar(200) NOT NULL DEFAULT '',
  `snmp_priv_protocol` char(7) NOT NULL DEFAULT '',
  `snmp_context` varchar(64) DEFAULT '',
  `snmp_engine_id` varchar(64) DEFAULT '',
  `snmp_port` mediumint(5) unsigned NOT NULL DEFAULT 161,
  `snmp_timeout` mediumint(8) unsigned NOT NULL DEFAULT 0,
  `rrd_name` varchar(19) NOT NULL DEFAULT '',
  `rrd_path` varchar(255) NOT NULL DEFAULT '',
  `rrd_num` tinyint(2) unsigned NOT NULL DEFAULT 0,
  `rrd_step` mediumint(8) NOT NULL DEFAULT 300,
  `rrd_next_step` mediumint(8) NOT NULL DEFAULT 0,
  `arg1` text DEFAULT NULL,
  `arg2` varchar(255) DEFAULT NULL,
  `arg3` varchar(255) DEFAULT NULL,
  PRIMARY KEY (`local_data_id`,`rrd_name`),
  KEY `host_id` (`host_id`),
  KEY `action` (`action`),
  KEY `present` (`present`),
  KEY `poller_id_host_id` (`poller_id`,`host_id`),
  KEY `poller_id_rrd_next_step` (`poller_id`,`rrd_next_step`),
  KEY `poller_id_action` (`poller_id`,`action`),
  KEY `poller_id_last_updated` (`poller_id`,`last_updated`)
) ENGINE=InnoDB;
/*!40101 SET character_set_client = @saved_cs_client */;

--
-- Dumping data for table `poller_item`
--

LOCK TABLES `poller_item` WRITE;
/*!40000 ALTER TABLE `poller_item` DISABLE KEYS */;
INSERT INTO `poller_item` VALUES (1,1,1,1,1,'0000-00-00 00:00:00:00','localhost','',0,'','','','','','','',161,500,'mem_buffers','/var/www/html/cacti/rra/local_linux_machine_mem_buffers_1.rrd',1,300,0,'perl /var/www/html/cacti/scripts/linux_memory.pl \'MemFree:\'','',''),(2,1,1,1,1,'0000-00-00 00:00:00:00','localhost','',0,'','','','','','','',161,500,'mem_swap','/var/www/html/cacti/rra/local_linux_machine_mem_swap_2.rrd',1,300,0,'perl /var/www/html/cacti/scripts/linux_memory.pl \'SwapFree:\'','',''),(3,1,1,1,1,'0000-00-00 00:00:00:00','localhost','',0,'','','','','','','',161,500,'','/var/www/html/cacti/rra/local_linux_machine_load_1min_3.rrd',1,300,0,'perl /var/www/html/cacti/scripts/loadavg_multi.pl','',''),(4,1,1,1,1,'0000-00-00 00:00:00:00','localhost','',0,'','','','','','','',161,500,'users','/var/www/html/cacti/rra/local_linux_machine_users_4.rrd',1,300,0,'perl /var/www/html/cacti/scripts/unix_users.pl ','',''),(5,1,1,1,1,'0000-00-00 00:00:00:00','localhost','',0,'','','','','','','',161,500,'proc','/var/www/html/cacti/rra/local_linux_machine_proc_5.rrd',1,300,0,'perl /var/www/html/cacti/scripts/unix_processes.pl','','');
/*!40000 ALTER TABLE `poller_item` ENABLE KEYS */;
UNLOCK TABLES;

--
-- Table structure for table `poller_output`
--

DROP TABLE IF EXISTS `poller_output`;
/*!40101 SET @saved_cs_client     = @@character_set_client */;
/*!40101 SET character_set_client = utf8 */;
CREATE TABLE `poller_output` (
  `local_data_id` int(10) unsigned NOT NULL DEFAULT 0,
  `rrd_name` varchar(19) NOT NULL DEFAULT '',
  `time` timestamp NOT NULL DEFAULT '0000-00-00 00:00:00',
  `output` varchar(512) NOT NULL DEFAULT '',
  PRIMARY KEY (`local_data_id`,`rrd_name`,`time`) USING BTREE
) ENGINE=MEMORY;
/*!40101 SET character_set_client = @saved_cs_client */;

--
-- Table structure for table `poller_output_boost`
--

DROP TABLE IF EXISTS `poller_output_boost`;
/*!40101 SET @saved_cs_client     = @@character_set_client */;
/*!40101 SET character_set_client = utf8 */;
CREATE TABLE `poller_output_boost` (
  `local_data_id` int(10) unsigned NOT NULL DEFAULT 0,
  `rrd_name` varchar(19) NOT NULL DEFAULT '',
  `time` timestamp NOT NULL DEFAULT '0000-00-00 00:00:00',
  `output` varchar(512) NOT NULL,
  PRIMARY KEY (`local_data_id`,`time`,`rrd_name`) USING BTREE
) ENGINE=InnoDB;
/*!40101 SET character_set_client = @saved_cs_client */;

--
-- Table structure for table `poller_output_boost_processes`
--

DROP TABLE IF EXISTS `poller_output_boost_processes`;
/*!40101 SET @saved_cs_client     = @@character_set_client */;
/*!40101 SET character_set_client = utf8 */;
CREATE TABLE `poller_output_boost_processes` (
  `sock_int_value` bigint(20) unsigned NOT NULL AUTO_INCREMENT,
  `status` varchar(255) DEFAULT NULL,
  PRIMARY KEY (`sock_int_value`)
) ENGINE=MEMORY;
/*!40101 SET character_set_client = @saved_cs_client */;

--
-- Table structure for table `poller_output_realtime`
--

DROP TABLE IF EXISTS `poller_output_realtime`;
/*!40101 SET @saved_cs_client     = @@character_set_client */;
/*!40101 SET character_set_client = utf8 */;
CREATE TABLE `poller_output_realtime` (
  `local_data_id` int(10) unsigned NOT NULL DEFAULT 0,
  `rrd_name` varchar(19) NOT NULL DEFAULT '',
  `time` timestamp NOT NULL DEFAULT '0000-00-00 00:00:00',
  `output` text NOT NULL,
  `poller_id` varchar(256) NOT NULL DEFAULT '1',
  PRIMARY KEY (`local_data_id`,`rrd_name`,`time`,`poller_id`),
  KEY `poller_id` (`poller_id`(191)),
  KEY `time` (`time`)
) ENGINE=InnoDB ROW_FORMAT=DYNAMIC;
/*!40101 SET character_set_client = @saved_cs_client */;

--
-- Table structure for table `poller_reindex`
--

DROP TABLE IF EXISTS `poller_reindex`;
/*!40101 SET @saved_cs_client     = @@character_set_client */;
/*!40101 SET character_set_client = utf8 */;
CREATE TABLE `poller_reindex` (
  `host_id` mediumint(8) unsigned NOT NULL DEFAULT 0,
  `data_query_id` mediumint(8) unsigned NOT NULL DEFAULT 0,
  `action` tinyint(3) unsigned NOT NULL DEFAULT 0,
  `present` tinyint(3) unsigned NOT NULL DEFAULT 1,
  `op` char(1) NOT NULL DEFAULT '',
  `assert_value` varchar(100) NOT NULL DEFAULT '',
  `arg1` varchar(255) NOT NULL DEFAULT '',
  PRIMARY KEY (`host_id`,`data_query_id`,`arg1`(187)),
  KEY `present` (`present`)
) ENGINE=InnoDB;
/*!40101 SET character_set_client = @saved_cs_client */;

--
-- Table structure for table `poller_resource_cache`
--

DROP TABLE IF EXISTS `poller_resource_cache`;
/*!40101 SET @saved_cs_client     = @@character_set_client */;
/*!40101 SET character_set_client = utf8 */;
CREATE TABLE `poller_resource_cache` (
  `id` int(10) unsigned NOT NULL AUTO_INCREMENT,
  `resource_type` varchar(20) DEFAULT NULL,
  `md5sum` varchar(32) DEFAULT NULL,
  `path` varchar(191) DEFAULT NULL,
  `update_time` timestamp NOT NULL DEFAULT '0000-00-00 00:00:00',
  `contents` longblob DEFAULT NULL,
  `attributes` int(10) unsigned DEFAULT 0,
  PRIMARY KEY (`id`),
  UNIQUE KEY `path` (`path`)
) ENGINE=InnoDB COMMENT='Caches all scripts, resources files, and plugins';
/*!40101 SET character_set_client = @saved_cs_client */;

--
-- Table structure for table `poller_time`
--

DROP TABLE IF EXISTS `poller_time`;
/*!40101 SET @saved_cs_client     = @@character_set_client */;
/*!40101 SET character_set_client = utf8 */;
CREATE TABLE `poller_time` (
  `id` bigint(20) unsigned NOT NULL AUTO_INCREMENT,
  `pid` int(10) unsigned NOT NULL DEFAULT 0,
  `poller_id` int(10) unsigned NOT NULL DEFAULT 1,
  `start_time` timestamp NOT NULL DEFAULT '0000-00-00 00:00:00',
  `end_time` timestamp NOT NULL DEFAULT '0000-00-00 00:00:00',
  PRIMARY KEY (`id`),
  KEY `poller_id_end_time` (`poller_id`,`end_time`)
) ENGINE=InnoDB;
/*!40101 SET character_set_client = @saved_cs_client */;

--
-- Table structure for table `processes`
--

DROP TABLE IF EXISTS `processes`;
/*!40101 SET @saved_cs_client     = @@character_set_client */;
/*!40101 SET character_set_client = utf8 */;
CREATE TABLE `processes` (
  `id` bigint(20) unsigned NOT NULL AUTO_INCREMENT,
  `pid` int(10) unsigned NOT NULL DEFAULT 0,
  `tasktype` varchar(20) NOT NULL DEFAULT '',
  `taskname` varchar(40) NOT NULL DEFAULT '',
  `taskid` int(10) unsigned NOT NULL DEFAULT 0,
  `timeout` int(10) unsigned DEFAULT 300,
  `started` timestamp NOT NULL DEFAULT current_timestamp(),
  `last_update` timestamp NOT NULL DEFAULT '0000-00-00 00:00:00',
  PRIMARY KEY (`pid`,`tasktype`,`taskname`,`taskid`),
  KEY `tasktype` (`tasktype`),
  KEY `id` (`id`)
) ENGINE=MEMORY COMMENT='Stores Process Status for Cacti Background Processes';
/*!40101 SET character_set_client = @saved_cs_client */;

--
-- Table structure for table `reports`
--

DROP TABLE IF EXISTS `reports`;
/*!40101 SET @saved_cs_client     = @@character_set_client */;
/*!40101 SET character_set_client = utf8 */;
CREATE TABLE `reports` (
  `id` mediumint(8) unsigned NOT NULL AUTO_INCREMENT,
  `user_id` mediumint(8) unsigned NOT NULL DEFAULT 0,
  `name` varchar(100) NOT NULL DEFAULT '',
  `cformat` char(2) NOT NULL DEFAULT '',
  `format_file` varchar(255) NOT NULL DEFAULT '',
  `font_size` smallint(2) unsigned NOT NULL DEFAULT 0,
  `alignment` smallint(2) unsigned NOT NULL DEFAULT 0,
  `graph_linked` char(2) NOT NULL DEFAULT '',
  `intrvl` smallint(2) unsigned NOT NULL DEFAULT 0,
  `count` smallint(2) unsigned NOT NULL DEFAULT 0,
  `offset` int(10) unsigned NOT NULL DEFAULT 0,
  `mailtime` bigint(20) unsigned NOT NULL DEFAULT 0,
  `subject` varchar(64) NOT NULL DEFAULT '',
  `from_name` varchar(40) NOT NULL,
  `from_email` text NOT NULL,
  `email` text NOT NULL,
  `bcc` text NOT NULL,
  `attachment_type` smallint(2) unsigned NOT NULL DEFAULT 1,
  `graph_height` smallint(2) unsigned NOT NULL DEFAULT 0,
  `graph_width` smallint(2) unsigned NOT NULL DEFAULT 0,
  `graph_columns` smallint(2) unsigned NOT NULL DEFAULT 0,
  `thumbnails` char(2) NOT NULL DEFAULT '',
  `lastsent` bigint(20) unsigned NOT NULL DEFAULT 0,
  `enabled` char(2) DEFAULT '',
  PRIMARY KEY (`id`),
  KEY `mailtime` (`mailtime`)
) ENGINE=InnoDB COMMENT='Cacri Reporting Reports';
/*!40101 SET character_set_client = @saved_cs_client */;

--
-- Table structure for table `reports_items`
--

DROP TABLE IF EXISTS `reports_items`;
/*!40101 SET @saved_cs_client     = @@character_set_client */;
/*!40101 SET character_set_client = utf8 */;
CREATE TABLE `reports_items` (
  `id` int(10) unsigned NOT NULL AUTO_INCREMENT,
  `report_id` int(10) unsigned NOT NULL DEFAULT 0,
  `item_type` tinyint(1) unsigned NOT NULL DEFAULT 1,
  `tree_id` int(10) unsigned NOT NULL DEFAULT 0,
  `branch_id` int(10) unsigned NOT NULL DEFAULT 0,
  `tree_cascade` char(2) NOT NULL DEFAULT '',
  `graph_name_regexp` varchar(128) NOT NULL DEFAULT '',
  `site_id` int(10) NOT NULL DEFAULT -1,
  `host_template_id` int(10) NOT NULL DEFAULT -1,
  `host_id` int(10) NOT NULL DEFAULT -1,
  `graph_template_id` int(10) NOT NULL DEFAULT -1,
  `local_graph_id` int(10) unsigned NOT NULL DEFAULT 0,
  `timespan` int(10) unsigned NOT NULL DEFAULT 0,
  `align` tinyint(1) unsigned NOT NULL DEFAULT 1,
  `item_text` text NOT NULL,
  `font_size` smallint(2) unsigned NOT NULL DEFAULT 10,
  `sequence` smallint(5) unsigned NOT NULL DEFAULT 0,
  PRIMARY KEY (`id`),
  KEY `report_id` (`report_id`)
) ENGINE=InnoDB COMMENT='Cacti Reporting Items';
/*!40101 SET character_set_client = @saved_cs_client */;

--
-- Table structure for table `rrdcheck`
--

DROP TABLE IF EXISTS `rrdcheck`;
/*!40101 SET @saved_cs_client     = @@character_set_client */;
/*!40101 SET character_set_client = utf8 */;
CREATE TABLE `rrdcheck` (
  `local_data_id` mediumint(8) unsigned NOT NULL,
  `test_date` timestamp NOT NULL DEFAULT '0000-00-00 00:00:00',
  `message` varchar(250) DEFAULT ''
) ENGINE=InnoDB ROW_FORMAT=DYNAMIC COMMENT='Store result of RRDcheck';
/*!40101 SET character_set_client = @saved_cs_client */;

--
-- Table structure for table `sessions`
--

DROP TABLE IF EXISTS `sessions`;
/*!40101 SET @saved_cs_client     = @@character_set_client */;
/*!40101 SET character_set_client = utf8 */;
CREATE TABLE `sessions` (
  `id` varchar(32) NOT NULL,
  `remote_addr` varchar(25) NOT NULL DEFAULT '',
  `access` int(10) unsigned DEFAULT NULL,
  `data` mediumblob DEFAULT NULL,
  `user_id` int(10) unsigned NOT NULL DEFAULT 0,
  `user_agent` varchar(128) NOT NULL DEFAULT '',
  `start_time` timestamp NOT NULL DEFAULT current_timestamp(),
  `transactions` int(10) unsigned NOT NULL DEFAULT 1,
  PRIMARY KEY (`id`)
) ENGINE=InnoDB COMMENT='Used for Database based Session Storage';
/*!40101 SET character_set_client = @saved_cs_client */;

--
-- Table structure for table `settings`
--

DROP TABLE IF EXISTS `settings`;
/*!40101 SET @saved_cs_client     = @@character_set_client */;
/*!40101 SET character_set_client = utf8 */;
CREATE TABLE `settings` (
  `name` varchar(75) NOT NULL DEFAULT '',
  `value` varchar(4096) NOT NULL DEFAULT '',
  PRIMARY KEY (`name`)
) ENGINE=InnoDB;
/*!40101 SET character_set_client = @saved_cs_client */;

--
-- Dumping data for table `settings`
--

LOCK TABLES `settings` WRITE;
/*!40000 ALTER TABLE `settings` DISABLE KEYS */;
INSERT INTO `settings` VALUES ('add_summary_device','on'),('admin_user','1'),('advocate_port','8089'),('ajax_filter_enabled',''),('auth_cache_enabled','on'),('auth_method','1'),('autocomplete_enabled','1'),('autocomplete_rows','30'),('automation_email',''),('automation_fromemail',''),('automation_fromname',''),('automation_graphs_enabled','on'),('automation_tree_enabled','on'),('availability_method','0'),('axis_size','7'),('base_url',CONCAT('http://', @@hostname, '/cacti/')),('benchmark_db_version','10.2.0.15'),('benchmark_part_version','10.2.0.15'),('benchmark_total_benchmarks','0'),('benchmark_version','10.2.0.15'),('boost_parallel','1'),('boost_png_cache_enable',''),('boost_poller_mem_limit','2048'),('boost_redirect',''),('boost_rrd_update_enable',''),('boost_rrd_update_interval','60'),('boost_rrd_update_max_records','1000000'),('boost_rrd_update_max_records_per_select','50000'),('boost_rrd_update_max_runtime','1200'),('boost_rrd_update_string_length','2000'),('boost_rrd_update_system_enable',''),('concurrent_processes','1'),('cron_interval','300'),('date',NOW()),('default_date_format','4'),('default_datechar','1'),('default_graph_height','150'),('default_graph_width','500'),('default_graphs_new_dropdown','-2'),('default_has',''),('default_image_format','1'),('default_poller','1'),('default_site','1'),('default_template','1'),('deletion_verification','on'),('device_threads','1'),('disku_bypass_directories','.snapshot'),('disku_db_version','10.2'),('disku_device_add','on'),('disku_level1','meta_col4'),('disku_level2','meta_col5'),('disku_level3','meta_col6'),('disku_part_version','10.2'),('disku_version','10.2.0.15'),('drag_and_drop','on'),('dsstats_daily_interval','60'),('dsstats_enable',''),('dsstats_hourly_duration','60'),('dsstats_major_update_time','12:00am'),('dsstats_poller_mem_limit','1024'),('enable_snmp_agent',''),('font_method','1'),('force_https',''),('graph_auth_method','1'),('graph_watermark','Generated by IBM Spectrum LSF RTM'),('grds_creation_method','0'),('grid_archive_rrd_files','off'),('grid_archive_rrd_location','/var/www/html/cacti/rraarchive'),('grid_backup_enable','on'),('grid_backup_generations','4'),('grid_backup_partitions','1'),('grid_backup_path','/var/www/html/cacti/backup'),('grid_backup_restore_host_file',''),('grid_backup_schedule','d'),('grid_backup_weekday','0'),('grid_cache_dir','/var/www/html/cacti/gridcache'),('grid_collection_enabled','on'),('grid_copyright_year','2006-2024'),('grid_db_version','10.2.0.15'),('grid_host_autopurge','1'),('grid_job_stats_fromhost_enabled',''),('grid_job_stats_project_enabled',''),('grid_license_poller_failure_count','2'),('grid_license_poller_interval','300'),('grid_license_poller_recovery_count','2'),('grid_license_poller_threads','5'),('grid_license_project_tracking',''),('grid_os','OFF'),('grid_part_version','10.2.0.15'),('grid_partitioning_enable','on'),('grid_partitions_upgrade_status','done'),('grid_pendreason_full_collection',''),('grid_short_hostname','on'),('grid_system_collection_enabled','on'),('grid_thold_resdown_status','1'),('grid_utime_stime_zero_collection',''),('grid_version','10.2.0.15'),('grid_xport_rows','1000'),('gridalarms_db_version','10.2.0.0'),('gridalarms_part_version','10.2'),('gridalarms_version','10.2.0.15'),('gridblstat_db_version','10.2.0.15'),('gridblstat_part_version','10.2'),('gridblstat_version','10.2.0.15'),('gridpend_db_version','10.2.0.0'),('gridpend_poller_mem_limit','2048'),('guest_user','0'),('help_loc_online_kc','https://www.ibm.com/support/knowledgecenter/SSZT2D_10.2.0'),('heuristics_db_version','10.2.0.15'),('heuristics_part_version','10.2.0.13'),('heuristics_version','10.2.0.15'),('hide_console',''),('hide_form_description',''),('i18n_auto_detection','1'),('i18n_default_language','en-US'),('i18n_language_support','1'),('install_complete',UNIX_TIMESTAMP(NOW(6))),('install_started',UNIX_TIMESTAMP(NOW(6))),('install_theme','spectrum'),('install_updated',UNIX_TIMESTAMP(NOW(6))),('ldap_encryption','0'),('ldap_group_member_type','1'),('ldap_group_require',''),('ldap_mode','0'),('ldap_port','389'),('ldap_port_ssl','636'),('ldap_referrals','0'),('ldap_version','3'),('legend_size','8'),('lic_add_device','on'),('lic_add_features_graph',''),('lic_data_retention','2weeks'),('lic_db_maint_time','12:00am'),('lic_db_upgrade','0'),('license_db_version','10.2.0.12'),('license_part_version','10.2'),('license_version','10.2.0.15'),('log_destination','1'),('log_perror','on'),('log_pstats',''),('log_pwarn',''),('log_refresh_interval','60'),('log_validation',''),('log_verbosity','2'),('logrotate_enabled','on'),('logrotate_frequency','1'),('logrotate_retain','7'),('max_data_query_field_length','40'),('max_display_rows','1000'),('max_get_size','10'),('max_threads','1'),('max_title_length','110'),('notify_admin',''),('ntp_server','pool.ntp.org'),('num_rows_log','500'),('num_rows_table','30'),('oid_increasing_check_disable',''),('path_cactilog','/var/www/html/cacti/log/cacti.log'),('path_php_binary','/usr/bin/php'),('path_rrdtool','/usr/bin/rrdtool'),('path_rrdtool_default_font',''),('path_snmpbulkwalk','/usr/bin/snmpbulkwalk'),('path_snmpget','/usr/bin/snmpget'),('path_snmpgetnext','/usr/bin/snmpgetnext'),('path_snmptrap','/usr/bin/snmptrap'),('path_snmpwalk','/usr/bin/snmpwalk'),('path_stderrlog','/var/www/html/cacti/log/cacti_stderr.log'),('path_stderrrlog','/var/www/html/cacti/log/cacti_stderr.log'),('path_webroot','/var/www/html/cacti'),('php_servers','1'),('ping_failure_count','2'),('ping_method','2'),('ping_port','23'),('ping_recovery_count','3'),('ping_retries','1'),('ping_timeout','400'),('poller_debug',''),('poller_enabled','on'),('poller_interval','300'),('poller_replicate_data_input_crc','3025665e1676d3d39a7fb3e8339df889d29b61fc'),('poller_replicate_data_input_fields_crc','099b67c1c0f4ee787e7dcfbfad40a3bd02bd8226'),('poller_replicate_data_source_cache_crc_1','7d00ba4112c7be40cef77a937366c4c84a437c2d'),('poller_replicate_device_cache_crc_1','7f540b916031913af79d74488f54b2f6f03e9fe9'),('poller_replicate_snmp_query_crc','91341a6a03b82f9531e9bb414979d80efadfe6c9'),('poller_sync_interval','7200'),('poller_type','1'),('process_leveling','on'),('realtime_cache_path','/var/www/html/cacti/cache/realtime/'),('realtime_enabled','on'),('realtime_gwindow','60'),('realtime_interval','10'),('reindex_method','1'),('remote_agent_timeout','5'),('reports_allow_ln',''),('reports_default_image_format','1'),('reports_log_verbosity','2'),('reports_max_attach','10485760'),('rrd_archive','/var/www/html/cacti/rra/archive/'),('rrd_autoclean',''),('rrd_autoclean_method','1'),('rrdp_fingerprint',''),('rrdp_fingerprint_backup',''),('rrdp_port','40301'),('rrdp_port_backup','40301'),('rsa_fingerprint','ed:aa:54:f1:e7:9b:dc:26:bf:d2:2f:41:66:04:48:a8'),('rsa_private_key','-----BEGIN RSA PRIVATE KEY----- MIIEowIBAAKCAQEAyJ/bm7JVJ1wYaFAS2o7/vc7/PZgjB1tHoNc69buSSQfW6Fkz +rYY8mEmgiTB3sdgGWwQdvYf+ypCZZaxqhM9izLaixZg9qceYbfJ1yWpXihOtHRv 1Q9kCtHP0g6p2XDAn6Itjo8EWMS+obkeujjcz5VlAgC7ast0SzhyP2F2OVlYmnT9 SzVPd0djn02K3i3jUBgE39s9wdvSq8caKctqKKHr/ZV2v/OWGelsd7BxXitgheQ/ njMNOvfF30/mZ9jmBMoyemD8tCvQb42uEnx+HWpw5lgIzO6yDaFEUUIMwarENwMB EWqmcpK1YeiQuBgHmSt7uJ8xsCAoy+RtctH0awIDAQABAoIBABO9701N6iU6Ych6 ALDzG2VhJiq4etHxgIXqSAoAUC/RjqtEg+Hq41+OgcySs2Upt2IpCSG7rH/5s5jt kEQNKqQ0995x8E61OT8iZ8E9GoKCcuQ9BPgxUIXkCZBBEyOrfbj3q4X4utPFYIDn h4eJqujeaZcd3VNv+9yfDFcCTzDrVe7ZGG50u4HGaFl76hjLaPdlsITXsSGoRU1W x4nHXGjwI5ua3GYkQSo0vxPGLXmZgNcz/1Ax1Jv6jm5uVkKppSUCxeVysfxP7lhQ xcZ7jUDdUrAv9LQd5Fuef+Wlb5LyF90zI0WwXvXKlmJkVFMZueBq6iai0e/pjMsm rsQteGkCgYEA/nh3DITqSr4sw5x2zaUlLlTHwEe/ypEhugd2aT+E4AQgy3J9QsfE vpfTeS5YszilK5ecO5VLpfcmcWX7XCxr+8VR/Y245X0wKYlEEJqLid8+YhBGBW/s cCvpDHLDO8hUQgZNv/ByBfsUjZYyMGoVK4I59qnuYkvlR7BJwnJJjAcCgYEAydSL NTBQk86pkM/Roo7+3y+vs11ja4PfzyPlKMZvGf1DTHUVlTmJVjMiPrA5kFidLF47 DelW/zB6qDuxAR80j'),('rsa_public_key','-----BEGIN PUBLIC KEY----- MIIBIjANBgkqhkiG9w0BAQEFAAOCAQ8AMIIBCgKCAQEAyJ/bm7JVJ1wYaFAS2o7/ vc7/PZgjB1tHoNc69buSSQfW6Fkz+rYY8mEmgiTB3sdgGWwQdvYf+ypCZZaxqhM9 izLaixZg9qceYbfJ1yWpXihOtHRv1Q9kCtHP0g6p2XDAn6Itjo8EWMS+obkeujjc z5VlAgC7ast0SzhyP2F2OVlYmnT9SzVPd0djn02K3i3jUBgE39s9wdvSq8caKctq KKHr/ZV2v/OWGelsd7BxXitgheQ/njMNOvfF30/mZ9jmBMoyemD8tCvQb42uEnx+ HWpw5lgIzO6yDaFEUUIMwarENwMBEWqmcpK1YeiQuBgHmSt7uJ8xsCAoy+RtctH0 awIDAQAB -----END PUBLIC KEY-----'),('script_timeout','25'),('secpass_expireaccount','0'),('secpass_expirepass','0'),('secpass_forceold',''),('secpass_history','0'),('secpass_lockfailed','5'),('secpass_minlen','8'),('secpass_reqmixcase','on'),('secpass_reqnum','on'),('secpass_reqspec','on'),('secpass_unlocktime','1440'),('selected_theme','spectrum'),('selective_debug',''),('selective_device_debug',''),('selective_plugin_debug',''),('settings_dns_primary',''),('settings_dns_secondary',''),('settings_dns_timeout','500'),('settings_how','PHP Mail() ??'),('settings_ping_mail','0'),('settings_sendmail_path','/usr/sbin/sendmail'),('settings_smtp_host','localhost'),('settings_smtp_port','25'),('settings_smtp_secure','none'),('settings_smtp_timeout','10'),('settings_wordwrap','120'),('snmp_auth_protocol','MD5'),('snmp_bulk_walk_size','10'),('snmp_community','public'),('snmp_context',''),('snmp_engine_id',''),('snmp_password',''),('snmp_port','161'),('snmp_priv_passphrase',''),('snmp_priv_protocol','DES'),('snmp_retries','3'),('snmp_security_level','authPriv'),('snmp_timeout','500'),('snmp_username',''),('snmp_version','0'),('spikekill_avgnan','last'),('spikekill_backupdir','/var/www/html/cacti/cache/spikekill/'),('spikekill_basetime','12:00am'),('spikekill_batch','0'),('spikekill_deviations','10'),('spikekill_method','2'),('spikekill_number','5'),('spikekill_outliers','5'),('spikekill_percent','1000'),('spine_log_level','0'),('storage_location','0'),('syslog_alert_retention','30'),('syslog_domains',''),('syslog_enabled','on'),('syslog_html','on'),('syslog_maxrecords','100'),('syslog_refresh','300'),('syslog_retention','30'),('syslog_statistics',''),('syslog_validate_hostname',''),('thold_empty_if_speed_default','10000'),('thold_enable_per_thold_body','on'),('thold_enable_scripts','on'),('thold_log_storage','31'),('timezone','America/New_York'),('title_size','10'),('unit_size','7'),('user_template','0');
/*!40000 ALTER TABLE `settings` ENABLE KEYS */;
UNLOCK TABLES;

--
-- Table structure for table `settings_tree`
--

DROP TABLE IF EXISTS `settings_tree`;
/*!40101 SET @saved_cs_client     = @@character_set_client */;
/*!40101 SET character_set_client = utf8 */;
CREATE TABLE `settings_tree` (
  `user_id` mediumint(8) unsigned NOT NULL DEFAULT 0,
  `graph_tree_item_id` int(10) unsigned NOT NULL DEFAULT 0,
  `status` tinyint(1) NOT NULL DEFAULT 0,
  PRIMARY KEY (`user_id`,`graph_tree_item_id`)
) ENGINE=InnoDB;
/*!40101 SET character_set_client = @saved_cs_client */;

--
-- Table structure for table `settings_user`
--

DROP TABLE IF EXISTS `settings_user`;
/*!40101 SET @saved_cs_client     = @@character_set_client */;
/*!40101 SET character_set_client = utf8 */;
CREATE TABLE `settings_user` (
  `user_id` smallint(8) unsigned NOT NULL DEFAULT 0,
  `name` varchar(75) NOT NULL DEFAULT '',
  `value` varchar(4096) NOT NULL DEFAULT '',
  PRIMARY KEY (`user_id`,`name`)
) ENGINE=InnoDB;
/*!40101 SET character_set_client = @saved_cs_client */;

--
-- Dumping data for table `settings_user`
--

LOCK TABLES `settings_user` WRITE;
/*!40000 ALTER TABLE `settings_user` DISABLE KEYS */;
INSERT INTO `settings_user` VALUES (1,'selected_theme','spectrum'),(1,'user_language','en-US');
/*!40000 ALTER TABLE `settings_user` ENABLE KEYS */;
UNLOCK TABLES;

--
-- Table structure for table `settings_user_group`
--

DROP TABLE IF EXISTS `settings_user_group`;
/*!40101 SET @saved_cs_client     = @@character_set_client */;
/*!40101 SET character_set_client = utf8 */;
CREATE TABLE `settings_user_group` (
  `group_id` smallint(8) unsigned NOT NULL DEFAULT 0,
  `name` varchar(50) NOT NULL DEFAULT '',
  `value` varchar(2048) NOT NULL DEFAULT '',
  PRIMARY KEY (`group_id`,`name`)
) ENGINE=InnoDB COMMENT='Stores the Default User Group Graph Settings';
/*!40101 SET character_set_client = @saved_cs_client */;

--
-- Table structure for table `sites`
--

DROP TABLE IF EXISTS `sites`;
/*!40101 SET @saved_cs_client     = @@character_set_client */;
/*!40101 SET character_set_client = utf8 */;
CREATE TABLE `sites` (
  `id` int(10) unsigned NOT NULL AUTO_INCREMENT,
  `name` varchar(100) NOT NULL DEFAULT '',
  `address1` varchar(100) DEFAULT '',
  `address2` varchar(100) DEFAULT '',
  `city` varchar(50) DEFAULT '',
  `state` varchar(20) DEFAULT NULL,
  `postal_code` varchar(20) DEFAULT '',
  `country` varchar(30) DEFAULT '',
  `timezone` varchar(40) DEFAULT '',
  `latitude` decimal(13,10) NOT NULL DEFAULT 0.0000000000,
  `longitude` decimal(13,10) NOT NULL DEFAULT 0.0000000000,
  `zoom` tinyint(3) unsigned DEFAULT NULL,
  `alternate_id` varchar(30) DEFAULT '',
  `notes` varchar(1024) DEFAULT NULL,
  PRIMARY KEY (`id`),
  KEY `name` (`name`),
  KEY `city` (`city`),
  KEY `state` (`state`),
  KEY `postal_code` (`postal_code`),
  KEY `country` (`country`),
  KEY `alternate_id` (`alternate_id`)
) ENGINE=InnoDB COMMENT='Contains information about customer sites';
/*!40101 SET character_set_client = @saved_cs_client */;

--
-- Dumping data for table `sites`
--

LOCK TABLES `sites` WRITE;
/*!40000 ALTER TABLE `sites` DISABLE KEYS */;
INSERT INTO `sites` VALUES (1,'Edge','','','','','','','',0.0000000000,0.0000000000,0,'',''),(2,'Core','','','','','','','',0.0000000000,0.0000000000,0,'','');
/*!40000 ALTER TABLE `sites` ENABLE KEYS */;
UNLOCK TABLES;

--
-- Table structure for table `snmp_query`
--

DROP TABLE IF EXISTS `snmp_query`;
/*!40101 SET @saved_cs_client     = @@character_set_client */;
/*!40101 SET character_set_client = utf8 */;
CREATE TABLE `snmp_query` (
  `id` mediumint(8) unsigned NOT NULL AUTO_INCREMENT,
  `hash` varchar(32) NOT NULL DEFAULT '',
  `xml_path` varchar(255) NOT NULL DEFAULT '',
  `name` varchar(100) NOT NULL DEFAULT '',
  `description` varchar(255) DEFAULT NULL,
  `graph_template_id` mediumint(8) unsigned NOT NULL DEFAULT 0,
  `data_input_id` mediumint(8) unsigned NOT NULL DEFAULT 0,
  PRIMARY KEY (`id`),
  KEY `name` (`name`)
) ENGINE=InnoDB;
/*!40101 SET character_set_client = @saved_cs_client */;

--
-- Dumping data for table `snmp_query`
--

LOCK TABLES `snmp_query` WRITE;
/*!40000 ALTER TABLE `snmp_query` DISABLE KEYS */;
INSERT INTO `snmp_query` VALUES (1,'8ffa36c1864124b38bcda2ae9bd61f46','<path_cacti>/resource/script_queries/unix_disk.xml','Unix - Get Mounted Partitions','Queries a list of mounted partitions on a unix-based host with the',0,11),(2,'d75e406fdeca4fcef45b8be3a9a63cbc','<path_cacti>/resource/snmp_queries/interface.xml','SNMP - Interface Statistics','Queries a host for a list of monitorable interfaces',0,2),(3,'fadf071b0c4cb428c9ad83ff60f08203','<path_cacti>/resource/script_server/lic_flexlm_licenses.xml','LM License - Server Information','LM License Server Information',0,12),(4,'61b4fd11db421d90f1f599a4f2204c29','<path_cacti>/resource/script_server/lic_flexlm_host_feature.xml','LM License - Host Feature Usage','LM License Host Feature Usage Information',0,12),(5,'80eec23a8ebd43b97d2cbd8102d71f73','<path_cacti>/resource/script_server/lic_flexlm_user_feature.xml','LM License - User Feature Usage','LM License User Feature Usage Information',0,12),(6,'2467b9ab4bedbcb14c29b7142fe6eecf','<path_cacti>/resource/script_server/lic_flexlm_vendor_feature.xml','LM License - Vendor Feature Usage','LM License Vendor Feature Usage Information',0,12),(7,'e19ac62de5a098278eeb78d40978e329','<path_cacti>/resource/script_server/lic_flexlm_server_usage.xml','LM License - License Server Usage','LM License Server Usage Information',0,12),(8,'d1b385d95af5b269b4e643c48e1e2702','<path_cacti>/resource/script_server/lic_flexlm_license_svr_stats.xml','LM Summary - License Server Stats','License Server Runtime Statistics',0,12),(9,'cac3fc5b68e160b0641cfe9e2f261ae4','<path_cacti>/resource/script_server/lic_flexlm_licenses_summary.xml','LM Summary - License Summary Feature Use','Graphs that provides usage of a feature accross the enterprise',0,12),(10,'3c1b27d94ad208a0090f293deadde753','<path_cacti>/resource/snmp_queries/net-snmp_disk.xml','Net-SNMP -  Get Monitored Partitions','Retrieves a list of monitored partitions/disks from a net-snmp enabled host.',0,2),(11,'88ab1dc3a1dd69cf8eb76845f3bb957e','<path_cacti>/resource/script_server/grid_queue_stats.xml','GRID - Queue - Information','Provides a mechanism to obtain comprehensive queues stats from a Grid',0,12),(12,'6aeca74bf0039243d9514bd19eeb706f','<path_cacti>/resource/script_server/grid_hgroup_stats.xml','GRID - Host Group Stats','Host Group Statistics for LSF Hosts',0,12),(13,'64616d4b4353ac427ae5a1d6950e6264','<path_cacti>/resource/script_server/grid_ugroup_stats.xml','GRID - User Group Stats','Graph Templates Associated with User Groups',0,12),(14,'cf5dc3cab4dcad9a864971ad19205596','<path_cacti>/resource/script_server/grid_user_stats.xml','GRID - Users - Job Stats','Jobs about users and their Job Counts',0,12),(15,'db9a8a8d7e457d910deb5a301f661dd1','<path_cacti>/resource/script_server/grid_sresource.xml','GRID - Cluster Shared Resources','Display Shared Resources Consumption',0,12),(16,'4de1a8589269007c10b4b17df53cd27f','<path_cacti>/resource/script_server/grid_projects_lvl1_stats.xml','GRID - Projects - Level 1 - Graphs','Project Graphs at Level 1 of Project Hierarchy',0,12),(17,'7636c0d58a813a47987e25caf3556b4b','<path_cacti>/resource/script_server/grid_lprojects.xml','GRID - License Project Graphs','Graphs for LSF License Projects',0,12),(18,'0267437b46a292e27772e5c5787719bc','<path_cacti>/resource/script_server/grid_applications_stats.xml','GRID - Applications - Graphs','Graph Templates Associated with Applications',0,12),(19,'cb50d45044ed8d6f76389b600747fad7','<path_cacti>/resource/script_server/grid_jgroups_stats.xml','GRID - Job Groups - Graphs','Graph Templates Associated with Job Groups',0,12),(20,'9d364ee4fd3b15ddeac9453ff046b4f2','<path_cacti>/resource/script_server/grid_gslas.xml','GRID - Guarantee SLA Resource Usage','Provides a mechanism to obtain comprehensive Guarantee SLA stats from a Grid',0,12),(21,'15798e52a849f6d3738fc517eef4dd4c','<path_cacti>/resource/script_server/grid_grespool.xml','GRID - Guarantee Resource Pool Usage','Provides a mechanism to obtain comprehensive Guarantee Resource Pool stats from a Grid',0,12),(22,'df901648b4a72d6efab70f851273b9ea','<path_cacti>/resource/script_server/grid_benchmarks.xml','GRID - Benchmarks - Graphs','Benchmark information for Clusters',0,12),(23,'cf395279d717d8a77e45d18dfd3af2bd','<path_cacti>/resource/script_server/grid_fstree_stats.xml','GRID - Queue - Fairshare Stats','Statistics about Fairshare Tree\'s',0,12),(24,'59aab7b0feddc7860002ed9303085ba5','<path_cacti>/resource/snmp_queries/kbridge.xml','Karlnet - Wireless Bridge Statistics','Gets information about the wireless connectivity of each station from a Karlnet bridge.',0,2),(25,'9343eab1f4d88b0e61ffc9d020f35414','<path_cacti>/resource/script_server/host_disk.xml','SNMP - Get Mounted Partitions','Gets a list of partitions using SNMP',0,12),(26,'0d1ab53fe37487a5d0b9e1d3ee8c1d0d','<path_cacti>/resource/script_server/host_cpu.xml','SNMP - Get Processor Information','Gets usage for each processor in the system using the host MIB.',0,12),(27,'ad06f46e22e991cb47c95c7233cfaee8','<path_cacti>/resource/snmp_queries/netware_disk.xml','Netware - Get Available Volumes','Retrieves a list of volumes from a Netware server.',0,2),(28,'30ec734bc0ae81a3d995be82c73f46c1','<path_cacti>/resource/snmp_queries/netware_cpu.xml','Netware - Get Processor Information','Gets information about running processors in a Netware server',0,2),(29,'86996e51b94d970ecd821b7e1a3fef5d','<path_cacti>/resource/script_server/grid_projects.xml','GRID - Projects - All - Graphs','All Project Information for Clusters',0,12),(30,'51b53ceb3f70861c47fd169dae72a3bf','<path_cacti>/resource/script_server/grid_lscheduler_bc.xml','GRID - License Scheduler by Cluster','Graphs for License Scheduler Data at Cluster Level',0,12),(31,'52beb3a749e29867b2d5d92f1a487e09','<path_cacti>/resource/script_server/grid_lscheduler_bf.xml','GRID - License Scheduler by Feature','License Scheduler Stats by Feature and Service Domain',0,12),(32,'276d7b3235d9fe1071346abfcbead663','<path_cacti>/resource/script_server/grid_lscheduler_bp.xml','GRID - License Scheduler by Project','License Feature Use Statistics by Project',0,12),(33,'e1458d6832066ae20b19f7dd6ba62002','<path_cacti>/resource/script_server/grid_lscheduler_bcs.xml','GRID - License Scheduler by Cluster Summary','Summary Statistics by Cluster for License Scheduler Usage',0,12),(34,'0a47e16083078ce8f165cb220c2d0306','<path_cacti>/resource/script_server/grid_lscheduler_bcms.xml','GRID - License Scheduler by Cluster Mode','Provide Single Graph of Cluster Mode Stats',0,12),(35,'439617ebef50ab9be20c168f882d187e','<path_cacti>/resource/script_server/disku_extensions.xml','DISKU - Extension Totals','Reports Total Files, Directories and Size on Disk for Registered Extensions',0,12),(36,'7cf1dba8b514a771435530e768366af7','<path_cacti>/resource/script_server/disku_users.xml','DISKU - User Totals','Reports Total Files, Directories and Size on Disk for Each User',0,12),(37,'9150850f675973783afdb82684254948','<path_cacti>/resource/script_server/disku_groups.xml','DISKU - Group Totals','Reports Total Files, Directories, and Size on Disk for all Groups',0,12),(38,'a1f6a75855fc8d1ed526031e1a0de7e7','<path_cacti>/resource/script_server/disku_applications.xml','DISKU - Application Totals','Reports Total Files, Directories and Size on Disk for Applications',0,12),(39,'c1b62fd8f7ba9ecabc450f764e996513','<path_cacti>/resource/script_server/disku_tagnames.xml','DISKU - Tagame Totals','Reports Total Files, Directories and Size on Disk for Tagnames',0,12),(40,'f319b29a29f238701413d1bc1293f173','<path_cacti>/resource/script_server/disku_orgs.xml','DISKU - Organization Totals','Reports Total Files, Directories and Size on Disk for Each Organization',0,12),(41,'ad574050ad411342d40035133cdef860','<path_cacti>/resource/script_server/disku_filesystems.xml','DISKU - Filesystem Usage','Tracks all the mounted file filesystems on a system and free space',0,12),(42,'ac3206c4b9dffc75c9cacd5e23be2826','<path_cacti>/resource/script_server/grid_pool.xml','GRID - Pool - Effective Utilization','Effective Utilization Graphs for Guarantee Pools',0,12),(43,'f743aabcb4e239afd2edeb49fa250496','<path_cacti>/resource/script_server/grid_gpu_status.xml','GRID - Host GPU Status','GPU Satus for LSF Host',0,12);
/*!40000 ALTER TABLE `snmp_query` ENABLE KEYS */;
UNLOCK TABLES;

--
-- Table structure for table `snmp_query_graph`
--

DROP TABLE IF EXISTS `snmp_query_graph`;
/*!40101 SET @saved_cs_client     = @@character_set_client */;
/*!40101 SET character_set_client = utf8 */;
CREATE TABLE `snmp_query_graph` (
  `id` mediumint(8) unsigned NOT NULL AUTO_INCREMENT,
  `hash` varchar(32) NOT NULL DEFAULT '',
  `snmp_query_id` mediumint(8) unsigned NOT NULL DEFAULT 0,
  `name` varchar(100) NOT NULL DEFAULT '',
  `graph_template_id` mediumint(8) unsigned NOT NULL DEFAULT 0,
  PRIMARY KEY (`id`),
  KEY `graph_template_id_name` (`graph_template_id`,`name`),
  KEY `snmp_query_id_name` (`snmp_query_id`,`name`)
) ENGINE=InnoDB;
/*!40101 SET character_set_client = @saved_cs_client */;

--
-- Dumping data for table `snmp_query_graph`
--

LOCK TABLES `snmp_query_graph` WRITE;
/*!40000 ALTER TABLE `snmp_query_graph` DISABLE KEYS */;
INSERT INTO `snmp_query_graph` VALUES (1,'a0b3e7b63c2e66f9e1ea24a16ff245fc',1,'Available Disk Space',5),(2,'a4b829746fb45e35e10474c36c69c0cf',2,'In/Out Errors/Discarded Packets',15),(3,'01e33224f8b15997d3d09d6b1bf83e18',2,'In/Out Non-Unicast Packets',17),(4,'1e6edee3115c42d644dbd014f0577066',2,'In/Out Unicast Packets',16),(5,'ab93b588c29731ab15db601ca0bc9dec',2,'In/Out Bytes (64-bit Counters)',18),(6,'ae34f5f385bed8c81a158bf3030f1089',2,'In/Out Bits',14),(7,'1e16a505ddefb40356221d7a50619d91',2,'In/Out Bits (64-bit Counters)',14),(8,'d1e0d9b8efd4af98d28ce2aad81a87e7',2,'In/Out Bytes',18),(9,'ed7f68175d7bb83db8ead332fc945720',2,'In/Out Bits with 95th Percentile',19),(10,'f85386cd2fc94634ef167c7f1e5fbcd0',2,'In/Out Bits with Total Bandwidth',20),(11,'7d309bf200b6e3cdb59a33493c2e58e0',2,'In/Out Bytes with Total Bandwidth',21),(12,'9c4403070a529eed04304d1fbd88f699',3,'LM License - Feature Use',23),(13,'a9b8db1140ba82262352a5790a6b7f89',4,'LM License - Host Feature Usage',24),(14,'b4f418e3374064156b5110b1fb283fcc',5,'LM License - User Feature Usage',25),(15,'30b09edb646c6911e577eeba7c8bbbd0',6,'LM License - Vendor Feature Usage',26),(16,'638a17c953083833e299f1b73ef18a15',7,'LM License - License Server Usage',27),(17,'44ee8946db6965f9188a37dec9a9a5bb',8,'LM Summary - License Server Stats',28),(18,'1089aa277f4d817651d7a9754d8511b1',9,'LM Summary - License Feature Summary Use',29),(19,'da43655bf1f641b07579256227806977',10,'Available/Used Disk Space',39),(20,'0eb0e1cffc1eeead07d0402b2c67ca38',11,'GRID - Queue - Job Information',55),(21,'b04c0ed97745b33ac67cdae8d97a7662',11,'GRID - Queue - Pending Times',54),(22,'377c0f5618218a52159e3f825c7c5ac0',11,'GRID - Queue - Dispatch Times',56),(23,'7ec521bc542de940b10f4a398e420db4',11,'GRID - Queue - Distinct Users',57),(24,'70df47e6ac735e4d4c43f71646e63feb',11,'GRID - Queue - Hourly Throughput',58),(25,'3e67fdb97c03e3e53b9804674df87bbd',11,'GRID - Queue - Slot Status',59),(26,'96e287c54a55bee2f8e552b7fc316876',11,'GRID - Queue - Pending Slots',60),(27,'8d2fda8e28e522afbab595c42e36889c',11,'GRID - Queue - Running Slots',61),(28,'fb8e1750a1f042b097e8fe4f61ab09ff',11,'GRID - Queue - Effective Utilization',62),(29,'498c835b432f455b2c358e66496449bd',11,'GRID - Queue - Pending/Running Slots',63),(30,'d16118e63f8292997fc136bebcc85e0e',12,'GRID - Host Group - CPU Utilization',64),(31,'8f1364c9ba85120b6c3c9fb3f3284165',12,'GRID - Host Group - Paging/IO Rates',65),(32,'c84f56cb44f581aed989dd56a949bfc2',12,'GRID - Host Group - CPU Capacity',66),(33,'860c76cde29b845b6ad417335e177494',12,'GRID - Host Group - Slot Utilization',67),(34,'54fe4abd68f7b36f96487f1be05d10a1',12,'GRID - Host Group - Done and Exited Jobs',68),(35,'04b6a263df8786c082754a5fc1bceced',12,'GRID - Host Group - Running Jobs',70),(36,'3b0b18f78cf96ec04b6302f107d536bc',12,'GRID - Host Group - Pending Jobs',69),(37,'8ab34edd2f8f13af786f51a6de83de70',12,'GRID - Host Group - Available Memory',71),(38,'ed31ab851549b0866eddd705690a98ef',12,'GRID - Host Group - Memory Stats',72),(39,'1181071726d514399367211872f3f0a6',12,'GRID - Host Group - Host Details',73),(40,'934d3e7dd2b4568ed4e9954562dbfd1b',13,'GRID - User Group - Job Stats',74),(41,'8e257486cd24fdc7a4d30635e2c13b34',13,'GRID - User Group - Memory Stats',75),(42,'a19699b9bff958f1edc7a1a48b96bc6a',13,'GRID - User Group - Efficiency',76),(43,'b87a1bc847104776d27bda24463b55d6',13,'GRID - User Group - Total CPU',77),(44,'8f577e5d9580bc0557f2e2ab19b59554',14,'GRID - Users - Job Stats',78),(45,'201e431606a740d64bae2f040c0f9719',15,'GRID - Cluster Shared Resources',79),(46,'40bc5725e625c734903f605c52e0c8dc',16,'GRID - Projects - Level 1 - Efficiency',80),(47,'f43935d76d0fd95fb4c5e2d1bd348b49',16,'GRID - Projects - Level 1 - Memory Stats',82),(48,'44db145e7665d7298def378e9743126a',16,'GRID - Projects - Level 1 - Pending Job Slots',84),(49,'61240d5b6e6ad9c548c1bb7cc64c4ab4',16,'GRID - Projects - Level 1 - Running Job Slots',85),(50,'c5fcbabfe68f99a11a2547aa577ee3c1',16,'GRID - Projects - Level 1 - Total CPU',81),(51,'9ed41c6ed634b10a4b7d360ade6c1b5b',16,'GRID - Projects - Level 1 - VM Stats',83),(52,'b85ca388d1524423e8fdc9118076fecb',16,' GRID - Projects - Level 1 - Pending Jobs',86),(53,'1c49bf57e541edb8518697750df7ad91',16,' GRID - Projects - Level 1 - Running Jobs',87),(54,'0008d475f60efd15170c6965996aa9a0',17,'GRID - License Project - Efficiency',88),(55,'ba1965e93cce320f67c08177f4b8ab28',17,'GRID - License Project - Memory Stats',89),(56,'0cf50051da3bb0733052b00cdc24d8fe',17,'GRID - License Project - Pending Jobs',90),(57,'98d6e0324f9002d3e3fb4d8e4d0d29b8',17,'GRID - License Project - Running Jobs',91),(58,'bc72702ac0692a336dee50e69dc54e2e',17,'GRID - License Project - Total CPU',92),(59,'f5a8519d352b2db1322b7c0babc7c8a6',17,'GRID - License Project - VM Stats',93),(60,'6b2ade2bbe151ec84726ab7f66ba7bbd',18,'GRID - Applications - Efficiency',94),(61,'33bc6288b183c1dce49044651bd6b294',18,'GRID - Applications - Memory Stats',95),(62,'028ccb38945f3e83e005105aef9fef6c',18,'GRID - Applications - Pending Jobs',96),(63,'23d693696b627f2dfa524bbbfec57d03',18,'GRID - Applications - Running Jobs',97),(64,'c5fb283e5e6d3f524e6ef09bf52898fb',18,'GRID - Applications - Total CPU',98),(65,'d7f4bad1ff6f30897cc99e7e03fda80b',18,'GRID - Applications - VM Stats',99),(66,'6cf27d5776a50e1712f9a71441557607',19,'GRID - Job Groups - Efficiency',101),(67,'9c9c35e38600156d6462e5266a146f6b',19,'GRID - Job Groups - Memory Stats',102),(68,'96dd48895a17215813bae59377d34263',19,'GRID - Job Groups - Pending Jobs',103),(69,'6358241c6e43a635142ba87f90331ac1',19,'GRID - Job Groups - Running Jobs',100),(70,'fbc31496d97b354e683df125be67eabc',19,'GRID - Job Groups - Total CPU',104),(71,'577e0c1c10a7cdc841039e3dc9828d34',19,'GRID - Job Groups - VM Stats',105),(72,'507853ebfb07bad29b940fa2a8231c8a',20,'GRID - Guarantee SLA Resource Usage',106),(73,'cc4ee16ca62e888f3e5dda3a42d506a4',21,'GRID - Guarantee Resource Pool Usage',107),(74,'3a53fe057f15a6ff028970e73af7cb92',22,'Benchmark submission stats',108),(75,'43fded9efab966bd729c0245b4dd0ac1',23,'GRID - Queue - Fairshare - Priority',109),(76,'24f70f27b42e8c2dd311cb71c70e86d4',23,'GRID - Queue - Fairshare - Share',111),(77,'0e27522b94a0bfb37aa1c401624a6bdd',23,'GRID - Queue - Fairshare - Started',110),(78,'8ba701a9a25fa5f02f7db67e0e48b423',23,'GRID - Queue - Fairshare - Times',112),(79,'9fcc84fbd480d0d67191e983104a09a5',23,'GRID - Queue - Fairshare - Running Jobs',113),(80,'565cc2c798f14be6daff5cb23a4770d8',23,'GRID - Queue - Fairshare - Running Slots',114),(81,'b6da0bf8a9f2962a3df802dae3937865',23,'GRID - Queue - Fairshare - Pending Jobs',115),(82,'d28d02a2223d0a640bba0d0cf1a52776',23,'GRID - Queue - Fairshare - Pending Slots',116),(83,'1cc468ef92a5779d37a26349e27ef3ba',24,'Wireless Levels',117),(84,'bef2dc94bc84bf91827f45424aac8d2a',24,'Wireless Transmissions',118),(85,'46c4ee688932cf6370459527eceb8ef3',25,'Available Disk Space',124),(86,'4a515b61441ea5f27ab7dee6c3cb7818',26,'Get Processor Utilization',125),(87,'5a5ce35edb4b195cbde99fd0161dfb4e',27,'Volume Information (free, freeable space)',130),(88,'c1c2cfd33eaf5064300e92e26e20bc56',27,'Directory Information (total/available entries)',131),(89,'f6db4151aa07efa401a0af6c9b871844',28,'Get Processor Utilization',132),(90,'e3f2cdb4ad29782e49688db15ea0b0e4',29,'GRID - Projects - All - Efficiency',153),(91,'66aafae8a201c9792992c2fafb12d20a',29,'GRID - Projects - All - Memory Stats',154),(92,'6c59f820199a24fa57a539de8d24ebc6',29,'GRID - Projects - All - Pending Job Slots',155),(93,'355b6873633bb52ca18ccd71c17979fa',29,'GRID - Projects - All - Running Job Slots',156),(94,'8e3769ebdfae2fb777b83ea3649051ad',29,'GRID - Projects - All - Total CPU',157),(95,'9289943364d24b677cf07aa1e0b625e0',29,'GRID - Projects - All - VM Stats',158),(96,'e47fd361c68672eddb6ad41a763bd8ed',29,' GRID - Projects - All - Pending Jobs',159),(97,'39a722e5e4211d2494eaa4a0d6029e58',29,' GRID - Projects - All - Running Jobs',160),(98,'0c3e9c8e3b9ed58a052ebe387b5ad1e6',30,'GRID - License Scheduler - Cluster Accum Use',164),(99,'d5cc407f3206cfd3b0af3efabaa10136',30,'GRID - License Scheduler - Cluster Stats',165),(100,'036c2521f40626b2127bde5e7f473930',30,'GRID - License Scheduler - Cluster Contention',166),(101,'966ef1b40e1820c10b8259852ff921cd',31,'GRID - License Scheduler LSF/Non-LSF Use',167),(102,'6056da2f9134697f700cf7cc9d5773d5',31,'GRID - License Scheduler - Feature Stats',168),(103,'34880b0a7f5a7bb6a42f65050132e326',32,'GRID - License Scheduler - Project Use',169),(104,'2b6cdbd6dc1c593d0a0e8891121dc2d7',32,'GRID - License Scheduler - Project Demand',170),(105,'3f479ff0cf88d2eebf7f94559ff6080e',32,'GRID - License Scheduler - Project Share',171),(106,'08065e35b480e2f11b0e538795c20cfc',32,'GRID - License Scheduler - Project Summary',172),(107,'fd137ff6a013f7963f401379a46e24d6',33,'GRID - License Scheduler - Cluster Summary Stats',173),(108,'0380fc0a211ec2a24d6016251251dab6',34,'GRID - License Scheduler - Cluster Mode Stats',174),(109,'96738d5ca82453ed49edbc7067a870b6',34,'GRID - License Scheduler - Demand vs Alloc',175),(110,'88b5d7cfd01596321ce4ee1d95f0d51c',35,'DISKU - Extension Total File Size',176),(111,'5eab683a5c05ddb80879a1235966f4c5',35,'DISKU - Extension Total Files',177),(112,'e22f45365e2cf602bdb86ccc222678d8',36,'DISKU - User Directories/Files',179),(113,'6f07014c63845d735e2ed86157644b7c',36,'DISKU - User Total File Size',178),(114,'518b278a8252b12beef1f41f0e0212b1',37,'DISKU - Group Directories/Files',180),(115,'64b1849e123a822feed2da045cd883b0',37,'DISKU - Group Total File Size',181),(116,'310602f5c2141c31b0c9803e4275dd1b',37,'DISKU - Group Active Users',182),(117,'616ed50a0cfb22ae491eede0c6f96424',38,'DISKU - Application Total File Size',183),(118,'858b1f9a4ea0b935329346c68c16d9d5',38,'DISKU - Application Total Files',184),(119,'3a13f711332afada2d3bfb64c59956b5',39,'DISKU - Tagname Total File Size',185),(120,'2cbda709c00bd36edcbcab8a741b4605',39,'DISKU - Tagname Total Files',186),(121,'aaebffe3cf87c2c99e82db00d48a113b',40,'DISKU - Organization Directories/Files',187),(122,'bf83eae1ed785e980dc171451b8cdb21',40,'DISKU - Organization Total File Size',188),(123,'30f86b520e35fdbe03af73bd594644ac',40,'DISKU - Organization Active Users',189),(124,'49afdf92d1f50e51f6a21470b6d46a71',41,'DISKU - Disk Space Percent',191),(125,'9a08c303cbb46c6cc415259ac8cfe86d',41,'DISKU - Disk Space Usage',190),(126,'5a27ac938db87bbfe3ab981f9bf232a7',12,'GRID - Host Group - Effective Utilization',206),(127,'4fea755cd96d6e0af1375b88907e3a95',42,'GRID - Pool -Effective Utilization',217),(128,'b600912059e792251678af72bb1f33bd',43,'GRID - GPU Memory Status',221),(129,'fb8b42b0d9aec7c35e1a820a825874e5',43,'GRID - GPU Performance',222),(130,'0c897ab55ff723c16f50c96261a38acc',43,'GRID - GPU Utilization',223),(131,'5b9a916d6d38835c42b012e08452c990',43,'GRID - GPU Temperature',224),(132,'07f0714a7fe7cfa9d89ffccca98a8693',43,'GRID - GPU Jobs',225);
/*!40000 ALTER TABLE `snmp_query_graph` ENABLE KEYS */;
UNLOCK TABLES;

--
-- Table structure for table `snmp_query_graph_rrd`
--

DROP TABLE IF EXISTS `snmp_query_graph_rrd`;
/*!40101 SET @saved_cs_client     = @@character_set_client */;
/*!40101 SET character_set_client = utf8 */;
CREATE TABLE `snmp_query_graph_rrd` (
  `snmp_query_graph_id` mediumint(8) unsigned NOT NULL DEFAULT 0,
  `data_template_id` mediumint(8) unsigned NOT NULL DEFAULT 0,
  `data_template_rrd_id` int(10) unsigned NOT NULL DEFAULT 0,
  `snmp_field_name` varchar(50) NOT NULL DEFAULT '0',
  PRIMARY KEY (`snmp_query_graph_id`,`data_template_id`,`data_template_rrd_id`),
  KEY `data_template_rrd_id` (`data_template_rrd_id`)
) ENGINE=InnoDB;
/*!40101 SET character_set_client = @saved_cs_client */;

--
-- Dumping data for table `snmp_query_graph_rrd`
--

LOCK TABLES `snmp_query_graph_rrd` WRITE;
/*!40000 ALTER TABLE `snmp_query_graph_rrd` DISABLE KEYS */;
INSERT INTO `snmp_query_graph_rrd` VALUES (1,6,8,'dskAvailable'),(1,6,9,'dskUsed'),(2,14,35,'ifInErrors'),(2,14,36,'ifInDiscards'),(2,14,37,'ifOutDiscards'),(2,14,38,'ifOutErrors'),(3,16,41,'ifOutNUcastPkts'),(3,16,42,'ifInNUcastPkts'),(4,15,39,'ifInUcastPkts'),(4,15,40,'ifOutUcastPkts'),(5,13,33,'ifHCInOctets'),(5,13,34,'ifHCOutOctets'),(6,13,33,'ifInOctets'),(6,13,34,'ifOutOctets'),(7,13,33,'ifHCInOctets'),(7,13,34,'ifHCOutOctets'),(8,13,33,'ifInOctets'),(8,13,34,'ifOutOctets'),(9,13,33,'ifInOctets'),(9,13,34,'ifOutOctets'),(10,13,33,'ifInOctets'),(10,13,34,'ifOutOctets'),(11,13,33,'ifInOctets'),(11,13,34,'ifOutOctets'),(12,18,45,'gridInUseLicenses'),(12,18,46,'gridMaxInUseLicenses'),(12,18,47,'gridQueuedLicenses'),(12,18,48,'gridReservedLicenses'),(13,19,49,'licMaxInUseLicenses'),(13,19,50,'licQueuedLicenses'),(13,19,51,'licDeniedLicenses'),(13,19,52,'licInUseLicenses'),(14,20,53,'licDeniedLicenses'),(14,20,54,'licInUseLicenses'),(14,20,55,'licQueuedLicenses'),(14,20,56,'licMaxInUseLicenses'),(15,21,57,'licQueuedLicenses'),(15,21,58,'licDeniedLicenses'),(15,21,59,'licInUseLicenses'),(15,21,60,'licMaxInUseLicenses'),(16,22,61,'licQueuedLicenses'),(16,22,62,'licInUseLicenses'),(16,22,63,'licReservedLicenses'),(16,22,64,'licMaxInUseLicenses'),(17,23,65,'lastTime'),(17,23,66,'avgTime'),(17,23,67,'maxTime'),(18,18,45,'gridInUseLicenses'),(18,18,46,'gridMaxInUseLicenses'),(18,18,47,'gridQueuedLicenses'),(18,18,48,'gridReservedLicenses'),(19,39,94,'dskAvail'),(19,39,95,'dskUsed'),(20,49,126,'gridStartedJobs'),(20,49,127,'gridSubmittedJobs'),(20,49,128,'gridCompletedJobs'),(20,49,129,'gridRunJobs'),(20,49,130,'gridPendJobs'),(20,49,131,'gridSuspendJobs'),(20,49,132,'gridExitedJobs'),(21,48,122,'gridMaxPendTime'),(21,48,123,'gridAvgPendTime'),(22,48,124,'gridMaxDispTime'),(22,48,125,'gridAvgDispTime'),(23,50,133,'gridUsers'),(24,51,134,'gridHStart'),(24,51,135,'gridHDone'),(24,51,136,'gridHExit'),(25,52,137,'gridTotalSlots'),(25,52,138,'gridOpenSharedSlots'),(25,52,139,'gridOpenDedicatedSlots'),(25,52,140,'gridTotalSharedSlots'),(25,52,141,'gridTotalDedicatedSlots'),(26,53,142,'gridPendJobs'),(27,54,143,'gridRunJobs'),(28,55,144,'memSlotUtil'),(28,55,145,'slotUtil'),(28,55,146,'cpuUtil'),(29,56,147,'gridPendJobs'),(29,56,148,'gridRunJobs'),(30,57,149,'ut'),(31,58,150,'io'),(31,58,151,'pg'),(32,59,152,'capacity'),(32,59,153,'load'),(33,60,154,'avail_slots'),(33,60,155,'total_jobs'),(34,61,156,'numDONE'),(34,61,157,'numEXIT'),(35,63,159,'numRUN'),(36,62,158,'numPEND'),(37,64,160,'total_mem'),(37,64,161,'total_swp'),(37,64,162,'total_maxMem'),(38,65,163,'max_mem'),(38,65,164,'avg_mem'),(39,66,165,'total_slots'),(39,66,166,'ok_slots'),(39,66,167,'closed_slots'),(39,66,168,'out_slots'),(39,66,169,'unavail_slots'),(40,67,170,'numStartJobs'),(40,67,171,'numPEND'),(40,67,172,'numRUN'),(40,67,173,'numSSUSP'),(40,67,174,'numUSUSP'),(40,67,175,'numRESERVE'),(41,68,176,'max_mem'),(41,68,177,'avg_mem'),(42,69,178,'efficiency'),(43,70,179,'total_cpu'),(44,71,180,'numJobs'),(44,71,181,'numPEND'),(44,71,182,'numRUN'),(44,71,183,'numSUSP'),(44,71,184,'numDONE'),(44,71,185,'numSTARTED'),(44,71,186,'numEXIT'),(44,71,187,'numSUBMITTED'),(45,72,188,'maxValue'),(45,72,189,'totalValue'),(45,72,190,'reservedValue'),(46,73,191,'efficiency'),(47,75,193,'max_mem'),(47,75,194,'avg_mem'),(48,77,197,'numPEND'),(49,78,198,'numRUN'),(50,74,192,'total_cpu'),(51,76,195,'avg_swap'),(51,76,196,'max_swap'),(52,79,199,'pendJOBS'),(53,80,200,'runJOBS'),(54,81,201,'efficiency'),(55,82,202,'max_mem'),(55,82,203,'avg_mem'),(56,83,204,'numPEND'),(57,84,205,'numRUN'),(58,85,206,'total_cpu'),(59,86,207,'avg_swap'),(59,86,208,'max_swap'),(60,87,209,'efficiency'),(61,88,210,'max_mem'),(61,88,211,'avg_mem'),(62,89,212,'numPEND'),(63,90,213,'numRUN'),(64,91,214,'total_cpu'),(65,92,215,'avg_swap'),(65,92,216,'max_swap'),(66,94,218,'efficiency'),(67,95,219,'max_mem'),(67,95,220,'avg_mem'),(68,96,221,'numPEND'),(69,93,217,'numRUN'),(70,97,222,'total_cpu'),(71,98,223,'avg_swap'),(71,98,224,'max_swap'),(72,99,225,'gridGuarConf'),(72,99,226,'gridGuarUsed'),(72,99,227,'gridTotUsed'),(72,99,228,'gridPending'),(72,99,229,'gridRunning'),(73,100,230,'gridGuarConf'),(73,100,231,'gridGuarUsed'),(73,100,232,'gridTotalRes'),(73,100,233,'gridFreeRes'),(73,100,234,'gridPending'),(73,100,235,'gridRunning'),(74,101,236,'pjob_bsubTime'),(74,101,237,'pjob_doneTime'),(74,101,238,'pjob_seenTime'),(74,101,239,'pjob_runTime'),(74,101,240,'pjob_seenDoneTime'),(74,101,241,'pjob_startTime'),(75,102,242,'gridPriority'),(76,104,244,'gridShare'),(77,103,243,'gridStarted'),(78,105,245,'gridRunTime'),(78,105,246,'gridCPUTime'),(79,106,247,'gridRunJobs'),(80,107,248,'gridRunSlots'),(81,108,249,'gridPendJobs'),(82,109,250,'gridPendSlots'),(83,110,251,'kbWirelessStationExclHellos'),(83,111,252,'kbWirelessStationExclHellos'),(84,112,253,'kbWirelessStationExclHellos'),(84,113,254,'kbWirelessStationExclHellos'),(85,121,262,'hrStorageUsed'),(85,121,263,'hrStorageSize'),(86,122,264,'hrProcessorLoad'),(87,129,271,'nwVolSize'),(87,129,272,'nwVolFree'),(87,129,273,'nwVolFreeable'),(88,130,274,'nwVolTotalDirEntries'),(88,130,275,'nwVolUsedDirEntries'),(89,131,276,'nwhrProcessorUtilization'),(90,73,191,'efficiency'),(91,75,193,'max_mem'),(91,75,194,'avg_mem'),(92,77,197,'numPEND'),(93,78,198,'numRUN'),(94,74,192,'total_cpu'),(95,76,195,'avg_swap'),(95,76,196,'max_swap'),(96,79,199,'pendJOBS'),(97,80,200,'runJOBS'),(98,158,379,'acumUse'),(98,158,380,'scaledAcum'),(99,159,381,'totalInUse'),(99,159,382,'totalReserve'),(99,159,383,'totalNeed'),(99,159,384,'totalFree'),(100,160,385,'featAvail'),(100,160,386,'featQueued'),(100,160,387,'totalOthers'),(100,160,388,'totalReserve'),(100,160,389,'totalNeed'),(100,160,390,'totalInUse'),(100,160,391,'totalFree'),(101,161,392,'nonLsf'),(101,161,393,'lsfFree'),(101,161,394,'lsfUse'),(101,161,395,'totalAvail'),(102,162,396,'totalOthers'),(102,162,397,'totalFree'),(102,162,398,'totalReserve'),(102,162,399,'totalInUse'),(102,162,400,'queued'),(103,163,401,'free'),(103,163,402,'reserve'),(103,163,403,'inUse'),(103,163,404,'own'),(104,164,405,'demand'),(105,165,406,'share'),(106,166,407,'sum_total'),(106,166,408,'sum_used'),(106,166,409,'sum_queued'),(106,166,410,'proj_quota'),(106,166,411,'proj_use'),(106,166,412,'proj_duse'),(107,167,413,'totalInUse'),(107,167,414,'totalReserve'),(107,167,415,'totalDemand'),(107,167,416,'totalFree'),(108,168,417,'alloc'),(108,168,418,'inuse'),(108,168,419,'reserve'),(108,168,420,'over'),(108,168,421,'free'),(108,168,422,'peak'),(108,168,423,'share'),(109,169,424,'alloc'),(109,169,425,'share'),(109,169,426,'demand'),(110,170,427,'totalSize'),(111,171,428,'totalFiles'),(112,173,430,'totalFiles'),(112,173,431,'totalDirs'),(113,172,429,'totalSize'),(114,174,432,'totalFiles'),(114,174,433,'totalDirs'),(115,175,434,'totalSize'),(116,176,435,'totalUsers'),(117,177,436,'totalSize'),(118,178,437,'totalFiles'),(119,179,438,'totalSize'),(120,180,439,'totalFiles'),(121,181,440,'totalDirs'),(121,181,441,'totalFiles'),(122,182,442,'totalSize'),(123,183,443,'totalUsers'),(124,185,446,'percent'),(125,184,444,'blocks'),(125,184,445,'used'),(126,200,476,'memSlotUtil'),(126,200,477,'slotUtil'),(126,200,478,'cpuUtil'),(127,211,489,'gridMemSlotUtil'),(127,211,490,'gridSlotUtil'),(127,211,491,'gridCPUUtil'),(127,211,492,'gridMemUsed'),(127,211,493,'gridMemReserved'),(127,211,494,'gridMemSelected'),(128,215,501,'gpuMemTotal'),(128,215,502,'gpuMemUsed'),(129,216,503,'gpuPerfMode'),(130,217,504,'gpuGraphUT'),(130,217,505,'gpuMemUT'),(131,218,506,'gpuTemp'),(132,219,507,'gpuNumJobs'),(132,219,508,'gpuNumRun'),(132,219,509,'gpuNumSUSP'),(132,219,510,'gpuNumRSV');
/*!40000 ALTER TABLE `snmp_query_graph_rrd` ENABLE KEYS */;
UNLOCK TABLES;

--
-- Table structure for table `snmp_query_graph_rrd_sv`
--

DROP TABLE IF EXISTS `snmp_query_graph_rrd_sv`;
/*!40101 SET @saved_cs_client     = @@character_set_client */;
/*!40101 SET character_set_client = utf8 */;
CREATE TABLE `snmp_query_graph_rrd_sv` (
  `id` mediumint(8) unsigned NOT NULL AUTO_INCREMENT,
  `hash` varchar(32) NOT NULL DEFAULT '',
  `snmp_query_graph_id` mediumint(8) unsigned NOT NULL DEFAULT 0,
  `data_template_id` mediumint(8) unsigned NOT NULL DEFAULT 0,
  `sequence` mediumint(8) unsigned NOT NULL DEFAULT 0,
  `field_name` varchar(100) NOT NULL DEFAULT '',
  `text` varchar(255) NOT NULL DEFAULT '',
  PRIMARY KEY (`id`),
  KEY `snmp_query_graph_id` (`snmp_query_graph_id`),
  KEY `data_template_id` (`data_template_id`)
) ENGINE=InnoDB;
/*!40101 SET character_set_client = @saved_cs_client */;

--
-- Dumping data for table `snmp_query_graph_rrd_sv`
--

LOCK TABLES `snmp_query_graph_rrd_sv` WRITE;
/*!40000 ALTER TABLE `snmp_query_graph_rrd_sv` DISABLE KEYS */;
INSERT INTO `snmp_query_graph_rrd_sv` VALUES (1,'cb09784ba05e401a3f1450126ed1e395',1,6,1,'name','|host_description| - Free Space - |query_dskDevice|'),(2,'6537b3209e0697fbec278e94e7317b52',2,14,1,'name','|host_description| - Errors - |query_ifIP| - |query_ifName|'),(3,'6d3f612051016f48c951af8901720a1c',2,14,2,'name','|host_description| - Errors - |query_ifName|'),(4,'62bc981690576d0b2bd0041ec2e4aa6f',2,14,3,'name','|host_description| - Errors - |query_ifIP|/|query_ifDescr|'),(5,'adb270d55ba521d205eac6a21478804a',2,14,4,'name','|host_description| - Errors - |query_ifDescr|'),(6,'77065435f3bbb2ff99bc3b43b81de8fe',3,16,1,'name','|host_description| - Non-Unicast Packets - |query_ifIP| - |query_ifName|'),(7,'240d8893092619c97a54265e8d0b86a1',3,16,2,'name','|host_description| - Non-Unicast Packets - |query_ifName|'),(8,'4b200ecf445bdeb4c84975b74991df34',3,16,3,'name','|host_description| - Non-Unicast Packets - |query_ifIP|/|query_ifDescr|'),(9,'d6da3887646078e4d01fe60a123c2179',3,16,4,'name','|host_description| - Non-Unicast Packets - |query_ifDescr|'),(10,'ce7769b97d80ca31d21f83dc18ba93c2',4,15,1,'name','|host_description| - Unicast Packets - |query_ifIP| - |query_ifName|'),(11,'1ee1f9717f3f4771f7f823ca5a8b83dd',4,15,2,'name','|host_description| - Unicast Packets - |query_ifName|'),(12,'a7dbd54604533b592d4fae6e67587e32',4,15,3,'name','|host_description| - Unicast Packets - |query_ifIP|/|query_ifDescr|'),(13,'b148fa7199edcf06cd71c89e5c5d7b63',4,15,4,'name','|host_description| - Unicast Packets - |query_ifDescr|'),(14,'c582d3b37f19e4a703d9bf4908dc6548',5,13,1,'name','|host_description| - Traffic - |query_ifIP| - |query_ifName|'),(15,'ce0b9c92a15759d3ddbd7161d26a98b7',5,13,1,'rrd_maximum','|query_ifSpeed|'),(16,'e1be83d708ed3c0b8715ccb6517a0365',5,13,2,'name','|host_description| - Traffic - |query_ifName|'),(17,'57a9ae1f197498ca8dcde90194f61cbc',5,13,3,'name','|host_description| - Traffic - |query_ifIP|/|query_ifDescr|'),(18,'0110e120981c7ff15304e4a85cb42cbe',5,13,4,'name','|host_description| - Traffic - |query_ifDescr|'),(19,'87a659326af8c75158e5142874fd74b0',6,13,1,'name','|host_description| - Traffic - |query_ifIP| - |query_ifName|'),(20,'7e093c535fa3d810fa76fc3d8c80c94b',6,13,1,'rrd_maximum','|query_ifSpeed|'),(21,'14aa2dead86bbad0f992f1514722c95e',6,13,2,'name','|host_description| - Traffic - |query_ifName|'),(22,'70390712158c3c5052a7d830fb456489',6,13,3,'name','|host_description| - Traffic - |query_ifIP|/|query_ifDescr|'),(23,'084efd82bbddb69fb2ac9bd0b0f16ac6',6,13,4,'name','|host_description| - Traffic - |query_ifDescr|'),(24,'2e8b27c63d98249096ad5bc320787f43',7,13,1,'name','|host_description| - Traffic - |query_ifIP| - |query_ifName|'),(25,'e85ddc56efa677b70448f9e931360b77',7,13,1,'rrd_maximum','|query_ifSpeed|'),(26,'8d820d091ec1a9683cfa74a462f239ee',7,13,2,'name','|host_description| - Traffic - |query_ifName|'),(27,'62a47c18be10f273a5f5a13a76b76f54',7,13,3,'name','|host_description| - Traffic - |query_ifIP|/|query_ifDescr|'),(28,'37bb8c5b38bb7e89ec88ea7ccacf44d4',7,13,4,'name','|host_description| - Traffic - |query_ifDescr|'),(29,'c7ee2110bf81639086d2da03d9d88286',8,13,1,'name','|host_description| - Traffic - |query_ifIP| - |query_ifName|'),(30,'27eb220995925e1a5e0e41b2582a2af6',8,13,1,'rrd_maximum','|query_ifSpeed|'),(31,'8ef8ae2ef548892ab95bb6c9f0b3170e',8,13,2,'name','|host_description| - Traffic - |query_ifName|'),(32,'3a0f707d1c8fd0e061b70241541c7e2e',8,13,3,'name','|host_description| - Traffic - |query_ifIP|/|query_ifDescr|'),(33,'2347e9f53564a54d43f3c00d4b60040d',8,13,4,'name','|host_description| - Traffic - |query_ifDescr|'),(34,'7e87efd0075caba9908e2e6e569b25b0',9,13,1,'name','|host_description| - Traffic - |query_ifIP| - |query_ifName|'),(35,'3b018f789ff72cc5693ef79e3a794370',9,13,1,'rrd_maximum','|query_ifSpeed|'),(36,'dd28d96a253ab86846aedb25d1cca712',9,13,2,'name','|host_description| - Traffic - |query_ifName|'),(37,'ce425fed4eb3174e4f1cde9713eeafa0',9,13,3,'name','|host_description| - Traffic - |query_ifIP|/|query_ifDescr|'),(38,'d0d05156ddb2c65181588db4b64d3907',9,13,4,'name','|host_description| - Traffic - |query_ifDescr|'),(39,'b225229dbbb48c1766cf90298674ceed',10,13,1,'name','|host_description| - Traffic - |query_ifIP| - |query_ifName|'),(40,'e9ab404a294e406c20fdd30df766161f',10,13,1,'rrd_maximum','|query_ifSpeed|'),(41,'c79248ddbbd195907260887b021a055d',10,13,2,'name','|host_description| - Traffic - |query_ifName|'),(42,'12a6750d973b7f14783f205d86220082',10,13,3,'name','|host_description| - Traffic - |query_ifIP|/|query_ifDescr|'),(43,'25b151fcfe093812cb5c208e36dd697e',10,13,4,'name','|host_description| - Traffic - |query_ifDescr|'),(44,'119578a4f01ab47e820b0e894e5e5bb3',11,13,1,'name','|host_description| - Traffic - |query_ifIP| - |query_ifName|'),(45,'fdc4cb976c4b9053bfa2af791a21c5b5',11,13,1,'rrd_maximum','|query_ifSpeed|'),(46,'940e57d24b2623849c77b59ed05931b9',11,13,2,'name','|host_description| - Traffic - |query_ifName|'),(47,'0f045eab01bbc4437b30da568ed5cb03',11,13,3,'name','|host_description| - Traffic - |query_ifIP|/|query_ifDescr|'),(48,'bd70bf71108d32f0bf91b24c85b87ff0',11,13,4,'name','|host_description| - Traffic - |query_ifDescr|'),(49,'5d3a8b2f4a454e5b0a1494e00fe7d424',19,39,1,'name','|host_description| - Partition - |query_dskDevice|'),(50,'d0b49af67a83c258ef1eab3780f7b3dc',83,110,1,'name','|host_description| - Wireless Noise Level - |query_kbWirelessStationName|'),(51,'bf6b966dc369f3df2ea640a90845e94c',83,111,1,'name','|host_description| - Wireless Signal Level - |query_kbWirelessStationName|'),(52,'5c3616603a7ac9d0c1cb9556b377a74f',84,113,1,'name','|host_description| - Wireless Re-Transmissions - |query_kbWirelessStationName|'),(53,'080f0022f77044a512b083e3a8304e8b',84,112,1,'name','|host_description| - Wireless Transmissions - |query_kbWirelessStationName|'),(54,'a3f280327b1592a1a948e256380b544f',85,121,1,'name','|host_description| - Used Space - |query_hrStorageDescr|'),(55,'b5a724edc36c10891fa2a5c370d55b6f',86,122,1,'name','|host_description| - CPU Utilization - CPU|query_hrProcessorFrwID|'),(56,'8fc9a94a5f6ef902a3de0fa7549e7476',87,129,1,'name','|host_description| - Volumes - |query_nwVolPhysicalName|'),(57,'8132fa9c446e199732f0102733cb1714',88,130,1,'name','|host_description| - Directories - |query_nwVolPhysicalName|'),(58,'42277993a025f1bfd85374d6b4deeb60',89,131,1,'name','|host_description| - CPU Utilization - CPU|query_nwhrProcessorNum|'),(59,'b69714ba64f125a908c5031b8844d782',90,73,1,'name','|query_projectName| - Efficiency'),(60,'8deda7387b51c8cc086858e2835a5117',91,75,1,'name','|query_projectName| - Memory Stats'),(61,'b1dfec7c43ff87458f5a8030c0ae72b0',92,77,2,'name',' |query_projectName| - Pending Job Slots'),(62,'76c56ef024cf980f4d5e5e7a7517e744',93,78,2,'name',' |query_projectName| - Running Job Slots'),(63,'314291172e11eeaf6c5eff095ffe831c',94,74,1,'name','|query_projectName| - Total CPU'),(64,'c31c32dea93664892dcc65f5857856df',95,76,1,'name','|query_projectName| - VM Stats'),(65,'bfe65b05b4b8d50a02dc26081cefd063',96,79,1,'name',' |query_projectName| - Pending Jobs'),(66,'bba87b033f9e0cf8f21a77d56529d0e4',97,80,1,'name',' |query_projectName| - Running Jobs');
/*!40000 ALTER TABLE `snmp_query_graph_rrd_sv` ENABLE KEYS */;
UNLOCK TABLES;

--
-- Table structure for table `snmp_query_graph_sv`
--

DROP TABLE IF EXISTS `snmp_query_graph_sv`;
/*!40101 SET @saved_cs_client     = @@character_set_client */;
/*!40101 SET character_set_client = utf8 */;
CREATE TABLE `snmp_query_graph_sv` (
  `id` mediumint(8) unsigned NOT NULL AUTO_INCREMENT,
  `hash` varchar(32) NOT NULL DEFAULT '',
  `snmp_query_graph_id` mediumint(8) unsigned NOT NULL DEFAULT 0,
  `sequence` mediumint(8) unsigned NOT NULL DEFAULT 0,
  `field_name` varchar(100) NOT NULL DEFAULT '',
  `text` varchar(255) NOT NULL DEFAULT '',
  PRIMARY KEY (`id`),
  KEY `snmp_query_graph_id` (`snmp_query_graph_id`)
) ENGINE=InnoDB;
/*!40101 SET character_set_client = @saved_cs_client */;

--
-- Dumping data for table `snmp_query_graph_sv`
--

LOCK TABLES `snmp_query_graph_sv` WRITE;
/*!40000 ALTER TABLE `snmp_query_graph_sv` DISABLE KEYS */;
INSERT INTO `snmp_query_graph_sv` VALUES (1,'f21b23df740bc4a2d691d2d7b1b18dba',1,1,'title','|host_description| - Disk Space - |query_dskDevice|'),(2,'299d3434851fc0d5c0e105429069709d',2,1,'title','|host_description| - Errors - |query_ifName|'),(3,'8c8860b17fd67a9a500b4cb8b5e19d4b',2,2,'title','|host_description| - Errors - |query_ifIP| (|query_ifDescr|)'),(4,'d96360ae5094e5732e7e7496ceceb636',2,3,'title','|host_description| - Errors - |query_ifDescr|/|query_ifIndex|'),(5,'750a290cadc3dc60bb682a5c5f47df16',3,1,'title','|host_description| - Non-Unicast Packets - |query_ifName|'),(6,'bde195eecc256c42ca9725f1f22c1dc0',3,2,'title','|host_description| - Non-Unicast Packets - |query_ifIP| (|query_ifDescr|)'),(7,'d9e97d22689e4ffddaca23b46f2aa306',3,3,'title','|host_description| - Non-Unicast Packets - |query_ifDescr|/|query_ifIndex|'),(8,'48ceaba62e0c2671a810a7f1adc5f751',4,1,'title','|host_description| - Unicast Packets - |query_ifName|'),(9,'d6258884bed44abe46d264198adc7c5d',4,2,'title','|host_description| - Unicast Packets - |query_ifIP| (|query_ifDescr|)'),(10,'6eb58d9835b2b86222306d6ced9961d9',4,3,'title','|host_description| - Unicast Packets - |query_ifDescr|/|query_ifIndex|'),(11,'0a5eb36e98c04ad6be8e1ef66caeed3c',5,1,'title','|host_description| - Traffic - |query_ifName|'),(12,'4c4386a96e6057b7bd0b78095209ddfa',5,2,'title','|host_description| - Traffic - |query_ifIP| (|query_ifDescr|)'),(13,'fd3a384768b0388fa64119fe2f0cc113',5,3,'title','|host_description| - Traffic - |query_ifDescr|/|query_ifIndex|'),(14,'49dca5592ac26ff149a4fbd18d690644',6,1,'title','|host_description| - Traffic - |query_ifName|'),(15,'bda15298139ad22bdc8a3b0952d4e3ab',6,2,'title','|host_description| - Traffic - |query_ifIP| (|query_ifDescr|)'),(16,'29e48483d0471fcd996bfb702a5960aa',6,3,'title','|host_description| - Traffic - |query_ifDescr|/|query_ifIndex|'),(17,'3f42d358965cb94ce4f708b59e04f82b',7,1,'title','|host_description| - Traffic - |query_ifName|'),(18,'45f44b2f811ea8a8ace1cbed8ef906f1',7,2,'title','|host_description| - Traffic - |query_ifIP| (|query_ifDescr|)'),(19,'69c14fbcc23aecb9920b3cdad7f89901',7,3,'title','|host_description| - Traffic - |query_ifDescr|/|query_ifIndex|'),(20,'7fb4a267065f960df81c15f9022cd3a4',8,1,'title','|host_description| - Traffic - |query_ifName|'),(21,'e403f5a733bf5c8401a110609683deb3',8,2,'title','|host_description| - Traffic - |query_ifIP| (|query_ifDescr|)'),(22,'809c2e80552d56b65ca496c1c2fff398',8,3,'title','|host_description| - Traffic - |query_ifDescr|/|query_ifIndex|'),(23,'f434ec853c479d424276f367e9806a75',9,1,'title','|host_description| - Traffic - |query_ifName|'),(24,'9b085245847444c5fb90ebbf4448e265',9,2,'title','|host_description| - Traffic - |query_ifIP| (|query_ifDescr|)'),(25,'5977863f28629bd8eb93a2a9cbc3e306',9,3,'title','|host_description| - Traffic - |query_ifDescr|/|query_ifIndex|'),(26,'37b6711af3930c56309cf8956d8bbf14',10,1,'title','|host_description| - Traffic - |query_ifName|'),(27,'cc435c5884a75421329a9b08207c1c90',10,2,'title','|host_description| - Traffic - |query_ifIP| (|query_ifDescr|)'),(28,'82edeea1ec249c9818773e3145836492',10,3,'title','|host_description| - Traffic - |query_ifDescr|/|query_ifIndex|'),(29,'87522150ee8a601b4d6a1f6b9e919c47',11,1,'title','|host_description| - Traffic - |query_ifName|'),(30,'993a87c04f550f1209d689d584aa8b45',11,2,'title','|host_description| - Traffic - |query_ifIP| (|query_ifDescr|)'),(31,'183bb486c92a566fddcb0585ede37865',11,3,'title','|host_description| - Traffic - |query_ifDescr|/|query_ifIndex|'),(32,'48d40bf4dc45d485b6dc60a4f026ae72',17,1,'title','|query_serverName| - Polling Statistics'),(33,'437918b8dcd66a64625c6cee481fff61',19,1,'title','|host_description| - Disk Space - |query_dskPath|'),(34,'2ddc61ff4bd9634f33aedce9524b7690',83,1,'title','|host_description| - Wireless Levels (|query_kbWirelessStationName|)'),(35,'c72e2da7af2cdbd6b44a5eb42c5b4758',84,1,'title','|host_description| - Wireless Transmissions (|query_kbWirelessStationName|)'),(36,'9852782792ede7c0805990e506ac9618',85,1,'title','|host_description| - Used Space - |query_hrStorageDescr|'),(37,'fa2f07ab54fce72eea684ba893dd9c95',86,1,'title','|host_description| - CPU Utilization - CPU|query_hrProcessorFrwID|'),(38,'a412c5dfa484b599ec0f570979fdbc9e',87,1,'title','|host_description| - Volume Information - |query_nwVolPhysicalName|'),(39,'48f4792dd49fefd7d640ec46b1d7bdb3',88,1,'title','|host_description| - Directory Information - |query_nwVolPhysicalName|'),(40,'d99f8db04fd07bcd2260d246916e03da',89,1,'title','|host_description| - CPU Utilization - CPU|query_nwhrProcessorNum|');
/*!40000 ALTER TABLE `snmp_query_graph_sv` ENABLE KEYS */;
UNLOCK TABLES;

--
-- Table structure for table `snmpagent_cache`
--

DROP TABLE IF EXISTS `snmpagent_cache`;
/*!40101 SET @saved_cs_client     = @@character_set_client */;
/*!40101 SET character_set_client = utf8 */;
CREATE TABLE `snmpagent_cache` (
  `oid` varchar(50) NOT NULL,
  `name` varchar(50) NOT NULL,
  `mib` varchar(50) NOT NULL,
  `type` varchar(50) NOT NULL DEFAULT '',
  `otype` varchar(50) NOT NULL DEFAULT '',
  `kind` varchar(50) NOT NULL DEFAULT '',
  `max-access` varchar(50) NOT NULL DEFAULT 'not-accessible',
  `value` varchar(255) NOT NULL DEFAULT '',
  `description` varchar(5000) NOT NULL DEFAULT '',
  PRIMARY KEY (`oid`),
  KEY `name` (`name`),
  KEY `mib_name` (`mib`,`name`)
) ENGINE=InnoDB COMMENT='SNMP MIB CACHE';
/*!40101 SET character_set_client = @saved_cs_client */;

--
-- Dumping data for table `snmpagent_cache`
--

LOCK TABLES `snmpagent_cache` WRITE;
/*!40000 ALTER TABLE `snmpagent_cache` DISABLE KEYS */;
INSERT INTO `snmpagent_cache` VALUES ('.1','thold','CACTI-THOLD-MIB','','MODULE-IDENTITY','Node','not-accessible','','Initial version of this MIB module.'),('.1.1','tholdAppl','CACTI-THOLD-MIB','','OBJECT-IDENTITY','Node','not-accessible','','resevered for Thold application data'),('.1.2','tholdStats','CACTI-THOLD-MIB','','OBJECT-IDENTITY','Node','not-accessible','','resevered for statistics'),('.1.3','tholdEvents','CACTI-THOLD-MIB','','OBJECT-IDENTITY','Node','not-accessible','','resevered for events'),('.1.3.1','tholdEventObjects','CACTI-THOLD-MIB','','OBJECT-IDENTITY','Node','not-accessible','','resevered for event attributes'),('.1.3.1.1.0','eventDateRFC822','CACTI-THOLD-MIB','DisplayString','DATA','Scalar','accessible-for-notify','','The curent date/time of when the event was detected by Thold.'),('.1.3.1.10.0','eventCurrentValue','CACTI-THOLD-MIB','DisplayString','DATA','Scalar','accessible-for-notify','','The current value of the data source that caused this event.'),('.1.3.1.11.0','eventHigh','CACTI-THOLD-MIB','DisplayString','DATA','Scalar','accessible-for-notify','','In relation to eventClass this object describes the upper<br>limit for a warning or an alerting condition.<br>If eventCurrentValue is higher than this upper limit<br>an event will be triggered'),('.1.3.1.12.0','eventLow','CACTI-THOLD-MIB','DisplayString','DATA','Scalar','accessible-for-notify','','In relation to eventClass this object describes the lower<br>limit for a warning or an alerting condition.<br>If eventCurrentValue is below this limit  an event will<br>be triggered'),('.1.3.1.13.0','eventThresholdType','CACTI-THOLD-MIB','TcEventThresholdType','DATA','Scalar','accessible-for-notify','','The monitoring type used to verify a threshold<br>condition:<br><br>highLow     - Monitoring if the current value was below a<br>specific upper and above a specific lower limit<br>baseline    - Monitoring based on deviation in percentage<br>for the upper and lower bound threshold against a<br>time reference in the past<br>timebased   - Monitoring if a breach condition was given for a<br>specific number of times within a specific amount of time<br>in the past'),('.1.3.1.14.0','eventNotificationType','CACTI-THOLD-MIB','TcEventNotificationType','DATA','Scalar','accessible-for-notify','','Describes the several conditions detected by THOLD<br>which will end in a notification / alert:<br><br>restoral    - not available (restoral)<br>triggera    - not available (trigger alert)<br>notifyra    - Notify Alert Retrigger<br>notifywa    - Notify Warning<br>notifyal    - Notify Alert<br>notifyrs    - Notify Restoral<br>triggerw    - not available (trigger warning)<br>notifyaw    - Notify Restoral to Warning:<br>This occurs if conditions for an alert state are no<br>longer breached, but the thresholds for a warning state<br>are still exceeded.'),('.1.3.1.15.0','eventStatus','CACTI-THOLD-MIB','TcEventStatus','DATA','Scalar','accessible-for-notify','','Represents the state of a threshold:<br><br>normal      - Threshold has not been exceeded<br>low         - Lower threshold condition breached<br>high        - Upper threshold condition breached'),('.1.3.1.16.0','eventRealertStatus','CACTI-THOLD-MIB','TcEventRealertStatus','DATA','Scalar','accessible-for-notify','','Represents the long-term state of a threshold:<br><br>normal      - Threshold has not been exceeded<br>low         - Lower threshold condition still breached<br>high        - Upper threshold condition still breached'),('.1.3.1.17.0','eventFailDuration','CACTI-THOLD-MIB','Integer32','DATA','Scalar','accessible-for-notify','','Describes the amount of time in seconds the data source<br>is in a breach condition.'),('.1.3.1.18.0','eventFailCount','CACTI-THOLD-MIB','Integer32','DATA','Scalar','accessible-for-notify','','Describes the number of times the data source<br>is in a breach condition.'),('.1.3.1.19.0','eventFailDurationTrigger','CACTI-THOLD-MIB','Integer32','DATA','Scalar','accessible-for-notify','','Describes the amount of time in seconds the data source<br>must be in a breach condition for an alert or warning<br>to be raised.'),('.1.3.1.2.0','eventClass','CACTI-THOLD-MIB','TcEventClass','DATA','Scalar','accessible-for-notify','','Represents the classification of an event:<br><br>info        - threshold item is in normal state<br>warning     - warning condition fulfilled<br>alert       - alerting condition fulfilled'),('.1.3.1.20.0','eventFailCountTrigger','CACTI-THOLD-MIB','Integer32','DATA','Scalar','accessible-for-notify','','Describes the number of times the data source<br>must be in a breach condition for an alert or warning<br>to be raised.'),('.1.3.1.3.0','eventSeverity','CACTI-THOLD-MIB','TcEventSeverity','DATA','Scalar','accessible-for-notify','','The following are the severities an THOLD event<br>can have:<br><br>low         - informational event,<br>event with low impact<br>medium      - warning event,<br>event with medium impact<br>high        - warning event or alert event,<br>event with high impact<br>critical    - alert event,<br>event with critical impact'),('.1.3.1.4.0','eventCategory','CACTI-THOLD-MIB','DisplayString','DATA','Scalar','accessible-for-notify','','To allow a NMS to categorize different SNMP traps THOLD SNMP traps<br>this object can be used to define a custom category<br>like \'disk_usage\', \'link_utilization\' or \'ping_test\'.'),('.1.3.1.5.0','eventSource','CACTI-THOLD-MIB','DisplayString','DATA','Scalar','accessible-for-notify','','Contains the threshold name to identifiy the threshold (source)<br>generating this event.'),('.1.3.1.6.0','eventDescription','CACTI-THOLD-MIB','DisplayString','DATA','Scalar','accessible-for-notify','','Contains a customized event description.'),('.1.3.1.7.0','eventDevice','CACTI-THOLD-MIB','DisplayString','DATA','Scalar','accessible-for-notify','','This item describes the device name this event is related to.'),('.1.3.1.8.0','eventDeviceIp','CACTI-THOLD-MIB','IpAddress','DATA','Scalar','accessible-for-notify','','IPv4 address of the device the event is related to.'),('.1.3.1.9.0','eventDataSource','CACTI-THOLD-MIB','DisplayString','DATA','Scalar','accessible-for-notify','','Identifies the rrd data source being used for this threshold<br>monitor.'),('.1.3.2','tholdEventNotifications','CACTI-THOLD-MIB','','OBJECT-IDENTITY','Node','not-accessible','','resevered for event attributes'),('.1.3.2.1','tholdNotify','CACTI-THOLD-MIB','','NOTIFICATION-TYPE','Notification','not-accessible','','The SNMP trap that is generated as a result of an event with Thold.'),('.1.4','tholdMibGroups','CACTI-THOLD-MIB','','OBJECT-IDENTITY','Node','not-accessible','','resevered for group definitions'),('.1.4.1','tholdEventGroup','CACTI-THOLD-MIB','','OBJECT-GROUP','Group','not-accessible','','A collection of objects providing the THOLD event<br>defaults.'),('.1.4.2','tholdNotifyGroup','CACTI-THOLD-MIB','','NOTIFICATION-GROUP','Group','not-accessible','','The notifications relating to the monitoring operation of Thold.');
/*!40000 ALTER TABLE `snmpagent_cache` ENABLE KEYS */;
UNLOCK TABLES;

--
-- Table structure for table `snmpagent_cache_notifications`
--

DROP TABLE IF EXISTS `snmpagent_cache_notifications`;
/*!40101 SET @saved_cs_client     = @@character_set_client */;
/*!40101 SET character_set_client = utf8 */;
CREATE TABLE `snmpagent_cache_notifications` (
  `name` varchar(50) NOT NULL,
  `mib` varchar(50) NOT NULL,
  `attribute` varchar(50) NOT NULL,
  `sequence_id` smallint(6) NOT NULL,
  PRIMARY KEY (`name`,`mib`,`attribute`,`sequence_id`)
) ENGINE=InnoDB COMMENT='Notifcations and related attributes';
/*!40101 SET character_set_client = @saved_cs_client */;

--
-- Dumping data for table `snmpagent_cache_notifications`
--

LOCK TABLES `snmpagent_cache_notifications` WRITE;
/*!40000 ALTER TABLE `snmpagent_cache_notifications` DISABLE KEYS */;
INSERT INTO `snmpagent_cache_notifications` VALUES ('tholdNotify','CACTI-THOLD-MIB','eventCategory',6),('tholdNotify','CACTI-THOLD-MIB','eventClass',2),('tholdNotify','CACTI-THOLD-MIB','eventCurrentValue',18),('tholdNotify','CACTI-THOLD-MIB','eventDataSource',16),('tholdNotify','CACTI-THOLD-MIB','eventDateRFC822',0),('tholdNotify','CACTI-THOLD-MIB','eventDescription',10),('tholdNotify','CACTI-THOLD-MIB','eventDevice',12),('tholdNotify','CACTI-THOLD-MIB','eventDeviceIp',14),('tholdNotify','CACTI-THOLD-MIB','eventFailCount',34),('tholdNotify','CACTI-THOLD-MIB','eventFailCountTrigger',38),('tholdNotify','CACTI-THOLD-MIB','eventFailDuration',32),('tholdNotify','CACTI-THOLD-MIB','eventFailDurationTrigger',36),('tholdNotify','CACTI-THOLD-MIB','eventHigh',20),('tholdNotify','CACTI-THOLD-MIB','eventLow',22),('tholdNotify','CACTI-THOLD-MIB','eventNotificationType',26),('tholdNotify','CACTI-THOLD-MIB','eventRealertStatus',30),('tholdNotify','CACTI-THOLD-MIB','eventSeverity',4),('tholdNotify','CACTI-THOLD-MIB','eventSource',8),('tholdNotify','CACTI-THOLD-MIB','eventStatus',28),('tholdNotify','CACTI-THOLD-MIB','eventThresholdType',24);
/*!40000 ALTER TABLE `snmpagent_cache_notifications` ENABLE KEYS */;
UNLOCK TABLES;

--
-- Table structure for table `snmpagent_cache_textual_conventions`
--

DROP TABLE IF EXISTS `snmpagent_cache_textual_conventions`;
/*!40101 SET @saved_cs_client     = @@character_set_client */;
/*!40101 SET character_set_client = utf8 */;
CREATE TABLE `snmpagent_cache_textual_conventions` (
  `name` varchar(50) NOT NULL,
  `mib` varchar(50) NOT NULL,
  `type` varchar(50) NOT NULL DEFAULT '',
  `description` varchar(5000) NOT NULL DEFAULT '',
  PRIMARY KEY (`name`,`mib`,`type`),
  KEY `mib` (`mib`)
) ENGINE=InnoDB COMMENT='Textual conventions';
/*!40101 SET character_set_client = @saved_cs_client */;

--
-- Dumping data for table `snmpagent_cache_textual_conventions`
--

LOCK TABLES `snmpagent_cache_textual_conventions` WRITE;
/*!40000 ALTER TABLE `snmpagent_cache_textual_conventions` DISABLE KEYS */;
INSERT INTO `snmpagent_cache_textual_conventions` VALUES ('TcEventClass','CACTI-THOLD-MIB','INTEGER','Represents the classification of an event:<br />\r\n<br />\r\ninfo        - threshold item is in normal state<br />\r\nwarning     - warning condition fulfilled<br />\r\nalert       - alerting condition fulfilled<br />\r\n'),('TcEventNotificationType','CACTI-THOLD-MIB','INTEGER','Describes the several conditions detected by THOLD<br />\r\nwhich will end in a notification / alert:<br />\r\n<br />\r\nrestoral    - not available (restoral)<br />\r\ntriggera    - not available (trigger alert)<br />\r\nnotifyra    - Notify Alert Retrigger<br />\r\nnotifywa    - Notify Warning<br />\r\nnotifyal    - Notify Alert<br />\r\nnotifyrs    - Notify Restoral<br />\r\ntriggerw    - not available (trigger warning)<br />\r\nnotifyaw    - Notify Restoral to Warning:<br />\r\nThis occurs if conditions for an alert state are no<br />\r\nlonger breached, but the thresholds for a warning state<br />\r\nare still exceeded.<br />\r\n'),('TcEventRealertStatus','CACTI-THOLD-MIB','INTEGER','Represents the long-term state of a threshold:<br />\r\n<br />\r\nnormal      - Threshold has not been exceeded<br />\r\nlow         - Lower threshold condition still breached<br />\r\nhigh        - Upper threshold condition still breached<br />\r\n'),('TcEventSeverity','CACTI-THOLD-MIB','INTEGER','The following are the severities an THOLD event<br />\r\ncan have:<br />\r\n<br />\r\nlow         - informational event,<br />\r\nevent with low impact<br />\r\nmedium      - warning event,<br />\r\nevent with medium impact<br />\r\nhigh        - warning event or alert event,<br />\r\nevent with high impact<br />\r\ncritical    - alert event,<br />\r\nevent with critical impact<br />\r\n'),('TcEventStatus','CACTI-THOLD-MIB','INTEGER','Represents the state of a threshold:<br />\r\n<br />\r\nnormal      - Threshold has not been exceeded<br />\r\nlow         - Lower threshold condition breached<br />\r\nhigh        - Upper threshold condition breached<br />\r\n'),('TcEventThresholdType','CACTI-THOLD-MIB','INTEGER','The monitoring type used to verify a threshold<br />\r\ncondition:<br />\r\n<br />\r\nhighLow     - Monitoring if the current value was below a<br />\r\nspecific upper and above a specific lower limit<br />\r\nbaseline    - Monitoring based on deviation in percentage<br />\r\nfor the upper and lower bound threshold against a<br />\r\ntime reference in the past<br />\r\ntimebased   - Monitoring if a breach condition was given for a<br />\r\nspecific number of times within a specific amount of time<br />\r\nin the past<br />\r\n');
/*!40000 ALTER TABLE `snmpagent_cache_textual_conventions` ENABLE KEYS */;
UNLOCK TABLES;

--
-- Table structure for table `snmpagent_managers`
--

DROP TABLE IF EXISTS `snmpagent_managers`;
/*!40101 SET @saved_cs_client     = @@character_set_client */;
/*!40101 SET character_set_client = utf8 */;
CREATE TABLE `snmpagent_managers` (
  `id` int(10) unsigned NOT NULL AUTO_INCREMENT,
  `hostname` varchar(100) NOT NULL,
  `description` varchar(255) NOT NULL,
  `disabled` char(2) DEFAULT NULL,
  `max_log_size` tinyint(1) NOT NULL,
  `snmp_version` tinyint(1) unsigned NOT NULL DEFAULT 1,
  `snmp_community` varchar(100) NOT NULL DEFAULT '',
  `snmp_username` varchar(50) NOT NULL,
  `snmp_password` varchar(50) NOT NULL,
  `snmp_auth_protocol` char(6) NOT NULL,
  `snmp_priv_passphrase` varchar(200) NOT NULL,
  `snmp_priv_protocol` char(7) NOT NULL,
  `snmp_engine_id` varchar(64) DEFAULT NULL,
  `snmp_port` mediumint(5) unsigned NOT NULL DEFAULT 161,
  `snmp_message_type` tinyint(1) NOT NULL,
  `notes` text DEFAULT NULL,
  PRIMARY KEY (`id`),
  KEY `hostname` (`hostname`)
) ENGINE=InnoDB COMMENT='snmp notification receivers';
/*!40101 SET character_set_client = @saved_cs_client */;

--
-- Table structure for table `snmpagent_managers_notifications`
--

DROP TABLE IF EXISTS `snmpagent_managers_notifications`;
/*!40101 SET @saved_cs_client     = @@character_set_client */;
/*!40101 SET character_set_client = utf8 */;
CREATE TABLE `snmpagent_managers_notifications` (
  `manager_id` int(10) unsigned NOT NULL,
  `notification` varchar(50) NOT NULL,
  `mib` varchar(50) NOT NULL,
  PRIMARY KEY (`manager_id`,`notification`,`mib`),
  KEY `mib` (`mib`)
) ENGINE=InnoDB COMMENT='snmp notifications to receivers';
/*!40101 SET character_set_client = @saved_cs_client */;

--
-- Table structure for table `snmpagent_mibs`
--

DROP TABLE IF EXISTS `snmpagent_mibs`;
/*!40101 SET @saved_cs_client     = @@character_set_client */;
/*!40101 SET character_set_client = utf8 */;
CREATE TABLE `snmpagent_mibs` (
  `id` int(10) unsigned NOT NULL AUTO_INCREMENT,
  `name` varchar(50) NOT NULL DEFAULT '',
  `file` varchar(255) NOT NULL DEFAULT '',
  PRIMARY KEY (`id`)
) ENGINE=InnoDB COMMENT='Registered MIB files';
/*!40101 SET character_set_client = @saved_cs_client */;

--
-- Dumping data for table `snmpagent_mibs`
--

LOCK TABLES `snmpagent_mibs` WRITE;
/*!40000 ALTER TABLE `snmpagent_mibs` DISABLE KEYS */;
INSERT INTO `snmpagent_mibs` VALUES (1,'CACTI-THOLD-MIB','/var/www/html/cacti/plugins/thold/CACTI-THOLD-MIB');
/*!40000 ALTER TABLE `snmpagent_mibs` ENABLE KEYS */;
UNLOCK TABLES;

--
-- Table structure for table `snmpagent_notifications_log`
--

DROP TABLE IF EXISTS `snmpagent_notifications_log`;
/*!40101 SET @saved_cs_client     = @@character_set_client */;
/*!40101 SET character_set_client = utf8 */;
CREATE TABLE `snmpagent_notifications_log` (
  `id` int(10) unsigned NOT NULL AUTO_INCREMENT,
  `time` int(24) NOT NULL,
  `severity` tinyint(1) NOT NULL,
  `manager_id` int(10) unsigned NOT NULL,
  `notification` varchar(190) NOT NULL,
  `mib` varchar(50) NOT NULL,
  `varbinds` varchar(5000) NOT NULL,
  PRIMARY KEY (`id`),
  KEY `time` (`time`),
  KEY `severity` (`severity`),
  KEY `manager_id_notification` (`manager_id`,`notification`)
) ENGINE=InnoDB COMMENT='logs snmp notifications to receivers';
/*!40101 SET character_set_client = @saved_cs_client */;

--
-- Table structure for table `syslog`
--

DROP TABLE IF EXISTS `syslog`;
/*!40101 SET @saved_cs_client     = @@character_set_client */;
/*!40101 SET character_set_client = utf8 */;
CREATE TABLE `syslog` (
  `facility_id` int(10) unsigned DEFAULT NULL,
  `priority_id` int(10) unsigned DEFAULT NULL,
  `program_id` int(10) unsigned DEFAULT NULL,
  `host_id` int(10) unsigned DEFAULT NULL,
  `logtime` datetime NOT NULL DEFAULT '0000-00-00 00:00:00',
  `message` varchar(1024) NOT NULL DEFAULT '',
  `seq` bigint(20) unsigned NOT NULL AUTO_INCREMENT,
  PRIMARY KEY (`seq`),
  KEY `logtime` (`logtime`),
  KEY `program_id` (`program_id`),
  KEY `host_id` (`host_id`),
  KEY `priority_id` (`priority_id`),
  KEY `facility_id` (`facility_id`)
) ENGINE=InnoDB;
/*!40101 SET character_set_client = @saved_cs_client */;

--
-- Table structure for table `syslog_alert`
--

DROP TABLE IF EXISTS `syslog_alert`;
/*!40101 SET @saved_cs_client     = @@character_set_client */;
/*!40101 SET character_set_client = utf8 */;
CREATE TABLE `syslog_alert` (
  `id` int(10) NOT NULL AUTO_INCREMENT,
  `hash` varchar(32) NOT NULL DEFAULT '',
  `name` varchar(255) NOT NULL DEFAULT '',
  `severity` int(10) unsigned NOT NULL DEFAULT 0,
  `method` int(10) unsigned NOT NULL DEFAULT 0,
  `level` int(10) unsigned NOT NULL DEFAULT 0,
  `num` int(10) unsigned NOT NULL DEFAULT 1,
  `type` varchar(16) NOT NULL DEFAULT '',
  `enabled` char(2) DEFAULT 'on',
  `repeat_alert` int(10) unsigned NOT NULL DEFAULT 0,
  `open_ticket` char(2) DEFAULT '',
  `message` varchar(2048) NOT NULL DEFAULT '',
  `body` varchar(8192) NOT NULL DEFAULT '',
  `user` varchar(32) NOT NULL DEFAULT '',
  `date` int(16) NOT NULL DEFAULT 0,
  `email` varchar(255) DEFAULT NULL,
  `notify` int(10) unsigned NOT NULL DEFAULT 0,
  `command` varchar(255) DEFAULT NULL,
  `notes` varchar(255) DEFAULT NULL,
  PRIMARY KEY (`id`)
) ENGINE=InnoDB;
/*!40101 SET character_set_client = @saved_cs_client */;

--
-- Table structure for table `syslog_facilities`
--

DROP TABLE IF EXISTS `syslog_facilities`;
/*!40101 SET @saved_cs_client     = @@character_set_client */;
/*!40101 SET character_set_client = utf8 */;
CREATE TABLE `syslog_facilities` (
  `facility_id` int(10) unsigned NOT NULL,
  `facility` varchar(10) NOT NULL,
  `last_updated` timestamp NOT NULL DEFAULT current_timestamp() ON UPDATE current_timestamp(),
  PRIMARY KEY (`facility_id`),
  KEY `last_updated` (`last_updated`)
) ENGINE=InnoDB;
/*!40101 SET character_set_client = @saved_cs_client */;

--
-- Table structure for table `syslog_host_facilities`
--

DROP TABLE IF EXISTS `syslog_host_facilities`;
/*!40101 SET @saved_cs_client     = @@character_set_client */;
/*!40101 SET character_set_client = utf8 */;
CREATE TABLE `syslog_host_facilities` (
  `host_id` int(10) unsigned NOT NULL,
  `facility_id` int(10) unsigned NOT NULL,
  `last_updated` timestamp NOT NULL DEFAULT current_timestamp() ON UPDATE current_timestamp(),
  PRIMARY KEY (`host_id`,`facility_id`)
) ENGINE=InnoDB;
/*!40101 SET character_set_client = @saved_cs_client */;

--
-- Table structure for table `syslog_hosts`
--

DROP TABLE IF EXISTS `syslog_hosts`;
/*!40101 SET @saved_cs_client     = @@character_set_client */;
/*!40101 SET character_set_client = utf8 */;
CREATE TABLE `syslog_hosts` (
  `host_id` int(10) unsigned NOT NULL AUTO_INCREMENT,
  `host` varchar(64) NOT NULL,
  `last_updated` timestamp NOT NULL DEFAULT current_timestamp() ON UPDATE current_timestamp(),
  PRIMARY KEY (`host`),
  KEY `host_id` (`host_id`),
  KEY `last_updated` (`last_updated`)
) ENGINE=InnoDB COMMENT='Contains all hosts currently in the syslog table';
/*!40101 SET character_set_client = @saved_cs_client */;

--
-- Table structure for table `syslog_incoming`
--

DROP TABLE IF EXISTS `syslog_incoming`;
/*!40101 SET @saved_cs_client     = @@character_set_client */;
/*!40101 SET character_set_client = utf8 */;
CREATE TABLE `syslog_incoming` (
  `facility_id` int(10) unsigned DEFAULT NULL,
  `priority_id` int(10) unsigned DEFAULT NULL,
  `program` varchar(40) DEFAULT NULL,
  `logtime` timestamp NOT NULL DEFAULT '0000-00-00 00:00:00',
  `host` varchar(64) DEFAULT NULL,
  `message` varchar(2048) NOT NULL DEFAULT '',
  `seq` bigint(20) unsigned NOT NULL AUTO_INCREMENT,
  `status` tinyint(4) NOT NULL DEFAULT 0,
  PRIMARY KEY (`seq`),
  KEY `program` (`program`),
  KEY `status` (`status`)
) ENGINE=InnoDB;
/*!40101 SET character_set_client = @saved_cs_client */;

--
-- Table structure for table `syslog_logs`
--

DROP TABLE IF EXISTS `syslog_logs`;
/*!40101 SET @saved_cs_client     = @@character_set_client */;
/*!40101 SET character_set_client = utf8 */;
CREATE TABLE `syslog_logs` (
  `alert_id` int(10) unsigned NOT NULL DEFAULT 0,
  `logseq` bigint(20) unsigned NOT NULL,
  `logtime` timestamp NOT NULL DEFAULT '0000-00-00 00:00:00',
  `logmsg` varchar(1024) DEFAULT NULL,
  `host` varchar(64) DEFAULT NULL,
  `facility_id` int(10) unsigned DEFAULT NULL,
  `priority_id` int(10) unsigned DEFAULT NULL,
  `program_id` int(10) unsigned DEFAULT NULL,
  `count` int(10) unsigned NOT NULL DEFAULT 0,
  `html` blob DEFAULT NULL,
  `seq` bigint(20) unsigned NOT NULL AUTO_INCREMENT,
  PRIMARY KEY (`seq`),
  KEY `logseq` (`logseq`),
  KEY `program_id` (`program_id`),
  KEY `alert_id` (`alert_id`),
  KEY `host` (`host`),
  KEY `seq` (`seq`),
  KEY `logtime` (`logtime`),
  KEY `priority_id` (`priority_id`),
  KEY `facility_id` (`facility_id`)
) ENGINE=InnoDB;
/*!40101 SET character_set_client = @saved_cs_client */;

--
-- Table structure for table `syslog_priorities`
--

DROP TABLE IF EXISTS `syslog_priorities`;
/*!40101 SET @saved_cs_client     = @@character_set_client */;
/*!40101 SET character_set_client = utf8 */;
CREATE TABLE `syslog_priorities` (
  `priority_id` int(10) unsigned NOT NULL,
  `priority` varchar(10) NOT NULL,
  `last_updated` timestamp NOT NULL DEFAULT current_timestamp() ON UPDATE current_timestamp(),
  PRIMARY KEY (`priority_id`),
  KEY `last_updated` (`last_updated`)
) ENGINE=InnoDB;
/*!40101 SET character_set_client = @saved_cs_client */;

--
-- Table structure for table `syslog_programs`
--

DROP TABLE IF EXISTS `syslog_programs`;
/*!40101 SET @saved_cs_client     = @@character_set_client */;
/*!40101 SET character_set_client = utf8 */;
CREATE TABLE `syslog_programs` (
  `program_id` int(10) unsigned NOT NULL AUTO_INCREMENT,
  `program` varchar(40) NOT NULL,
  `last_updated` timestamp NOT NULL DEFAULT current_timestamp() ON UPDATE current_timestamp(),
  PRIMARY KEY (`program`),
  KEY `host_id` (`program_id`),
  KEY `last_updated` (`last_updated`)
) ENGINE=InnoDB COMMENT='Contains all programs currently in the syslog table';
/*!40101 SET character_set_client = @saved_cs_client */;

--
-- Table structure for table `syslog_remove`
--

DROP TABLE IF EXISTS `syslog_remove`;
/*!40101 SET @saved_cs_client     = @@character_set_client */;
/*!40101 SET character_set_client = utf8 */;
CREATE TABLE `syslog_remove` (
  `id` int(10) NOT NULL AUTO_INCREMENT,
  `hash` varchar(32) NOT NULL DEFAULT '',
  `name` varchar(255) NOT NULL DEFAULT '',
  `type` varchar(16) NOT NULL DEFAULT '',
  `enabled` char(2) DEFAULT 'on',
  `method` char(5) DEFAULT 'del',
  `message` varchar(2048) NOT NULL DEFAULT '',
  `user` varchar(32) NOT NULL DEFAULT '',
  `date` int(16) NOT NULL DEFAULT 0,
  `notes` varchar(255) DEFAULT NULL,
  PRIMARY KEY (`id`)
) ENGINE=InnoDB;
/*!40101 SET character_set_client = @saved_cs_client */;

--
-- Table structure for table `syslog_removed`
--

DROP TABLE IF EXISTS `syslog_removed`;
/*!40101 SET @saved_cs_client     = @@character_set_client */;
/*!40101 SET character_set_client = utf8 */;
CREATE TABLE `syslog_removed` (
  `facility_id` int(10) unsigned DEFAULT NULL,
  `priority_id` int(10) unsigned DEFAULT NULL,
  `program_id` int(10) unsigned DEFAULT NULL,
  `host_id` int(10) unsigned DEFAULT NULL,
  `logtime` datetime NOT NULL DEFAULT '0000-00-00 00:00:00',
  `message` varchar(1024) NOT NULL DEFAULT '',
  `seq` bigint(20) unsigned NOT NULL AUTO_INCREMENT,
  PRIMARY KEY (`seq`),
  KEY `logtime` (`logtime`),
  KEY `program_id` (`program_id`),
  KEY `host_id` (`host_id`),
  KEY `priority_id` (`priority_id`),
  KEY `facility_id` (`facility_id`)
) ENGINE=InnoDB;
/*!40101 SET character_set_client = @saved_cs_client */;

--
-- Table structure for table `syslog_reports`
--

DROP TABLE IF EXISTS `syslog_reports`;
/*!40101 SET @saved_cs_client     = @@character_set_client */;
/*!40101 SET character_set_client = utf8 */;
CREATE TABLE `syslog_reports` (
  `id` int(10) NOT NULL AUTO_INCREMENT,
  `hash` varchar(32) NOT NULL DEFAULT '',
  `name` varchar(255) NOT NULL DEFAULT '',
  `type` varchar(16) NOT NULL DEFAULT '',
  `enabled` char(2) DEFAULT 'on',
  `timespan` int(16) NOT NULL DEFAULT 0,
  `timepart` char(5) NOT NULL DEFAULT '00:00',
  `lastsent` int(16) NOT NULL DEFAULT 0,
  `body` varchar(8192) NOT NULL DEFAULT '',
  `message` varchar(2048) DEFAULT NULL,
  `user` varchar(32) NOT NULL DEFAULT '',
  `date` int(16) NOT NULL DEFAULT 0,
  `email` varchar(255) DEFAULT NULL,
  `notify` int(10) unsigned NOT NULL DEFAULT 0,
  `notes` varchar(255) DEFAULT NULL,
  PRIMARY KEY (`id`)
) ENGINE=InnoDB;
/*!40101 SET character_set_client = @saved_cs_client */;

--
-- Table structure for table `syslog_statistics`
--

DROP TABLE IF EXISTS `syslog_statistics`;
/*!40101 SET @saved_cs_client     = @@character_set_client */;
/*!40101 SET character_set_client = utf8 */;
CREATE TABLE `syslog_statistics` (
  `id` bigint(20) unsigned NOT NULL AUTO_INCREMENT,
  `host_id` int(10) unsigned NOT NULL,
  `facility_id` int(10) unsigned NOT NULL,
  `priority_id` int(10) unsigned NOT NULL,
  `program_id` int(10) unsigned DEFAULT NULL,
  `insert_time` timestamp NOT NULL DEFAULT current_timestamp() ON UPDATE current_timestamp(),
  `records` int(10) unsigned NOT NULL,
  PRIMARY KEY (`id`),
  UNIQUE KEY `unique_pk` (`host_id`,`facility_id`,`priority_id`,`program_id`,`insert_time`),
  KEY `host_id` (`host_id`),
  KEY `facility_id` (`facility_id`),
  KEY `priority_id` (`priority_id`),
  KEY `program_id` (`program_id`),
  KEY `insert_time` (`insert_time`)
) ENGINE=InnoDB COMMENT='Maintains High Level Statistics';
/*!40101 SET character_set_client = @saved_cs_client */;

--
-- Table structure for table `thold_data`
--

DROP TABLE IF EXISTS `thold_data`;
/*!40101 SET @saved_cs_client     = @@character_set_client */;
/*!40101 SET character_set_client = utf8 */;
CREATE TABLE `thold_data` (
  `id` int(10) NOT NULL AUTO_INCREMENT,
  `thread_id` int(10) unsigned NOT NULL DEFAULT 0,
  `name` varchar(150) DEFAULT '',
  `name_cache` varchar(100) DEFAULT '',
  `local_data_id` int(10) unsigned NOT NULL DEFAULT 0,
  `data_template_rrd_id` int(10) unsigned NOT NULL DEFAULT 0,
  `local_graph_id` int(10) unsigned NOT NULL DEFAULT 0,
  `graph_template_id` int(10) NOT NULL DEFAULT 0,
  `data_template_id` int(10) NOT NULL DEFAULT 0,
  `data_template_hash` varchar(32) NOT NULL DEFAULT '',
  `data_source_name` varchar(100) NOT NULL DEFAULT '',
  `thold_hi` varchar(100) DEFAULT '',
  `thold_low` varchar(100) DEFAULT '',
  `thold_fail_trigger` int(10) unsigned DEFAULT '',
  `thold_fail_count` int(10) NOT NULL DEFAULT 0,
  `time_hi` varchar(100) DEFAULT '',
  `time_low` varchar(100) DEFAULT '',
  `time_fail_trigger` int(10) NOT NULL DEFAULT 1,
  `time_fail_length` int(10) NOT NULL DEFAULT 1,
  `thold_warning_hi` varchar(100) DEFAULT '',
  `thold_warning_low` varchar(100) DEFAULT '',
  `thold_warning_fail_trigger` int(10) unsigned DEFAULT 0,
  `thold_warning_fail_count` int(10) NOT NULL DEFAULT 0,
  `time_warning_hi` varchar(100) DEFAULT '',
  `time_warning_low` varchar(100) DEFAULT '',
  `time_warning_fail_trigger` int(10) NOT NULL DEFAULT 1,
  `time_warning_fail_length` int(10) NOT NULL DEFAULT 1,
  `thold_alert` int(1) NOT NULL DEFAULT 0,
  `prev_thold_alert` int(1) NOT NULL DEFAULT 0,
  `thold_enabled` enum('on','off') NOT NULL DEFAULT 'on',
  `thold_per_enabled` char(3) NOT NULL DEFAULT 'on',
  `thold_type` int(3) NOT NULL DEFAULT 0,
  `bl_ref_time_range` int(10) unsigned DEFAULT NULL,
  `bl_type` int(3) NOT NULL DEFAULT 0,
  `bl_pct_down` varchar(100) DEFAULT '',
  `bl_pct_up` varchar(100) DEFAULT '',
  `bl_fail_trigger` int(10) unsigned DEFAULT NULL,
  `bl_fail_count` int(10) unsigned DEFAULT NULL,
  `bl_alert` int(2) NOT NULL DEFAULT 0,
  `bl_cf` varchar(4) NOT NULL DEFAULT 'AVG',
  `bl_reference_min` double DEFAULT 0,
  `bl_reference_max` double DEFAULT 0,
  `bl_reference_avg` double NOT NULL DEFAULT 0,
  `bl_reference_last` double NOT NULL DEFAULT 0,
  `bl_thold_valid` int(10) unsigned NOT NULL DEFAULT 0,
  `lastread` varchar(100) DEFAULT '',
  `lasttime` timestamp NOT NULL DEFAULT '0000-00-00 00:00:00',
  `lastchanged` timestamp NOT NULL DEFAULT '0000-00-00 00:00:00',
  `oldvalue` varchar(100) DEFAULT '',
  `repeat_alert` int(10) unsigned DEFAULT NULL,
  `notify_extra` varchar(512) DEFAULT '',
  `notify_warning_extra` varchar(512) DEFAULT '',
  `notify_warning` int(10) unsigned DEFAULT NULL,
  `notify_alert` int(10) unsigned DEFAULT NULL,
  `snmp_event_category` varchar(255) DEFAULT '',
  `snmp_event_description` varchar(1000) DEFAULT '',
  `snmp_event_severity` tinyint(1) NOT NULL DEFAULT 3,
  `snmp_event_warning_severity` tinyint(1) NOT NULL DEFAULT 2,
  `host_id` int(10) DEFAULT NULL,
  `syslog_priority` int(2) NOT NULL DEFAULT 3,
  `syslog_facility` int(2) DEFAULT NULL,
  `syslog_enabled` char(3) NOT NULL DEFAULT '',
  `data_type` int(10) NOT NULL DEFAULT 0,
  `show_units` char(3) NOT NULL DEFAULT '',
  `units_suffix` varchar(10) NOT NULL DEFAULT '',
  `decimals` int(10) NOT NULL DEFAULT -1,
  `cdef` int(10) NOT NULL DEFAULT 0,
  `percent_ds` varchar(64) NOT NULL DEFAULT '',
  `expression` varchar(512) NOT NULL DEFAULT '',
  `upper_ds` varchar(64) NOT NULL DEFAULT '',
  `thold_template_id` int(10) NOT NULL DEFAULT 0,
  `template_enabled` char(3) NOT NULL DEFAULT '',
  `tcheck` int(1) NOT NULL DEFAULT 0,
  `exempt` char(3) NOT NULL DEFAULT '',
  `acknowledgment` char(3) NOT NULL DEFAULT '',
  `thold_hrule_alert` int(10) unsigned DEFAULT NULL,
  `thold_hrule_warning` int(10) unsigned DEFAULT NULL,
  `skipscale` char(3) DEFAULT '',
  `restored_alert` char(3) NOT NULL DEFAULT '',
  `reset_ack` char(3) NOT NULL DEFAULT '',
  `persist_ack` char(3) NOT NULL DEFAULT '',
  `email_subject` varchar(128) NOT NULL DEFAULT '',
  `email_subject_warn` varchar(128) NOT NULL DEFAULT '',
  `email_subject_restoral` varchar(128) NOT NULL DEFAULT '',
  `email_body` varchar(1024) DEFAULT '',
  `email_body_warn` varchar(1024) NOT NULL DEFAULT '',
  `email_body_restoral` varchar(1024) NOT NULL DEFAULT '',
  `trigger_cmd_high` varchar(512) NOT NULL DEFAULT '',
  `trigger_cmd_low` varchar(512) NOT NULL DEFAULT '',
  `trigger_cmd_norm` varchar(512) NOT NULL DEFAULT '',
  `gridadmin_action_level` char(10) NOT NULL DEFAULT '',
  `host_action_high` char(10) NOT NULL DEFAULT '',
  `host_action_low` char(10) NOT NULL DEFAULT '',
  `job_action_high` char(10) NOT NULL DEFAULT '',
  `job_target_high` varchar(100) NOT NULL DEFAULT '',
  `job_signal_high` char(10) NOT NULL DEFAULT '',
  `job_action_low` char(10) NOT NULL DEFAULT '',
  `job_target_low` varchar(100) NOT NULL DEFAULT '',
  `job_signal_low` varchar(100) NOT NULL DEFAULT '',
  `notes` varchar(1024) DEFAULT '',
  `host_action_high_lockid` varchar(128) NOT NULL DEFAULT '',
  `host_action_low_lockid` varchar(128) NOT NULL DEFAULT '',
  `format_file` varchar(255) NOT NULL DEFAULT '',
  `graph_timespan` int(10) unsigned NOT NULL DEFAULT 7,
  PRIMARY KEY (`id`),
  KEY `host_id` (`host_id`),
  KEY `local_data_id` (`local_data_id`),
  KEY `data_template_rrd_id` (`data_template_rrd_id`),
  KEY `thold_template_id` (`thold_template_id`),
  KEY `thold_enabled` (`thold_enabled`),
  KEY `template_enabled` (`template_enabled`),
  KEY `tcheck` (`tcheck`),
  KEY `local_graph_id` (`local_graph_id`),
  KEY `graph_template_id` (`graph_template_id`),
  KEY `data_template_id` (`data_template_id`)
) ENGINE=InnoDB DEFAULT CHARSET=latin1 COMMENT='Table of Thresholds defaults for graphs';
/*!40101 SET character_set_client = @saved_cs_client */;

--
-- Table structure for table `thold_template`
--

DROP TABLE IF EXISTS `thold_template`;
/*!40101 SET @saved_cs_client     = @@character_set_client */;
/*!40101 SET character_set_client = utf8 */;
CREATE TABLE `thold_template` (
  `id` int(10) NOT NULL AUTO_INCREMENT,
  `hash` varchar(32) NOT NULL DEFAULT '',
  `name` varchar(100) NOT NULL DEFAULT '',
  `suggested_name` varchar(255) NOT NULL DEFAULT '',
  `data_template_id` int(10) DEFAULT 0,
  `data_template_hash` varchar(32) NOT NULL DEFAULT '',
  `data_template_name` varchar(100) NOT NULL DEFAULT '',
  `data_source_id` int(10) NOT NULL DEFAULT 0,
  `data_source_name` varchar(100) NOT NULL DEFAULT '',
  `data_source_friendly` varchar(100) NOT NULL DEFAULT '',
  `thold_hi` varchar(100) DEFAULT '',
  `thold_low` varchar(100) DEFAULT '',
  `thold_fail_trigger` int(10) unsigned DEFAULT NULL,
  `time_hi` varchar(100) DEFAULT '',
  `time_low` varchar(100) DEFAULT '',
  `time_fail_trigger` int(10) NOT NULL DEFAULT 1,
  `time_fail_length` int(10) NOT NULL DEFAULT 1,
  `thold_warning_hi` varchar(100) DEFAULT '',
  `thold_warning_low` varchar(100) DEFAULT '',
  `thold_warning_fail_trigger` int(10) unsigned DEFAULT NULL,
  `thold_warning_fail_count` int(10) NOT NULL DEFAULT 0,
  `time_warning_hi` varchar(100) DEFAULT '',
  `time_warning_low` varchar(100) DEFAULT '',
  `time_warning_fail_trigger` int(10) NOT NULL DEFAULT 1,
  `time_warning_fail_length` int(10) NOT NULL DEFAULT 1,
  `thold_enabled` enum('on','off') NOT NULL DEFAULT 'on',
  `thold_type` int(3) NOT NULL DEFAULT 0,
  `bl_ref_time_range` int(10) unsigned DEFAULT NULL,
  `bl_type` int(3) NOT NULL DEFAULT 0,
  `bl_pct_down` varchar(100) DEFAULT '',
  `bl_pct_up` varchar(100) DEFAULT '',
  `bl_fail_trigger` int(10) unsigned DEFAULT NULL,
  `bl_fail_count` int(10) unsigned DEFAULT NULL,
  `bl_alert` int(2) NOT NULL DEFAULT 0,
  `bl_cf` varchar(4) NOT NULL DEFAULT 'AVG',
  `repeat_alert` int(10) DEFAULT NULL,
  `notify_extra` varchar(512) DEFAULT '',
  `notify_warning_extra` varchar(512) DEFAULT '',
  `notify_templated` char(3) NOT NULL DEFAULT 'on',
  `notify_warning` int(10) unsigned DEFAULT NULL,
  `notify_alert` int(10) unsigned DEFAULT NULL,
  `snmp_event_category` varchar(255) DEFAULT '',
  `snmp_event_description` varchar(1000) DEFAULT '',
  `snmp_event_severity` tinyint(1) NOT NULL DEFAULT 3,
  `snmp_event_warning_severity` tinyint(1) NOT NULL DEFAULT 2,
  `data_type` int(10) NOT NULL DEFAULT 0,
  `show_units` char(3) NOT NULL DEFAULT '',
  `units_suffix` varchar(10) NOT NULL DEFAULT '',
  `decimals` int(10) NOT NULL DEFAULT -1,
  `cdef` int(10) NOT NULL DEFAULT 0,
  `percent_ds` varchar(64) NOT NULL DEFAULT '',
  `expression` varchar(512) NOT NULL DEFAULT '',
  `upper_ds` varchar(64) NOT NULL DEFAULT '',
  `exempt` char(3) NOT NULL DEFAULT '',
  `thold_hrule_alert` int(10) unsigned DEFAULT NULL,
  `thold_hrule_warning` int(10) unsigned DEFAULT NULL,
  `skipscale` char(3) DEFAULT '',
  `restored_alert` char(3) NOT NULL DEFAULT '',
  `reset_ack` char(3) NOT NULL DEFAULT '',
  `persist_ack` char(3) NOT NULL DEFAULT '',
  `email_subject` varchar(128) NOT NULL DEFAULT '',
  `email_subject_warn` varchar(128) NOT NULL DEFAULT '',
  `email_subject_restoral` varchar(128) NOT NULL DEFAULT '',
  `email_body` varchar(1024) DEFAULT '',
  `email_body_warn` varchar(1024) NOT NULL DEFAULT '',
  `email_body_restoral` varchar(1024) NOT NULL DEFAULT '',
  `trigger_cmd_high` varchar(512) NOT NULL DEFAULT '',
  `trigger_cmd_low` varchar(512) NOT NULL DEFAULT '',
  `trigger_cmd_norm` varchar(512) NOT NULL DEFAULT '',
  `gridadmin_action_level` char(10) NOT NULL DEFAULT '',
  `host_action_high` char(10) NOT NULL DEFAULT '',
  `host_action_low` char(10) NOT NULL DEFAULT '',
  `job_action_high` char(10) NOT NULL DEFAULT '',
  `job_target_high` varchar(100) NOT NULL DEFAULT '',
  `job_signal_high` char(10) NOT NULL DEFAULT '',
  `job_action_low` char(10) NOT NULL DEFAULT '',
  `job_target_low` varchar(100) NOT NULL DEFAULT '',
  `job_signal_low` varchar(100) NOT NULL DEFAULT '',
  `syslog_priority` int(2) DEFAULT NULL,
  `syslog_facility` int(2) DEFAULT NULL,
  `syslog_enabled` char(3) NOT NULL DEFAULT '',
  `notes` varchar(1024) DEFAULT '',
  `format_file` varchar(255) NOT NULL DEFAULT '',
  `graph_timespan` int(10) unsigned NOT NULL DEFAULT 7,
  PRIMARY KEY (`id`),
  KEY `id` (`id`),
  KEY `data_source_id` (`data_source_id`),
  KEY `data_template_id` (`data_template_id`)
) ENGINE=InnoDB COMMENT='Table of Thresholds defaults for graphs';
/*!40101 SET character_set_client = @saved_cs_client */;

--
-- Dumping data for table `thold_template`
--

LOCK TABLES `thold_template` WRITE;
/*!40000 ALTER TABLE `thold_template` DISABLE KEYS */;
INSERT INTO `thold_template` VALUES (1,'338f94769de76b9fb5fa302d6b8a102c','Alert - Host With /tmp Exceed % Capacity [host_tmp_pct]','|data_source_description|',202,'67b772b2d1defae33f8692baa62a6f19','Alert - Host With /tmp Exceed % Capacity',480,'host_tmp_pct','Number of host exceeds /tmp percentage used','10','',1,'','',1,1,'','',0,0,'','',1,1,'on',0,10800,0,'','',3,0,0,'AVG',15,'','','on',0,0,'',NULL,3,2,0,'','',-1,0,'host_tmp_pct','','','off',0,0,'','off','off','off','','','','<html><body><strong>Alert name: </strong><THRESHOLDNAME><br><strong>Details: </strong><DETAILS_URL><br><br><SUBJECT><br><br><GRAPH></body></html>','','','','','','','','','','','','','','',0,0,'','','',7),(2,'c2e9209f9603d4f67357679537be3a56','Alert - Host With /var/tmp Exceed % Capacity [host_vartmp_pct]','|data_source_description|',203,'e49fd2725f7dfbe45b735909b52e1d92','Alert - Host With /var/tmp Exceed % Capacity',481,'host_vartmp_pct','Number of Hosts exceed /var/tmp percentage usage','10','',1,'','',1,1,'','',0,0,'','',1,1,'on',0,10800,0,'','',3,0,0,'AVG',15,'','','on',0,0,'',NULL,3,2,0,'','',-1,0,'host_vartmp_pct','','','off',0,0,'','off','off','off','','','','<html><body><strong>Alert name: </strong><THRESHOLDNAME><br><strong>Details: </strong><DETAILS_URL><br><br><SUBJECT><br><br><GRAPH></body></html>','','','','','','','','','','','','','','',0,0,'','','',7),(3,'6b99da14ad956f63d57012a3975a62c0','Alert - Hostgroup With Low Number of Free Slots [queue_free_slots]','|data_source_description|',205,'e58d2e27dad0c478728ca9e169116ad6','Alert - Hostgroup With Low Number of Free Slots',483,'queue_free_slots','return 1 when free slots less than limit, 0 when equals or more than limit','5','',1,'','',1,1,'','',0,0,'','',1,1,'on',0,10800,0,'','',3,0,0,'AVG',15,'','','on',0,0,'',NULL,3,2,0,'','',-1,0,'queue_free_slots','','','off',0,0,'','off','off','off','','','','<html><body><strong>Alert name: </strong><THRESHOLDNAME><br><strong>Details: </strong><DETAILS_URL><br><br><SUBJECT><br><br><GRAPH></body></html>','','','','','','','','','','','','','','',0,0,'','','',7),(4,'386eb4ae09d9d032414831d454c76881','Alert - Hosts With Effective r15m > X [host_eff_r15m]','|data_source_description|',206,'cc1d6b0b5f819e3bb0b1b376ecb66eec','Alert - Hosts With Effective r15m > X',484,'host_eff_r15m','Number of Hosts exceed maximum run queue length indicator','10','',1,'','',1,1,'','',0,0,'','',1,1,'on',0,10800,0,'','',3,0,0,'AVG',15,'','','on',0,0,'',NULL,3,2,0,'','',-1,0,'host_eff_r15m','','','off',0,0,'','off','off','off','','','','<html><body><strong>Alert name: </strong><THRESHOLDNAME><br><strong>Details: </strong><DETAILS_URL><br><br><SUBJECT><br><br><GRAPH></body></html>','','','','','','','','','','','','','','',0,0,'','','',7),(5,'2ba496201c0dd336b6d03479bb3486c5','Alert - Hosts With Used Mem > % [host_mem_pct]','|data_source_description|',207,'a7f8d97d39528145a583b6a6bce5e74c','Alert - Hosts With Used Mem > %',485,'host_mem_pct','Number of Hosts exceed mem usage','10','',1,'','',1,1,'','',0,0,'','',1,1,'on',0,10800,0,'','',3,0,0,'AVG',15,'','','on',0,0,'',NULL,3,2,0,'','',-1,0,'host_mem_pct','','','off',0,0,'','off','off','off','','','','<html><body><strong>Alert name: </strong><THRESHOLDNAME><br><strong>Details: </strong><DETAILS_URL><br><br><SUBJECT><br><br><GRAPH></body></html>','','','','','','','','','','','','','','',0,0,'','','',7),(6,'001d9ea7d464f66bc2f9a63db3f40bc4','Alert - Hosts With Used Swp > % [host_swp_pct]','|data_source_description|',208,'c0b234c49ce038e15746a94cc773f4f2','Alert - Hosts With Used Swp > %',486,'host_swp_pct','Number of hosts exceed swp usage','10','',1,'','',1,1,'','',0,0,'','',1,1,'on',0,10800,0,'','',3,0,0,'AVG',15,'','','on',0,0,'',NULL,3,2,0,'','',-1,0,'host_swp_pct','','','off',0,0,'','off','off','off','','','','<html><body><strong>Alert name: </strong><THRESHOLDNAME><br><strong>Details: </strong><DETAILS_URL><br><br><SUBJECT><br><br><GRAPH></body></html>','','','','','','','','','','','','','','',0,0,'','','',7),(7,'4538f2866ab4a3070e1af7e9f44e31d9','Alert - Hosts With X Status [host_status]','|data_source_description|',204,'00e0a29c573070c49315c8380e076a54','Alert - Hosts With X Status',482,'host_status','Number of Unavailable Hosts','10','',1,'','',1,1,'','',0,0,'','',1,1,'on',0,10800,0,'','',3,0,0,'AVG',15,'','','on',0,0,'',NULL,3,2,0,'','',-1,0,'host_status','','','off',0,0,'','off','off','off','','','','<html><body><strong>Alert name: </strong><THRESHOLDNAME><br><strong>Details: </strong><DETAILS_URL><br><br><SUBJECT><br><br><GRAPH></body></html>','','','','','','','','','','','','','','',0,0,'','','',7),(8,'f27fa0af6fd98d3c192bd7d1a8916a8d','Alert - Idle Jobs [host_idle_jobs]','|data_source_description|',209,'34da44a9980034334421e03610626d0a','Alert - Idle Jobs',487,'host_idle_jobs','Number of jobs below minimum efficiency','10','',1,'','',1,1,'','',0,0,'','',1,1,'on',0,10800,0,'','',3,0,0,'AVG',15,'','','on',0,0,'',NULL,3,2,0,'','',-1,0,'host_idle_jobs','','','off',0,0,'','off','off','off','','','','<html><body><strong>Alert name: </strong><THRESHOLDNAME><br><strong>Details: </strong><DETAILS_URL><br><br><SUBJECT><br><br><GRAPH></body></html>','','','','','','','','','','','','','','',0,0,'','','',7),(9,'f2a9e9c44ae7e1d43a104a01931a1c82','Alert - Jobs Pending for X seconds [pend_jobs]','|data_source_description|',210,'7cfb2f60b2f9616a34cf62e396c97566','Alert - Jobs Pending for X seconds',488,'pend_jobs','Number of pending jobs exceed maximum time','10','',1,'','',1,1,'','',0,0,'','',1,1,'on',0,10800,0,'','',3,0,0,'AVG',15,'','','on',0,0,'',NULL,3,2,0,'','',-1,0,'pend_jobs','','','off',0,0,'','off','off','off','','','','<html><body><strong>Alert name: </strong><THRESHOLDNAME><br><strong>Details: </strong><DETAILS_URL><br><br><SUBJECT><br><br><GRAPH></body></html>','','','','','','','','','','','','','','',0,0,'','','',7);
/*!40000 ALTER TABLE `thold_template` ENABLE KEYS */;
UNLOCK TABLES;

--
-- Table structure for table `user_auth`
--

DROP TABLE IF EXISTS `user_auth`;
/*!40101 SET @saved_cs_client     = @@character_set_client */;
/*!40101 SET character_set_client = utf8 */;
CREATE TABLE `user_auth` (
  `id` mediumint(8) unsigned NOT NULL AUTO_INCREMENT,
  `username` varchar(50) NOT NULL DEFAULT '0',
  `password` varchar(256) NOT NULL DEFAULT '',
  `realm` mediumint(8) NOT NULL DEFAULT 0,
  `full_name` varchar(100) DEFAULT '0',
  `email_address` varchar(128) DEFAULT NULL,
  `must_change_password` char(2) DEFAULT NULL,
  `password_change` char(2) DEFAULT 'on',
  `show_tree` char(2) DEFAULT 'on',
  `show_list` char(2) DEFAULT 'on',
  `show_preview` char(2) NOT NULL DEFAULT 'on',
  `graph_settings` char(2) DEFAULT NULL,
  `grid_settings` char(2) NOT NULL DEFAULT 'on',
  `login_opts` tinyint(3) unsigned NOT NULL DEFAULT 1,
  `policy_graphs` tinyint(1) unsigned NOT NULL DEFAULT 1,
  `policy_trees` tinyint(1) unsigned NOT NULL DEFAULT 1,
  `policy_hosts` tinyint(1) unsigned NOT NULL DEFAULT 1,
  `policy_graph_templates` tinyint(1) unsigned NOT NULL DEFAULT 1,
  `enabled` char(2) NOT NULL DEFAULT 'on',
  `lastchange` int(10) NOT NULL DEFAULT -1,
  `lastlogin` int(10) NOT NULL DEFAULT -1,
  `password_history` varchar(4096) NOT NULL DEFAULT '-1',
  `locked` varchar(3) NOT NULL DEFAULT '',
  `failed_attempts` int(5) NOT NULL DEFAULT 0,
  `lastfail` int(10) unsigned NOT NULL DEFAULT 0,
  `reset_perms` int(10) unsigned NOT NULL DEFAULT 0,
  PRIMARY KEY (`id`),
  KEY `username` (`username`),
  KEY `realm` (`realm`),
  KEY `enabled` (`enabled`)
) ENGINE=InnoDB;
/*!40101 SET character_set_client = @saved_cs_client */;

--
-- Dumping data for table `user_auth`
--

LOCK TABLES `user_auth` WRITE;
/*!40000 ALTER TABLE `user_auth` DISABLE KEYS */;
INSERT INTO `user_auth` VALUES (1,'admin','21232f297a57a5a743894a0e4a801fc3',0,'Administrator','','on','on','on','on','on','on','on',1,1,1,1,1,'on',-1,-1,'-1','',0,0,0),(3,'guest','43e9a4ab75570f5b',0,'Guest Account','','on','on','on','on','on','3','on',1,1,1,1,1,'',-1,-1,'-1','',0,0,0);
/*!40000 ALTER TABLE `user_auth` ENABLE KEYS */;
UNLOCK TABLES;

--
-- Table structure for table `user_auth_cache`
--

DROP TABLE IF EXISTS `user_auth_cache`;
/*!40101 SET @saved_cs_client     = @@character_set_client */;
/*!40101 SET character_set_client = utf8 */;
CREATE TABLE `user_auth_cache` (
  `id` int(10) unsigned NOT NULL AUTO_INCREMENT,
  `user_id` int(10) unsigned NOT NULL DEFAULT 0,
  `hostname` varchar(100) NOT NULL DEFAULT '',
  `last_update` timestamp NOT NULL DEFAULT current_timestamp(),
  `token` varchar(191) NOT NULL DEFAULT '',
  PRIMARY KEY (`id`),
  UNIQUE KEY `tokenkey` (`token`),
  KEY `hostname` (`hostname`),
  KEY `user_id` (`user_id`),
  KEY `last_update` (`last_update`)
) ENGINE=InnoDB COMMENT='Caches Remember Me Details';
/*!40101 SET character_set_client = @saved_cs_client */;

--
-- Table structure for table `user_auth_group`
--

DROP TABLE IF EXISTS `user_auth_group`;
/*!40101 SET @saved_cs_client     = @@character_set_client */;
/*!40101 SET character_set_client = utf8 */;
CREATE TABLE `user_auth_group` (
  `id` int(10) unsigned NOT NULL AUTO_INCREMENT,
  `name` varchar(20) NOT NULL,
  `description` varchar(255) NOT NULL DEFAULT '',
  `graph_settings` varchar(2) DEFAULT NULL,
  `login_opts` tinyint(3) unsigned NOT NULL DEFAULT 1,
  `show_tree` varchar(2) DEFAULT 'on',
  `show_list` varchar(2) DEFAULT 'on',
  `show_preview` varchar(2) NOT NULL DEFAULT 'on',
  `policy_graphs` tinyint(1) unsigned NOT NULL DEFAULT 1,
  `policy_trees` tinyint(1) unsigned NOT NULL DEFAULT 1,
  `policy_hosts` tinyint(1) unsigned NOT NULL DEFAULT 1,
  `policy_graph_templates` tinyint(1) unsigned NOT NULL DEFAULT 1,
  `enabled` char(2) NOT NULL DEFAULT 'on',
  PRIMARY KEY (`id`)
) ENGINE=InnoDB COMMENT='Table that Contains User Groups';
/*!40101 SET character_set_client = @saved_cs_client */;

--
-- Table structure for table `user_auth_group_members`
--

DROP TABLE IF EXISTS `user_auth_group_members`;
/*!40101 SET @saved_cs_client     = @@character_set_client */;
/*!40101 SET character_set_client = utf8 */;
CREATE TABLE `user_auth_group_members` (
  `group_id` int(10) unsigned NOT NULL,
  `user_id` int(10) unsigned NOT NULL,
  PRIMARY KEY (`group_id`,`user_id`),
  KEY `realm_id` (`user_id`)
) ENGINE=InnoDB COMMENT='Table that Contains User Group Members';
/*!40101 SET character_set_client = @saved_cs_client */;

--
-- Table structure for table `user_auth_group_perms`
--

DROP TABLE IF EXISTS `user_auth_group_perms`;
/*!40101 SET @saved_cs_client     = @@character_set_client */;
/*!40101 SET character_set_client = utf8 */;
CREATE TABLE `user_auth_group_perms` (
  `group_id` mediumint(8) unsigned NOT NULL DEFAULT 0,
  `item_id` mediumint(8) unsigned NOT NULL DEFAULT 0,
  `type` tinyint(2) unsigned NOT NULL DEFAULT 0,
  PRIMARY KEY (`group_id`,`item_id`,`type`),
  KEY `group_id` (`group_id`,`type`)
) ENGINE=InnoDB COMMENT='Table that Contains User Group Permissions';
/*!40101 SET character_set_client = @saved_cs_client */;

--
-- Table structure for table `user_auth_group_realm`
--

DROP TABLE IF EXISTS `user_auth_group_realm`;
/*!40101 SET @saved_cs_client     = @@character_set_client */;
/*!40101 SET character_set_client = utf8 */;
CREATE TABLE `user_auth_group_realm` (
  `group_id` int(10) unsigned NOT NULL,
  `realm_id` int(10) unsigned NOT NULL,
  PRIMARY KEY (`group_id`,`realm_id`),
  KEY `realm_id` (`realm_id`)
) ENGINE=InnoDB COMMENT='Table that Contains User Group Realm Permissions';
/*!40101 SET character_set_client = @saved_cs_client */;

--
-- Table structure for table `user_auth_perms`
--

DROP TABLE IF EXISTS `user_auth_perms`;
/*!40101 SET @saved_cs_client     = @@character_set_client */;
/*!40101 SET character_set_client = utf8 */;
CREATE TABLE `user_auth_perms` (
  `user_id` mediumint(8) unsigned NOT NULL DEFAULT 0,
  `item_id` mediumint(8) unsigned NOT NULL DEFAULT 0,
  `type` tinyint(2) unsigned NOT NULL DEFAULT 0,
  PRIMARY KEY (`user_id`,`item_id`,`type`),
  KEY `user_id` (`user_id`,`type`)
) ENGINE=InnoDB;
/*!40101 SET character_set_client = @saved_cs_client */;

--
-- Table structure for table `user_auth_realm`
--

DROP TABLE IF EXISTS `user_auth_realm`;
/*!40101 SET @saved_cs_client     = @@character_set_client */;
/*!40101 SET character_set_client = utf8 */;
CREATE TABLE `user_auth_realm` (
  `realm_id` mediumint(8) unsigned NOT NULL DEFAULT 0,
  `user_id` mediumint(8) unsigned NOT NULL DEFAULT 0,
  PRIMARY KEY (`realm_id`,`user_id`),
  KEY `user_id` (`user_id`)
) ENGINE=InnoDB;
/*!40101 SET character_set_client = @saved_cs_client */;

--
-- Dumping data for table `user_auth_realm`
--

LOCK TABLES `user_auth_realm` WRITE;
/*!40000 ALTER TABLE `user_auth_realm` DISABLE KEYS */;
INSERT INTO `user_auth_realm` VALUES (1,1),(2,1),(3,1),(4,1),(5,1),(7,1),(7,3),(8,1),(9,1),(10,1),(11,1),(12,1),(13,1),(14,1),(15,1),(16,1),(17,1),(18,1),(19,1),(20,1),(21,1),(22,1),(23,1),(24,1),(25,1),(25,3),(26,1),(27,1),(28,1),(29,1),(30,1),(33,1),(34,1),(35,1),(36,1),(36,3),(39,1),(40,1),(41,1),(101,1),(102,1),(103,1),(104,1),(105,1),(106,1),(107,1),(108,1),(109,1),(110,1),(111,1),(112,1),(113,1),(114,1),(115,1),(116,1),(117,1),(119,1),(120,1),(121,1),(123,1),(124,1),(127,1),(128,1),(129,1),(130,1),(131,1),(132,1),(133,1),(134,1),(135,1),(136,1),(137,1),(138,1),(908,1),(1012,1),(1043,1),(1046,1),(8900,1),(8901,1);
/*!40000 ALTER TABLE `user_auth_realm` ENABLE KEYS */;
UNLOCK TABLES;

--
-- Table structure for table `user_auth_row_cache`
--

DROP TABLE IF EXISTS `user_auth_row_cache`;
/*!40101 SET @saved_cs_client     = @@character_set_client */;
/*!40101 SET character_set_client = utf8 */;
CREATE TABLE `user_auth_row_cache` (
  `user_id` mediumint(8) NOT NULL DEFAULT 0,
  `class` varchar(20) NOT NULL DEFAULT '',
  `hash` varchar(32) NOT NULL DEFAULT '0',
  `total_rows` int(10) unsigned NOT NULL DEFAULT 0,
  `time` timestamp NOT NULL DEFAULT current_timestamp(),
  PRIMARY KEY (`user_id`,`class`,`hash`)
) ENGINE=InnoDB ROW_FORMAT=DYNAMIC;
/*!40101 SET character_set_client = @saved_cs_client */;

--
-- Table structure for table `user_domains`
--

DROP TABLE IF EXISTS `user_domains`;
/*!40101 SET @saved_cs_client     = @@character_set_client */;
/*!40101 SET character_set_client = utf8 */;
CREATE TABLE `user_domains` (
  `domain_id` int(10) unsigned NOT NULL AUTO_INCREMENT,
  `domain_name` varchar(20) NOT NULL,
  `type` int(10) unsigned NOT NULL DEFAULT 0,
  `enabled` char(2) NOT NULL DEFAULT 'on',
  `defdomain` tinyint(3) unsigned NOT NULL DEFAULT 0,
  `user_id` int(10) unsigned NOT NULL DEFAULT 0,
  PRIMARY KEY (`domain_id`)
) ENGINE=InnoDB COMMENT='Table to Hold Login Domains';
/*!40101 SET character_set_client = @saved_cs_client */;

--
-- Table structure for table `user_domains_ldap`
--

DROP TABLE IF EXISTS `user_domains_ldap`;
/*!40101 SET @saved_cs_client     = @@character_set_client */;
/*!40101 SET character_set_client = utf8 */;
CREATE TABLE `user_domains_ldap` (
  `domain_id` int(10) unsigned NOT NULL,
  `server` varchar(128) NOT NULL,
  `port` int(10) unsigned NOT NULL,
  `port_ssl` int(10) unsigned NOT NULL,
  `proto_version` tinyint(3) unsigned NOT NULL,
  `encryption` tinyint(3) unsigned NOT NULL,
  `referrals` tinyint(3) unsigned NOT NULL,
  `mode` tinyint(3) unsigned NOT NULL,
  `dn` varchar(128) NOT NULL,
  `group_require` char(2) NOT NULL,
  `group_dn` varchar(128) NOT NULL,
  `group_attrib` varchar(128) NOT NULL,
  `group_member_type` tinyint(3) unsigned NOT NULL,
  `search_base` varchar(128) NOT NULL,
  `search_filter` varchar(512) NOT NULL DEFAULT '',
  `specific_dn` varchar(128) NOT NULL,
  `specific_password` varchar(128) NOT NULL,
  `cn_full_name` varchar(50) DEFAULT '',
  `cn_email` varchar(50) DEFAULT '',
  PRIMARY KEY (`domain_id`)
) ENGINE=InnoDB COMMENT='Table to Hold Login Domains for LDAP';
/*!40101 SET character_set_client = @saved_cs_client */;

--
-- Table structure for table `user_log`
--

DROP TABLE IF EXISTS `user_log`;
/*!40101 SET @saved_cs_client     = @@character_set_client */;
/*!40101 SET character_set_client = utf8 */;
CREATE TABLE `user_log` (
  `username` varchar(50) NOT NULL DEFAULT '0',
  `user_id` mediumint(8) NOT NULL DEFAULT 0,
  `time` timestamp NOT NULL DEFAULT '0000-00-00 00:00:00',
  `result` tinyint(3) unsigned NOT NULL DEFAULT 0,
  `ip` varchar(40) NOT NULL DEFAULT '',
  PRIMARY KEY (`username`,`user_id`,`time`),
  KEY `user_id` (`user_id`)
) ENGINE=InnoDB;
/*!40101 SET character_set_client = @saved_cs_client */;

--
-- Table structure for table `vdef`
--

DROP TABLE IF EXISTS `vdef`;
/*!40101 SET @saved_cs_client     = @@character_set_client */;
/*!40101 SET character_set_client = utf8 */;
CREATE TABLE `vdef` (
  `id` mediumint(8) unsigned NOT NULL AUTO_INCREMENT,
  `hash` varchar(32) NOT NULL DEFAULT '',
  `name` varchar(255) NOT NULL DEFAULT '',
  PRIMARY KEY (`id`),
  KEY `hash` (`hash`),
  KEY `name` (`name`(171))
) ENGINE=InnoDB COMMENT='vdef';
/*!40101 SET character_set_client = @saved_cs_client */;

--
-- Dumping data for table `vdef`
--

LOCK TABLES `vdef` WRITE;
/*!40000 ALTER TABLE `vdef` DISABLE KEYS */;
INSERT INTO `vdef` VALUES (1,'e06ed529238448773038601afb3cf278','Maximum'),(2,'e4872dda82092393d6459c831a50dc3b','Minimum'),(3,'5ce1061a46bb62f36840c80412d2e629','Average'),(4,'06bd3cbe802da6a0745ea5ba93af554a','Last (Current)'),(5,'631c1b9086f3979d6dcf5c7a6946f104','First'),(6,'6b5335843630b66f858ce6b7c61fc493','Total: Current Data Source'),(7,'c80d12b0f030af3574da68b28826cd39','95th Percentage: Current Data Source');
/*!40000 ALTER TABLE `vdef` ENABLE KEYS */;
UNLOCK TABLES;

--
-- Table structure for table `vdef_items`
--

DROP TABLE IF EXISTS `vdef_items`;
/*!40101 SET @saved_cs_client     = @@character_set_client */;
/*!40101 SET character_set_client = utf8 */;
CREATE TABLE `vdef_items` (
  `id` mediumint(8) unsigned NOT NULL AUTO_INCREMENT,
  `hash` varchar(32) NOT NULL DEFAULT '',
  `vdef_id` mediumint(8) unsigned NOT NULL DEFAULT 0,
  `sequence` mediumint(8) unsigned NOT NULL DEFAULT 0,
  `type` tinyint(3) unsigned NOT NULL DEFAULT 0,
  `value` varchar(150) NOT NULL DEFAULT '',
  PRIMARY KEY (`id`),
  KEY `vdef_id_sequence` (`vdef_id`,`sequence`)
) ENGINE=InnoDB COMMENT='vdef items';
/*!40101 SET character_set_client = @saved_cs_client */;

--
-- Dumping data for table `vdef_items`
--

LOCK TABLES `vdef_items` WRITE;
/*!40000 ALTER TABLE `vdef_items` DISABLE KEYS */;
INSERT INTO `vdef_items` VALUES (1,'88d33bf9271ac2bdf490cf1784a342c1',1,1,4,'CURRENT_DATA_SOURCE'),(2,'a307afab0c9b1779580039e3f7c4f6e5',1,2,1,'1'),(3,'0945a96068bb57c80bfbd726cf1afa02',2,1,4,'CURRENT_DATA_SOURCE'),(4,'95a8df2eac60a89e8a8ca3ea3d019c44',2,2,1,'2'),(5,'cc2e1c47ec0b4f02eb13708cf6dac585',3,1,4,'CURRENT_DATA_SOURCE'),(6,'a2fd796335b87d9ba54af6a855689507',3,2,1,'3'),(7,'a1d7974ee6018083a2053e0d0f7cb901',4,1,4,'CURRENT_DATA_SOURCE'),(8,'26fccba1c215439616bc1b83637ae7f3',4,2,1,'5'),(9,'a8993b265f4c5398f4a47c44b5b37a07',5,1,4,'CURRENT_DATA_SOURCE'),(10,'5a380d469d611719057c3695ce1e4eee',5,2,1,'6'),(11,'65cfe546b17175fad41fcca98c057feb',6,1,4,'CURRENT_DATA_SOURCE'),(12,'f330b5633c3517d7c62762cef091cc9e',6,2,1,'7'),(13,'f1bf2ecf54ca0565cf39c9c3f7e5394b',7,1,4,'CURRENT_DATA_SOURCE'),(14,'11a26f18feba3919be3af426670cba95',7,2,6,'95'),(15,'e7ae90275bc1efada07c19ca3472d9db',7,3,1,'8');
/*!40000 ALTER TABLE `vdef_items` ENABLE KEYS */;
UNLOCK TABLES;

--
-- Table structure for table `version`
--

DROP TABLE IF EXISTS `version`;
/*!40101 SET @saved_cs_client     = @@character_set_client */;
/*!40101 SET character_set_client = utf8 */;
CREATE TABLE `version` (
  `cacti` char(20) NOT NULL DEFAULT '',
  PRIMARY KEY (`cacti`)
) ENGINE=InnoDB;
/*!40101 SET character_set_client = @saved_cs_client */;

--
-- Dumping data for table `version`
--

LOCK TABLES `version` WRITE;
/*!40000 ALTER TABLE `version` DISABLE KEYS */;
INSERT INTO `version` VALUES ('1.2.27');
/*!40000 ALTER TABLE `version` ENABLE KEYS */;
UNLOCK TABLES;
/*!40103 SET TIME_ZONE=@OLD_TIME_ZONE */;

/*!40101 SET SQL_MODE=@OLD_SQL_MODE */;
/*!40014 SET FOREIGN_KEY_CHECKS=@OLD_FOREIGN_KEY_CHECKS */;
/*!40014 SET UNIQUE_CHECKS=@OLD_UNIQUE_CHECKS */;
/*!40101 SET CHARACTER_SET_CLIENT=@OLD_CHARACTER_SET_CLIENT */;
/*!40101 SET CHARACTER_SET_RESULTS=@OLD_CHARACTER_SET_RESULTS */;
/*!40101 SET COLLATION_CONNECTION=@OLD_COLLATION_CONNECTION */;
/*!40111 SET SQL_NOTES=@OLD_SQL_NOTES */;

-- Dump completed on 2024-01-14  23:59:59
